id,question_type,difficulty,semantic_question_evidence,semantic_question_answer,semantic_answer_evidence,answer_evidence_keyword_overlap,answer_evidence_jaccard,answer_evidence_token_overlap,answer_evidence_coverage,answer_unsupported_word_ratio,answer_evidence_length_ratio,answer_token_count,evidence_token_count,question_evidence_keyword_overlap,question_evidence_jaccard,question_evidence_token_overlap,question_evidence_source_coverage,question_evidence_target_coverage,entity_overlap,entity_missing,entity_extra,number_match,number_mismatch,number_extra,date_match,date_mismatch,date_extra,technical_term_overlap,technical_term_missing,technical_term_extra,technical_consistency_mismatch,evidence_entity_count,answer_entity_count,evidence_number_count,answer_number_count,question_evidence_entity_overlap,question_evidence_number_overlap,question_evidence_term_overlap
00b9bf2c-aa16-4012-b3d8-b6417c29c4dc,factual,easy,0.898912787437439,0.9342488646507263,0.9093983769416809,1.0,0.5384615384615384,0.5384615384615384,1.0,0.46153846153846156,2.5714285714285716,27.0,12.0,1.0,0.5,0.625,0.625,0.7142857142857143,0.0,0.0,1.0,0.0,0.0,0.0,0.0,0.0,0.0,0.0,0.0,0.0,0.0,0.0,1.0,0.0,0.0,0.0,0.0,0.0
01acfb86-a1d8-4d0e-aadb-51f84cb0151f,requirement,hard,0.6140164136886597,0.7544046640396118,0.8191491365432739,0.25,0.1956521739130435,0.34615384615384615,0.3103448275862069,0.6538461538461539,0.8823529411764706,46.0,45.0,0.6666666666666666,0.03125,0.25,0.25,0.034482758620689655,0.0,0.0,0.0,0.0,0.0,0.0,0.0,0.0,0.0,0.0,0.0,0.0,0.0,0.0,0.0,0.0,0.0,0.0,0.0,0.0
01dded55-2bd8-45ed-aa1b-c4e2a077c57d,procedure,easy,0.419359028339386,0.7571728229522705,0.34295913577079773,0.16666666666666666,0.011363636363636364,0.0125,0.1111111111111111,0.9875,9.9,143.0,19.0,1.0,0.08333333333333333,0.25,0.25,0.1111111111111111,0.0,0.0,1.0,0.0,0.0,1.0,0.0,0.0,1.0,0.0,0.0,1.0,0.0,0.0,2.0,0.0,7.0,0.0,0.0,0.0
03f3d49b-7882-4d58-9bb2-af2f04ddb3fa,identifier,easy,0.6539790034294128,0.8673210144042969,0.5822242498397827,0.0,0.029411764705882353,0.058823529411764705,0.05555555555555555,0.9411764705882353,1.0555555555555556,40.0,18.0,0.75,0.05,0.3333333333333333,0.3333333333333333,0.05555555555555555,0.0,1.0,0.0,0.0,1.0,0.0,0.0,0.0,0.0,0.09090909090909091,0.9090909090909091,0.5,1.9090909090909092,4.0,0.0,1.0,0.0,0.0,0.0,1.0
043e3eca-6aba-4d68-85da-3978678f8d6d,definition,easy,0.7260384559631348,0.7633700370788574,0.7829606533050537,0.3333333333333333,0.07142857142857142,0.08108108108108109,0.375,0.918918918918919,6.125,81.0,16.0,1.0,0.2727272727272727,0.5,0.5,0.375,0.0,0.0,0.0,0.0,0.0,0.0,0.0,0.0,0.0,0.0,0.0,0.0,0.0,0.0,0.0,0.0,0.0,0.0,0.0,0.0
0507d2a0-6abc-4f40-8030-47bc30911202,factual,easy,0.7181512713432312,0.5527534484863281,0.7855499982833862,0.4166666666666667,0.3684210526315789,0.3888888888888889,0.875,0.6111111111111112,2.875,43.0,12.0,1.0,0.25,0.42857142857142855,0.42857142857142855,0.375,0.0,0.0,1.0,0.0,0.0,0.0,0.0,0.0,0.0,0.0,0.0,1.0,0.0,0.0,1.0,0.0,0.0,0.0,0.0,0.0
053c0249-3125-4ea3-a8c1-49f0f045a31c,requirement,hard,0.13505390286445618,0.7018517851829529,0.05230332911014557,1.0,0.0,0.0,0.0,1.0,32.0,55.0,6.0,1.0,0.0,0.0,0.0,0.0,0.0,0.0,0.0,0.0,0.0,1.0,0.0,0.0,1.0,0.5,0.5,0.75,0.5,0.0,0.0,0.0,1.0,0.0,0.0,0.0
08a93682-8bd6-410f-8fa2-776d90cc6bed,requirement,medium,0.09259315580129623,0.8310812711715698,0.4554722011089325,0.5,0.32,0.3333333333333333,0.8888888888888888,0.6666666666666666,3.0,58.0,17.0,0.8333333333333334,0.0,0.0,0.0,0.0,0.0,0.0,1.0,0.0,0.0,1.0,0.0,0.0,0.0,0.0,0.0,1.0,0.0,0.0,1.0,0.0,3.0,0.0,0.0,0.0
0922f19d-7280-4b7b-9254-633493b30f4a,factual,easy,0.5346198081970215,0.827075183391571,0.574782133102417,0.16666666666666666,0.08571428571428572,0.12,0.23076923076923078,0.88,2.0,55.0,22.0,0.5,0.1875,0.5,0.5,0.23076923076923078,0.0,0.0,0.0,0.0,0.0,1.0,0.0,0.0,0.0,0.0,0.0,1.0,0.0,0.0,0.0,0.0,3.0,0.0,0.0,0.0
09817605-0ffd-462c-9318-f28fdce2186c,identifier,medium,0.4576124846935272,0.8756404519081116,0.642879843711853,0.5833333333333334,0.23076923076923078,0.3,0.5,0.7,1.6666666666666667,15.0,10.0,0.6666666666666666,0.09090909090909091,0.16666666666666666,0.16666666666666666,0.16666666666666666,1.0,0.0,0.0,1.0,0.0,0.5,0.0,0.0,0.0,1.0,0.0,0.5,0.0,1.0,1.0,2.0,4.0,0.0,0.3333333333333333,0.5
09a54073-bdfe-45fb-8c63-735b0de889b7,factual,easy,0.5541760325431824,0.7633364200592041,0.5118520855903625,0.0,0.06741573033707865,0.08450704225352113,0.25,0.9154929577464789,3.16,121.0,41.0,0.16666666666666666,0.13333333333333333,0.4,0.4,0.16666666666666666,0.0,0.0,1.0,0.0,0.0,1.0,0.0,0.0,0.0,0.0,0.0,1.0,0.0,0.0,1.0,0.0,5.0,0.0,0.0,0.0
0aff0e08-ad65-40f7-af38-81b58724f57f,identifier,easy,0.2399512678384781,0.7692179083824158,0.1941554993391037,0.6666666666666666,0.0,0.0,0.0,1.0,7.25,40.0,5.0,1.0,0.0,0.0,0.0,0.0,0.0,0.0,0.0,0.5,0.5,0.8888888888888888,0.0,0.0,0.0,0.0,0.0,1.0,0.5,0.0,0.0,2.0,9.0,0.0,0.0,0.0
0c3a4a2c-3af9-4b3f-b648-2a5f7cebc7b9,identifier,easy,0.8905283808708191,0.7847095727920532,0.7360755205154419,0.8333333333333334,0.023809523809523808,0.024390243902439025,0.5,0.975609756097561,23.5,78.0,2.0,1.0,0.16666666666666666,0.2,0.2,0.5,0.0,0.0,0.0,0.0,0.0,0.0,0.0,0.0,0.0,0.0,0.0,0.0,0.0,0.0,0.0,0.0,0.0,0.0,0.0,0.0
0c7d2191-28c0-4fbd-bc32-91575d5ede70,definition,hard,0.5808243155479431,0.6999615430831909,0.520409882068634,0.0,0.0,0.0,0.0,1.0,2.823529411764706,88.0,32.0,0.5833333333333334,0.0,0.0,0.0,0.0,1.0,0.0,0.0,0.0,0.0,1.0,0.0,0.0,1.0,1.0,0.0,0.75,0.0,1.0,1.0,0.0,1.0,1.0,0.0,1.0
0cf4d8fc-ce1e-4fd1-8d6d-6d5c7814f9a6,requirement,easy,0.6148167848587036,0.14446519315242767,0.22873617708683014,0.8333333333333334,0.0,0.0,0.0,1.0,0.25,9.0,21.0,0.75,0.13333333333333333,0.3333333333333333,0.3333333333333333,0.18181818181818182,0.0,0.0,0.0,0.0,0.0,0.0,0.0,0.0,0.0,0.0,0.0,0.0,0.0,0.0,0.0,0.0,0.0,0.0,0.0,0.0
0e968613-9dd1-412a-8b5d-2deb91a393a2,requirement,easy,0.6029072999954224,0.5785559415817261,0.912684440612793,0.5,0.6111111111111112,0.6111111111111112,1.0,0.3888888888888889,1.3125,39.0,27.0,1.0,0.5,0.8571428571428571,0.8571428571428571,0.5454545454545454,0.0,1.0,0.0,0.0,0.0,0.0,0.0,0.0,0.0,0.0,0.0,0.0,0.0,1.0,0.0,0.0,0.0,0.0,0.0,0.0
0fa856df-a616-433f-a2a6-30836acfff98,definition,medium,0.5398718118667603,0.830931544303894,0.5967475175857544,0.16666666666666666,0.2916666666666667,0.3111111111111111,0.8235294117647058,0.6888888888888889,3.2777777777777777,86.0,36.0,0.5,0.045454545454545456,0.16666666666666666,0.16666666666666666,0.058823529411764705,0.0,0.0,1.0,0.0,0.0,1.0,0.0,0.0,0.0,1.0,0.0,0.75,0.0,0.0,2.0,0.0,6.0,0.0,0.0,0.0
0fb472f9-1f8b-46d9-94b5-cb9aa24cb4ed,procedure,easy,0.665833592414856,0.7491361498832703,0.7497280240058899,0.25,0.2641509433962264,0.2641509433962264,1.0,0.7358490566037735,5.5,110.0,20.0,0.5,0.15789473684210525,0.375,0.375,0.21428571428571427,0.0,0.0,1.0,0.0,0.0,1.0,0.0,0.0,0.0,0.0,0.0,1.0,0.0,0.0,2.0,0.0,1.0,0.0,0.0,0.0
0fe7cfe6-cea7-42be-8296-a31bddf40e86,procedure,hard,0.19986557960510254,0.800979733467102,0.18477663397789001,0.0,0.015625,0.03571428571428571,0.02702702702702703,0.9642857142857143,0.5333333333333333,48.0,61.0,0.25,0.0,0.0,0.0,0.0,0.16666666666666666,0.8333333333333334,0.5,0.0,1.0,1.0,0.0,0.0,0.0,0.14285714285714285,0.8571428571428571,0.0,1.8571428571428572,6.0,2.0,2.0,3.0,0.0,0.0,1.0
11c427e7-f0d5-4135-a30b-8c2b1f0949b7,definition,easy,0.19671323895454407,0.6947615146636963,0.28941115736961365,0.25,0.05128205128205128,0.0625,0.2222222222222222,0.9375,3.888888888888889,68.0,13.0,0.9166666666666666,0.15384615384615385,0.3333333333333333,0.3333333333333333,0.2222222222222222,0.0,0.0,0.0,0.0,0.0,0.0,0.0,0.0,0.0,0.0,0.0,0.0,0.0,0.0,0.0,0.0,0.0,0.0,0.0,0.0
126d2848-7643-4f5f-83fb-41ec67fe3b9a,factual,easy,0.6633048057556152,0.314277708530426,0.16230086982250214,0.9166666666666666,0.0,0.0,0.0,1.0,0.25,9.0,13.0,1.0,0.3333333333333333,0.75,0.75,0.375,0.0,1.0,0.0,0.0,1.0,0.0,0.0,0.0,0.0,0.0,1.0,0.0,2.0,1.0,0.0,2.0,0.0,1.0,1.0,1.0
12d7973e-04dc-4d9c-8f47-04ba80289fc5,definition,medium,0.546777606010437,0.6590780019760132,0.924095094203949,0.5,0.5416666666666666,0.7647058823529411,0.65,0.23529411764705882,0.85,25.0,31.0,0.08333333333333333,0.14814814814814814,0.36363636363636365,0.36363636363636365,0.2,0.0,0.0,0.0,0.0,0.0,0.0,0.0,0.0,0.0,0.0,0.0,0.0,0.0,0.0,0.0,0.0,0.0,0.0,0.0,0.0
1327eadd-2c03-4cd4-a966-df3d47be5d22,definition,medium,0.6875962018966675,0.801127552986145,0.8225352168083191,0.25,0.25,0.29411764705882354,0.625,0.7058823529411765,2.25,124.0,64.0,0.5833333333333334,0.058823529411764705,0.5,0.5,0.0625,0.0,0.0,0.0,0.0,0.0,1.0,0.0,0.0,1.0,0.0,0.0,0.0,0.0,0.0,0.0,0.0,5.0,0.0,0.0,0.0
1554e6f5-8a92-4d2f-b575-0ac3c3240bb7,definition,medium,0.6743627786636353,0.8043822050094604,0.6690171957015991,0.5833333333333334,0.03571428571428571,0.043478260869565216,0.16666666666666666,0.9565217391304348,3.857142857142857,50.0,10.0,1.0,0.2222222222222222,0.4,0.4,0.3333333333333333,0.0,0.0,0.0,0.0,0.0,0.0,0.0,0.0,0.0,0.0,0.0,0.0,0.0,0.0,0.0,0.0,0.0,0.0,0.0,0.0
158c06ba-431e-44d5-bb7a-095b24a4dcd0,requirement,easy,0.7037174105644226,0.7477456331253052,0.6931288242340088,0.4166666666666667,0.06349206349206349,0.06779661016949153,0.5,0.9322033898305084,9.875,119.0,13.0,1.0,0.25,0.42857142857142855,0.42857142857142855,0.375,0.0,1.0,1.0,0.0,0.0,1.0,0.0,0.0,0.0,0.0,0.0,0.0,0.0,1.0,5.0,0.0,5.0,0.0,0.0,0.0
15d5b326-2f1b-4987-9c57-f186709a5552,requirement,easy,0.4085628390312195,0.8180254697799683,0.5932672619819641,0.6666666666666666,0.3333333333333333,0.4,0.6666666666666666,0.6,1.6666666666666667,16.0,10.0,0.75,0.0,0.0,0.0,0.0,1.0,0.0,0.0,1.0,0.0,0.5,0.0,0.0,0.0,1.0,0.0,0.5,0.0,1.0,1.0,2.0,4.0,0.0,0.3333333333333333,0.5
17a0bd6c-5999-4b32-a67d-197ef0b78739,procedure,easy,0.7119821310043335,0.08182471245527267,0.08286075294017792,0.75,0.0,0.0,0.0,1.0,0.2,9.0,24.0,0.8333333333333334,0.13333333333333333,0.6666666666666666,0.6666666666666666,0.14285714285714285,0.0,0.0,0.0,0.0,1.0,0.0,0.0,0.0,0.0,0.0,0.0,0.0,1.0,0.0,0.0,1.0,0.0,0.0,0.0,0.0
17f5e9c4-4c39-4ad4-ac2d-08684e22d52c,requirement,easy,0.767535388469696,0.7984687685966492,0.9370043873786926,0.8333333333333334,0.5294117647058824,0.75,0.6428571428571429,0.25,0.8666666666666667,20.0,24.0,0.8333333333333334,0.3333333333333333,0.8333333333333334,0.8333333333333334,0.35714285714285715,0.0,0.0,0.0,0.0,0.0,0.0,0.0,0.0,0.0,1.0,0.0,0.0,0.0,0.0,0.0,0.0,0.0,0.0,0.0,1.0
18960d0c-a72d-45ad-93ae-ebabbfbb0d31,procedure,medium,0.6254019737243652,0.6819517612457275,0.6669294834136963,0.16666666666666666,0.11403508771929824,0.12380952380952381,0.5909090909090909,0.8761904761904762,4.448275862068965,191.0,49.0,0.3333333333333333,0.10714285714285714,0.3333333333333333,0.3333333333333333,0.13636363636363635,0.0,0.0,1.0,0.0,0.0,1.0,0.0,0.0,0.0,0.0,0.0,1.0,0.0,0.0,1.0,0.0,4.0,0.0,0.0,0.0
18b733c5-2272-4aba-96e6-c6880c10bea2,procedure,medium,0.6507136821746826,0.7791047096252441,0.9403851628303528,0.16666666666666666,0.45161290322580644,0.5185185185185185,0.7777777777777778,0.48148148148148145,1.5,43.0,32.0,0.4166666666666667,0.3,0.75,0.75,0.3333333333333333,1.0,0.0,0.0,1.0,0.0,0.0,0.0,0.0,0.0,1.0,0.0,0.0,0.0,2.0,2.0,1.0,1.0,1.0,0.0,0.0
18cc4a93-45f2-4f08-8b22-90322ed9e47f,procedure,easy,0.4990062117576599,0.6811943054199219,0.48957061767578125,0.3333333333333333,0.05714285714285714,0.06896551724137931,0.25,0.9310344827586207,4.75,65.0,14.0,1.0,0.18181818181818182,0.4,0.4,0.25,0.0,0.0,0.0,0.0,0.0,0.0,0.0,0.0,0.0,0.0,0.0,0.0,0.0,0.0,0.0,0.0,0.0,0.0,0.0,0.0
19457824-409c-4f44-88c1-c42e53aadae5,identifier,easy,0.5810394287109375,0.25917455554008484,0.16189613938331604,1.0,0.0,0.0,0.0,1.0,0.6,9.0,5.0,1.0,0.4,1.0,1.0,0.4,0.0,0.0,0.0,0.0,1.0,0.0,0.0,0.0,0.0,0.0,1.0,0.0,2.0,0.0,0.0,3.0,0.0,0.0,1.0,1.0
19d37df0-1132-4f48-a913-a877fc55d46b,identifier,easy,0.3929232656955719,0.8799978494644165,0.5956842303276062,1.0,0.2857142857142857,0.3333333333333333,0.6666666666666666,0.6666666666666666,2.0,9.0,3.0,1.0,0.16666666666666666,0.25,0.25,0.3333333333333333,0.0,0.0,1.0,1.0,0.0,0.0,0.0,0.0,0.0,1.0,0.0,0.3333333333333333,0.0,0.0,1.0,1.0,1.0,0.0,0.0,0.0
1a6890a9-ea27-4fa8-9069-74f56d5a1729,factual,easy,0.7850157618522644,0.8050145506858826,0.884097695350647,0.3333333333333333,0.5454545454545454,0.5714285714285714,0.9230769230769231,0.42857142857142855,1.7142857142857142,37.0,16.0,0.5833333333333334,0.17647058823529413,0.42857142857142855,0.42857142857142855,0.23076923076923078,0.0,0.0,0.0,0.0,0.0,0.0,0.0,0.0,0.0,0.0,0.0,0.0,0.0,0.0,0.0,0.0,0.0,0.0,0.0,0.0
1ac915e3-3c15-4955-906a-9478e28c42ce,factual,easy,0.8954486846923828,0.7301177978515625,0.724179744720459,0.6666666666666666,0.35294117647058826,0.375,0.8571428571428571,0.625,2.7142857142857144,36.0,12.0,1.0,0.6,0.6666666666666666,0.6666666666666666,0.8571428571428571,0.0,0.0,0.0,1.0,0.0,0.0,0.0,0.0,0.0,1.0,0.0,0.5,0.0,0.0,0.0,2.0,2.0,0.0,1.0,1.0
1b3a0e8e-2670-4d6b-8cb1-c3b8a02fc86a,requirement,hard,0.7792237401008606,0.8472535610198975,0.756269097328186,0.08333333333333333,0.3076923076923077,0.5714285714285714,0.4,0.42857142857142855,0.7,26.0,39.0,0.25,0.2608695652173913,0.6666666666666666,0.6666666666666666,0.3,0.0,0.0,0.0,0.0,0.0,0.0,0.0,0.0,0.0,0.0,0.0,0.0,0.0,0.0,0.0,0.0,0.0,0.0,0.0,0.0
1bf1b5ee-cb2a-4ccf-927e-1c5203b64c0a,factual,easy,0.5198358297348022,0.7496316432952881,0.47413843870162964,0.0,0.12195121951219512,0.16666666666666666,0.3125,0.8333333333333334,2.0,65.0,26.0,0.5,0.1,0.3333333333333333,0.3333333333333333,0.125,0.0,1.0,1.0,0.0,1.0,0.0,0.0,1.0,1.0,0.6666666666666666,0.3333333333333333,0.0,2.333333333333333,1.0,1.0,1.0,0.0,0.0,0.0,1.0
1cff8995-07de-4ed2-b2c7-cd920788fd81,factual,easy,0.6592694520950317,0.7919861078262329,0.7666395902633667,0.25,0.34782608695652173,0.4444444444444444,0.6153846153846154,0.5555555555555556,1.2666666666666666,33.0,26.0,0.8333333333333334,0.3333333333333333,0.7142857142857143,0.7142857142857143,0.38461538461538464,0.0,0.0,0.0,0.0,0.0,0.0,0.0,0.0,0.0,0.0,0.0,0.0,0.0,0.0,0.0,0.0,0.0,0.0,0.0,0.0
1d3310d9-bb62-4058-bb58-4bd2dca41c7f,procedure,easy,0.6280514001846313,0.6781212091445923,0.6315275430679321,0.16666666666666666,0.1111111111111111,0.14285714285714285,0.3333333333333333,0.8571428571428571,2.6153846153846154,65.0,22.0,1.0,0.3333333333333333,0.625,0.625,0.4166666666666667,0.0,0.0,1.0,0.0,0.0,0.0,0.0,0.0,0.0,0.0,0.0,1.0,0.0,0.0,3.0,0.0,0.0,0.0,0.0,0.0
1d9013b8-a6e7-4862-b59e-1871c879727a,definition,easy,0.6396059393882751,0.700738787651062,0.7661199569702148,0.0,0.125,0.14814814814814814,0.4444444444444444,0.8518518518518519,3.0,45.0,15.0,0.8333333333333334,0.15384615384615385,0.3333333333333333,0.3333333333333333,0.2222222222222222,1.0,0.0,0.5,0.0,0.0,1.0,0.0,0.0,0.0,0.0,0.0,1.0,0.0,1.0,2.0,0.0,2.0,0.0,0.0,0.0
1df386ba-204a-424b-972d-f4903683e197,identifier,easy,0.4289858043193817,0.907467246055603,0.5874464511871338,0.6666666666666666,0.4166666666666667,0.45454545454545453,0.8333333333333334,0.5454545454545454,1.8333333333333333,15.0,10.0,0.75,0.3,0.42857142857142855,0.42857142857142855,0.5,1.0,0.0,0.0,1.0,0.0,0.5,0.0,0.0,0.0,1.0,0.0,0.5,0.0,1.0,1.0,2.0,4.0,0.0,0.3333333333333333,0.5
2381289b-5e20-4f09-a176-e1a8d6ee5bf1,factual,easy,0.8237316608428955,0.8961238265037537,0.8268223404884338,0.08333333333333333,0.3333333333333333,0.45454545454545453,0.5555555555555556,0.5454545454545454,1.2105263157894737,34.0,36.0,0.3333333333333333,0.2857142857142857,0.6666666666666666,0.6666666666666666,0.3333333333333333,0.0,0.0,0.0,0.0,0.0,0.0,0.0,0.0,0.0,0.0,0.0,0.0,0.0,0.0,0.0,0.0,0.0,0.0,0.0,0.0
23819283-f7ab-4579-a6f3-2a73af00571f,procedure,medium,0.720798909664154,0.8990338444709778,0.7636737823486328,0.5833333333333334,0.3157894736842105,0.42857142857142855,0.5454545454545454,0.5714285714285714,1.2666666666666666,56.0,50.0,0.5833333333333334,0.15384615384615385,0.5,0.5,0.18181818181818182,1.0,0.0,0.75,0.0,1.0,0.0,0.0,0.0,0.0,0.0,0.0,1.0,1.0,1.0,4.0,1.0,0.0,0.0,0.0,0.0
23c02e3b-7102-4d63-aef9-27383b115285,factual,medium,0.7153248190879822,0.7283211946487427,0.8837653398513794,0.25,0.5526315789473685,0.6176470588235294,0.84,0.38235294117647056,1.537037037037037,137.0,83.0,0.4166666666666667,0.09803921568627451,0.8333333333333334,0.8333333333333334,0.1,1.0,0.0,0.2,0.0,0.0,0.0,0.0,0.0,0.0,1.0,0.0,0.0,0.0,4.0,5.0,0.0,0.0,0.0,0.0,0.0
259ea192-1eab-4ba4-bb76-8c273191236d,requirement,easy,0.77286696434021,0.8410279750823975,0.7056048512458801,0.25,0.05128205128205128,0.0625,0.2222222222222222,0.9375,4.0,56.0,13.0,0.9166666666666666,0.38461538461538464,0.5555555555555556,0.5555555555555556,0.5555555555555556,0.0,0.0,1.0,1.0,0.0,0.0,0.0,0.0,0.0,1.0,0.0,0.0,0.0,0.0,2.0,2.0,2.0,0.0,1.0,1.0
26678c42-f398-468d-b5d5-575309c81529,identifier,easy,0.24247559905052185,0.5932295322418213,0.13890978693962097,0.0,0.03636363636363636,0.047619047619047616,0.13333333333333333,0.9523809523809523,2.8823529411764706,59.0,19.0,0.6666666666666666,0.11764705882352941,0.5,0.5,0.13333333333333333,0.0,0.0,1.0,0.0,0.0,1.0,0.0,0.0,1.0,0.0,1.0,1.0,1.0,0.0,4.0,0.0,5.0,0.0,0.0,0.0
2806d5c1-9495-4e0e-aabf-8f59d227469f,factual,easy,0.746002197265625,0.8310462236404419,0.86942058801651,0.4166666666666667,0.4473684210526316,0.53125,0.7391304347826086,0.46875,1.4285714285714286,65.0,37.0,0.16666666666666666,0.1935483870967742,0.42857142857142855,0.42857142857142855,0.2608695652173913,0.3333333333333333,0.6666666666666666,0.0,0.5,0.5,0.0,0.0,0.0,0.0,0.8,0.2,0.0,0.7,3.0,1.0,2.0,1.0,0.0,1.0,0.0
2877f7fb-7d11-4db3-9e45-46c7be5fc563,factual,easy,0.6223864555358887,0.6328340172767639,0.7207798957824707,0.4166666666666667,0.2,0.26666666666666666,0.4444444444444444,0.7333333333333333,1.1538461538461537,26.0,14.0,0.9166666666666666,0.16666666666666666,0.4,0.4,0.2222222222222222,0.0,0.0,0.0,0.0,1.0,1.0,0.0,0.0,0.0,0.0,1.0,1.0,2.0,0.0,0.0,1.0,3.0,0.0,0.0,0.0
2999dc76-df54-40a9-9f0e-a33d89c156db,factual,medium,0.6353561878204346,0.8878275156021118,0.6202443242073059,0.6666666666666666,0.13157894736842105,0.14705882352941177,0.5555555555555556,0.8529411764705882,3.3636363636363638,73.0,20.0,1.0,0.3333333333333333,0.5714285714285714,0.5714285714285714,0.4444444444444444,0.0,1.0,0.0,0.0,0.0,0.0,0.0,0.0,0.0,0.0,1.0,0.0,1.0,1.0,0.0,0.0,0.0,0.0,0.0,0.0
2aa99359-b446-4541-ae01-49b888a9b451,procedure,easy,0.6927567720413208,0.8391373157501221,0.6831737756729126,0.08333333333333333,0.09302325581395349,0.12121212121212122,0.2857142857142857,0.8787878787878788,2.642857142857143,62.0,18.0,0.4166666666666667,0.16666666666666666,0.42857142857142855,0.42857142857142855,0.21428571428571427,0.0,1.0,0.0,0.0,1.0,0.0,0.0,0.0,0.0,0.0,1.0,0.0,2.0,1.0,0.0,3.0,0.0,0.0,0.0,0.0
2abbb927-39d7-448b-9554-b68e7e9962b2,procedure,easy,0.8960144519805908,0.8776066899299622,0.8612308502197266,0.08333333333333333,0.42857142857142855,0.4444444444444444,0.9230769230769231,0.5555555555555556,2.230769230769231,53.0,23.0,0.8333333333333334,0.42857142857142855,0.8571428571428571,0.8571428571428571,0.46153846153846156,1.0,0.0,0.6666666666666666,0.0,0.0,0.0,0.0,0.0,0.0,1.0,0.0,0.5,0.0,1.0,3.0,0.0,0.0,1.0,0.0,1.0
2bf7f544-2208-435e-8287-4585e903e731,procedure,medium,0.5701644420623779,0.6704015731811523,0.49625298380851746,0.0,0.034482758620689655,0.06451612903225806,0.06896551724137931,0.9354838709677419,1.2413793103448276,60.0,41.0,0.4166666666666667,0.06060606060606061,0.3333333333333333,0.3333333333333333,0.06896551724137931,0.0,0.0,1.0,0.0,0.0,1.0,0.0,0.0,0.0,0.0,0.0,1.0,0.0,0.0,1.0,0.0,3.0,0.0,0.0,0.0
2c809731-aeab-428f-ac1f-864d5aaa803a,requirement,hard,0.345309317111969,0.5533056259155273,0.6069854497909546,0.25,0.06779661016949153,0.07407407407407407,0.4444444444444444,0.9259259259259259,6.181818181818182,125.0,18.0,0.75,0.0,0.0,0.0,0.0,0.0,1.0,1.0,1.0,0.0,0.6666666666666666,0.0,0.0,0.0,0.0,0.0,0.0,0.0,1.0,2.0,1.0,3.0,0.0,0.0,0.0
2d13ce02-5ca6-4905-9244-4e829e00a1e0,procedure,hard,0.6205806732177734,0.8129907846450806,0.7523138523101807,0.16666666666666666,0.4594594594594595,0.5,0.85,0.5,1.9523809523809523,72.0,34.0,0.6666666666666666,0.09090909090909091,0.5,0.5,0.1,0.0,0.0,0.0,0.0,0.0,0.0,0.0,0.0,0.0,0.0,0.0,0.0,0.0,0.0,0.0,0.0,0.0,0.0,0.0,0.0
2ef27214-490e-422e-9aa8-77aeb819f2a0,identifier,easy,0.2998943328857422,0.8797155618667603,0.3795943856239319,0.5,0.05555555555555555,0.058823529411764705,0.5,0.9411764705882353,9.75,51.0,4.0,1.0,0.2,0.25,0.25,0.5,0.0,1.0,1.0,0.5,0.5,0.9230769230769231,0.0,0.0,0.0,0.5,0.5,0.9285714285714286,1.0,1.0,9.0,2.0,13.0,0.0,0.0,0.0
2f1092b2-b16f-4015-b32a-e4617f682f29,procedure,easy,0.5297924280166626,0.8989766836166382,0.5036849975585938,0.4166666666666667,0.18,0.1836734693877551,0.9,0.8163265306122449,5.8,91.0,14.0,0.5833333333333334,0.25,0.4,0.4,0.4,0.0,0.0,0.0,0.0,0.0,0.0,0.0,0.0,0.0,0.0,0.0,1.0,0.0,0.0,0.0,0.0,0.0,0.0,0.0,0.0
2f8060fe-7cae-43b2-8ed6-b7d3b950c96f,example,easy,0.799277663230896,0.8801450729370117,0.9058747291564941,0.6666666666666666,0.5217391304347826,0.7058823529411765,0.6666666666666666,0.29411764705882354,1.0,44.0,38.0,0.5,0.2857142857142857,0.6666666666666666,0.6666666666666666,0.3333333333333333,0.0,0.0,0.0,0.0,0.0,0.0,0.0,0.0,0.0,0.0,0.0,0.0,0.0,0.0,0.0,0.0,0.0,0.0,0.0,0.0
3616abab-b48e-4499-b919-ceaa65c57975,function,medium,0.8742291331291199,0.9215888977050781,0.8612052202224731,0.6666666666666666,0.21052631578947367,0.2222222222222222,0.8,0.7777777777777778,3.8,31.0,7.0,1.0,0.4444444444444444,0.5,0.5,0.8,0.0,0.0,0.0,0.0,0.0,0.0,0.0,0.0,0.0,0.0,0.0,0.0,0.0,0.0,0.0,0.0,0.0,0.0,0.0,0.0
3689dc23-3fbd-43b4-aa0c-1012ef235f16,identifier,easy,0.47698909044265747,0.7135299444198608,0.4211525321006775,0.0,0.05714285714285714,0.09090909090909091,0.13333333333333333,0.9090909090909091,1.7333333333333334,52.0,15.0,0.6666666666666666,0.11764705882352941,0.5,0.5,0.13333333333333333,0.0,1.0,0.0,0.0,1.0,1.0,0.0,0.0,0.0,0.0,1.0,1.0,2.0,8.0,0.0,9.0,1.0,0.0,0.0,0.0
3791de9e-e428-4d07-9e01-87681ca54bab,identifier,easy,0.6544338464736938,0.6715137362480164,0.8335777521133423,0.8333333333333334,0.6428571428571429,0.75,0.8181818181818182,0.25,1.0909090909090908,17.0,18.0,0.75,0.25,0.4444444444444444,0.4444444444444444,0.36363636363636365,1.0,0.0,0.0,0.0,0.0,0.0,0.0,0.0,0.0,1.0,0.0,0.0,0.0,1.0,1.0,0.0,0.0,0.0,0.0,0.0
37a3f5af-1581-4e5e-86ab-a8742515ae61,definition,hard,0.5557124018669128,0.595349907875061,0.5887950658798218,0.0,0.07894736842105263,0.11538461538461539,0.2,0.8846153846153846,1.75,41.0,31.0,0.5833333333333334,0.11764705882352941,0.5,0.5,0.13333333333333333,0.0,0.0,1.0,0.0,0.0,1.0,0.0,0.0,0.0,0.0,0.0,1.0,0.0,0.0,1.0,0.0,2.0,0.0,0.0,0.0
3934bfa5-6dca-48af-8d02-de4487b95afb,factual,easy,0.5713564157485962,0.7192089557647705,0.6757076978683472,0.16666666666666666,0.15625,0.21739130434782608,0.35714285714285715,0.782608695652174,1.6666666666666667,35.0,23.0,0.4166666666666667,0.15789473684210525,0.375,0.375,0.21428571428571427,1.0,0.0,0.3333333333333333,0.0,0.0,0.0,0.0,0.0,0.0,1.0,0.0,0.3333333333333333,0.0,2.0,3.0,0.0,0.0,0.0,0.0,1.0
397f513d-6ff8-46ed-9ed8-50435afd71c1,procedure,medium,0.628524124622345,0.8459417819976807,0.62744140625,0.08333333333333333,0.09375,0.09375,1.0,0.90625,17.444444444444443,260.0,16.0,0.75,0.14285714285714285,0.2857142857142857,0.2857142857142857,0.2222222222222222,0.0,0.0,0.0,0.0,0.0,1.0,0.0,0.0,0.0,0.0,0.0,0.0,0.0,0.0,0.0,0.0,4.0,0.0,0.0,0.0
3a1ecf81-617b-496b-8ea9-545497277d07,procedure,easy,0.6569727659225464,0.8287546634674072,0.665359616279602,0.16666666666666666,0.30303030303030304,0.3225806451612903,0.8333333333333334,0.6774193548387096,2.6666666666666665,56.0,23.0,0.9166666666666666,0.21428571428571427,0.6,0.6,0.25,0.0,0.0,0.0,0.0,0.0,0.0,0.0,0.0,0.0,0.0,0.0,0.0,0.0,0.0,0.0,0.0,0.0,0.0,0.0,0.0
3aaa635e-26ec-4512-9ce2-58c80643415d,definition,medium,0.551872968673706,0.7339382767677307,0.4822521209716797,0.0,0.02702702702702703,0.047619047619047616,0.058823529411764705,0.9523809523809523,1.2105263157894737,46.0,32.0,0.5833333333333334,0.09090909090909091,0.2857142857142857,0.2857142857142857,0.11764705882352941,0.0,0.0,0.0,0.0,0.0,0.0,0.0,0.0,0.0,0.0,0.0,1.0,0.0,0.0,0.0,0.0,0.0,0.0,0.0,0.0
3bcde618-6940-4da7-9baf-2eb06b175b11,requirement,easy,0.5802721977233887,0.6476489305496216,0.6406064033508301,0.5,0.05952380952380952,0.06097560975609756,0.7142857142857143,0.9390243902439024,13.285714285714286,143.0,8.0,1.0,0.2222222222222222,0.5,0.5,0.2857142857142857,0.0,1.0,0.0,0.0,0.0,1.0,0.0,0.0,0.0,0.0,0.0,0.0,0.0,1.0,0.0,0.0,6.0,0.0,0.0,0.0
3c15df79-c0b9-43be-88be-5b152df50096,requirement,hard,0.5484575033187866,0.6485549211502075,0.6500023007392883,0.8333333333333334,0.2,0.2,1.0,0.8,5.666666666666667,37.0,5.0,1.0,0.16666666666666666,0.25,0.25,0.3333333333333333,1.0,0.0,0.0,1.0,0.0,0.0,0.0,0.0,0.0,1.0,0.0,0.3333333333333333,0.0,1.0,1.0,1.0,1.0,0.0,0.0,1.0
3c7641c5-6c45-4264-af6c-16fa7ffa8829,factual,easy,0.4939746856689453,0.8493047952651978,0.44407618045806885,0.25,0.03225806451612903,0.03508771929824561,0.2857142857142857,0.9649122807017544,10.285714285714286,108.0,12.0,0.8333333333333334,0.14285714285714285,0.2222222222222222,0.2222222222222222,0.2857142857142857,0.0,0.0,0.0,0.0,0.0,0.0,0.0,0.0,0.0,0.0,0.0,0.0,0.0,0.0,0.0,0.0,0.0,0.0,0.0,0.0
3e4c8bea-797a-4d6d-9175-8c91ba6ee743,requirement,easy,0.6538702249526978,0.8439518809318542,0.7250887155532837,1.0,0.375,0.5,0.6,0.5,1.2,11.0,8.0,1.0,0.42857142857142855,0.6,0.6,0.6,0.0,0.0,0.0,0.0,0.0,0.0,0.0,0.0,0.0,0.0,0.0,0.0,0.0,0.0,0.0,0.0,0.0,0.0,0.0,0.0
3ebf178e-3d4c-4b6a-9b16-78c2fd8a6b14,requirement,easy,0.2927118241786957,0.9274228811264038,0.31399932503700256,0.0,0.075,0.0967741935483871,0.25,0.9032258064516129,2.2142857142857144,53.0,21.0,0.5833333333333334,0.0625,0.2,0.2,0.08333333333333333,0.0,0.0,1.0,0.0,0.0,0.0,0.0,0.0,0.0,0.0,0.0,0.0,0.0,0.0,1.0,0.0,0.0,0.0,0.0,0.0
3f7558fe-6db4-49d5-9b2b-ec7ebbd7126d,identifier,medium,0.38867563009262085,0.6049675345420837,0.1787717640399933,0.0,0.0,0.0,0.0,1.0,0.48484848484848486,57.0,67.0,0.5833333333333334,0.0,0.0,0.0,0.0,0.0,1.0,0.0,0.0,0.0,0.0,0.0,0.0,0.0,0.0,0.0,0.0,0.0,21.0,0.0,0.0,0.0,0.0,0.0,0.0
40f02d77-50cc-4404-9baa-5c54b06cf9a0,identifier,easy,0.15871906280517578,0.2882081866264343,0.19625088572502136,1.0,0.0,0.0,0.0,1.0,1.0,9.0,3.0,1.0,0.0,0.0,0.0,0.0,0.0,1.0,0.0,0.0,1.0,0.0,0.0,0.0,0.0,0.0,1.0,0.0,2.0,1.0,0.0,2.0,0.0,0.0,0.0,0.0
41a546e8-5de5-4538-bb07-d1a70d0aba15,definition,hard,0.6392610669136047,0.8906645178794861,0.702605128288269,0.5833333333333334,0.2777777777777778,0.2857142857142857,0.9090909090909091,0.7142857142857143,4.583333333333333,93.0,17.0,0.9166666666666666,0.38461538461538464,0.7142857142857143,0.7142857142857143,0.45454545454545453,0.0,0.0,1.0,0.0,0.0,1.0,0.0,0.0,0.0,0.0,0.0,1.0,0.0,0.0,1.0,0.0,1.0,0.0,0.0,0.0
42ae0be8-adbb-496e-be8a-1ed1ae9ba24f,procedure,medium,0.8001953363418579,0.7959535121917725,0.9298712015151978,0.4166666666666667,0.30985915492957744,0.3548387096774194,0.7096774193548387,0.6451612903225806,2.0,139.0,68.0,0.3333333333333333,0.20588235294117646,0.7,0.7,0.22580645161290322,0.0,0.0,0.0,0.0,0.0,1.0,0.0,0.0,0.0,0.0,0.0,0.0,0.0,0.0,0.0,0.0,4.0,0.0,0.0,0.0
4474a568-39de-42bd-a3df-b2ac3ebe77e9,identifier,medium,0.6067879796028137,0.28868672251701355,0.3047465682029724,0.6666666666666666,0.0,0.0,0.0,1.0,0.12,9.0,29.0,0.16666666666666666,0.06666666666666667,0.2222222222222222,0.2222222222222222,0.08695652173913043,0.0,1.0,0.0,0.0,1.0,0.0,0.0,1.0,0.0,0.0,1.0,0.0,3.0,2.0,0.0,3.0,0.0,0.0,0.0,0.0
4512913b-6035-4e48-b863-e5bba8e417d1,identifier,easy,0.5714244246482849,0.6763902902603149,0.8038473129272461,0.3333333333333333,0.34615384615384615,0.42857142857142855,0.6428571428571429,0.5714285714285714,1.8666666666666667,38.0,25.0,0.5,0.17647058823529413,0.5,0.5,0.21428571428571427,1.0,0.0,0.3333333333333333,0.0,0.0,1.0,0.0,0.0,0.0,1.0,0.0,0.2,0.0,2.0,3.0,0.0,1.0,0.0,0.0,0.0
45927b33-b331-4e1b-b3b9-2e8ef6009bad,requirement,medium,0.6725069880485535,0.8294727802276611,0.6370365619659424,0.75,0.14705882352941177,0.16666666666666666,0.5555555555555556,0.8333333333333334,3.1666666666666665,63.0,16.0,1.0,0.25,0.5,0.5,0.3333333333333333,0.0,0.0,0.0,0.3333333333333333,0.6666666666666666,0.6666666666666666,0.0,0.0,0.0,0.3333333333333333,0.6666666666666666,0.6666666666666666,1.3333333333333333,0.0,0.0,3.0,3.0,0.0,1.0,1.0
474bfa5f-7863-466f-8052-a9e8e64be52c,identifier,hard,0.0,0.24061915278434753,0.0,0.0,0.0,0.0,0.0,1.0,3.0,9.0,0.0,0.0,0.0,0.0,0.0,0.0,0.0,0.0,0.0,0.0,0.0,0.0,0.0,0.0,0.0,0.0,0.0,0.0,0.0,0.0,0.0,0.0,0.0,0.0,0.0,0.0
47b8a502-0405-4145-acc9-2427c47bd5d6,identifier,medium,0.29396334290504456,0.6994243860244751,0.15351450443267822,0.0,0.015873015873015872,0.017699115044247787,0.13333333333333333,0.9823008849557522,8.866666666666667,180.0,18.0,0.5,0.0,0.0,0.0,0.0,0.5,0.5,0.6666666666666666,0.0,0.0,1.0,0.0,0.0,0.0,0.5,0.5,0.8,0.5,2.0,3.0,0.0,7.0,0.0,0.0,0.0
48710e89-dfbe-4e90-983e-bb87ff744df5,definition,medium,0.8042745590209961,0.8027021288871765,0.8895887136459351,0.25,0.391304347826087,0.45,0.75,0.55,1.4333333333333333,78.0,51.0,0.6666666666666666,0.16,0.8,0.8,0.16666666666666666,0.0,1.0,0.0,0.0,0.0,0.0,1.0,0.0,0.0,0.0,0.0,0.0,0.0,1.0,0.0,0.0,0.0,0.0,0.0,0.0
4b8d91db-5fd9-4d40-bf6b-f8b3670a9e50,requirement,medium,0.8184680938720703,0.8096629977226257,0.937653660774231,0.6666666666666666,0.6818181818181818,0.75,0.8823529411764706,0.25,1.1666666666666667,36.0,31.0,0.3333333333333333,0.3684210526315789,0.7777777777777778,0.7777777777777778,0.4117647058823529,0.0,0.0,0.0,0.0,0.0,0.0,0.0,0.0,0.0,0.0,0.0,0.0,0.0,0.0,0.0,0.0,0.0,0.0,0.0,0.0
4b949692-4da7-40f1-86ea-210ff45dd172,factual,hard,0.9421291351318359,0.7070227265357971,0.6913744807243347,0.6666666666666666,0.13793103448275862,0.13793103448275862,1.0,0.8620689655172413,7.5,56.0,8.0,1.0,1.0,1.0,1.0,1.0,0.0,0.0,0.0,0.0,0.0,0.0,0.0,0.0,0.0,0.0,0.0,0.0,0.0,0.0,0.0,0.0,0.0,0.0,0.0,0.0
4c5b5c01-f00b-4f44-80ee-92195e3b47e4,procedural,medium,0.8034458160400391,0.8784396648406982,0.9158934950828552,0.25,0.5,0.5172413793103449,0.9375,0.4827586206896552,1.7777777777777777,62.0,35.0,0.5,0.15,0.42857142857142855,0.42857142857142855,0.1875,0.0,0.0,0.0,0.0,0.0,0.0,0.0,0.0,0.0,0.0,0.0,0.0,0.0,0.0,0.0,0.0,0.0,0.0,0.0,0.0
4c63d7ab-f288-44f2-ab8c-7e1ff41fce03,factual,easy,0.410547137260437,0.8944992423057556,0.4278021454811096,0.0,0.061224489795918366,0.07142857142857142,0.3,0.9285714285714286,4.8,91.0,19.0,0.6666666666666666,0.0625,0.14285714285714285,0.14285714285714285,0.1,0.0,0.0,0.0,0.0,0.0,0.0,0.0,0.0,0.0,0.0,0.0,0.0,0.0,0.0,0.0,0.0,0.0,0.0,0.0,0.0
4e5dca50-8f38-426c-b6bc-bc9dfed2d933,inference,hard,0.25080353021621704,0.7276158928871155,0.10478082299232483,0.4166666666666667,0.0,0.0,0.0,1.0,5.857142857142857,70.0,9.0,0.8333333333333334,0.0,0.0,0.0,0.0,0.0,0.0,1.0,0.0,0.0,0.0,0.0,0.0,0.0,0.0,0.0,1.0,0.0,0.0,1.0,0.0,0.0,0.0,0.0,0.0
4e7b10d3-e9d5-47f3-b370-1eee968a7db1,definition,easy,0.7927079200744629,0.824142575263977,0.72879958152771,0.3333333333333333,0.13953488372093023,0.15384615384615385,0.6,0.8461538461538461,3.909090909090909,80.0,17.0,1.0,0.2727272727272727,0.75,0.75,0.3,0.0,1.0,0.0,0.0,1.0,0.0,0.0,0.0,0.0,0.0,1.0,0.0,2.0,2.0,0.0,2.0,0.0,0.0,0.0,0.0
4ead8d99-fac3-4721-8dd8-d4162faea45e,procedure,easy,0.9129592180252075,0.7549591064453125,0.7462456822395325,0.5833333333333334,0.3157894736842105,0.3333333333333333,0.8571428571428571,0.6666666666666666,2.5,36.0,12.0,1.0,0.75,0.8571428571428571,0.8571428571428571,0.8571428571428571,0.0,0.0,1.0,0.0,1.0,1.0,0.0,0.0,0.0,0.0,0.0,1.0,1.0,0.0,1.0,1.0,3.0,0.0,0.0,0.0
5075d8d5-505c-459f-a20e-d131423119d4,definition,easy,0.810615062713623,0.8999202251434326,0.8985295295715332,0.5833333333333334,0.1875,0.2,0.75,0.8,3.5555555555555554,55.0,11.0,1.0,0.3333333333333333,0.75,0.75,0.375,1.0,0.0,0.3333333333333333,0.0,0.0,0.0,0.0,0.0,0.0,1.0,0.0,0.0,0.0,2.0,3.0,0.0,0.0,0.0,0.0,0.0
507bc3a0-ec1c-421e-bd08-14d5a3d20561,requirement,hard,0.7635307312011719,0.7342809438705444,0.6481715440750122,0.4166666666666667,0.32432432432432434,0.34285714285714286,0.8571428571428571,0.6571428571428571,2.5294117647058822,65.0,24.0,0.8333333333333334,0.3125,0.7142857142857143,0.7142857142857143,0.35714285714285715,1.0,0.0,0.5,0.0,1.0,0.0,0.0,0.0,0.0,0.75,0.25,0.5,1.25,2.0,4.0,2.0,0.0,0.0,0.0,0.0
5117cb4b-c499-4da6-b072-dab2aa7cd7dc,definition,easy,0.6525388956069946,0.1810404658317566,0.09492984414100647,0.75,0.0,0.0,0.0,1.0,0.21428571428571427,9.0,20.0,0.5833333333333334,0.11764705882352941,0.4,0.4,0.14285714285714285,0.0,1.0,0.0,0.0,0.0,0.0,0.0,0.0,0.0,0.0,0.0,0.0,0.0,1.0,0.0,0.0,0.0,1.0,0.0,0.0
552e5b60-cb65-4ea7-832a-2d2347a67b69,identifier,medium,0.7570492029190063,0.782065749168396,0.9715896844863892,1.0,0.5714285714285714,0.5714285714285714,1.0,0.42857142857142855,1.75,15.0,10.0,1.0,0.2857142857142857,0.4,0.4,0.5,0.0,0.0,0.0,0.0,0.0,0.0,0.0,0.0,0.0,1.0,0.0,0.0,0.0,0.0,0.0,0.0,0.0,0.0,0.0,1.0
5770b400-232c-4e7d-91f1-93885668522d,procedure,easy,0.6916218996047974,0.8474617004394531,0.861588716506958,1.0,0.875,0.875,1.0,0.125,1.2857142857142858,17.0,13.0,1.0,0.5,0.8,0.8,0.5714285714285714,0.0,0.0,1.0,0.0,0.0,0.0,0.0,0.0,0.0,0.0,0.0,1.0,0.0,0.0,1.0,0.0,0.0,0.0,0.0,0.0
577734e9-f705-4e48-893f-22ec0beff48d,identifier,easy,0.25364941358566284,0.7336454391479492,0.34027010202407837,0.25,0.04225352112676056,0.04838709677419355,0.25,0.9516129032258065,7.25,117.0,12.0,0.8333333333333334,0.125,0.3333333333333333,0.3333333333333333,0.16666666666666666,0.0,1.0,1.0,0.6666666666666666,0.3333333333333333,0.75,0.0,0.0,0.0,0.3333333333333333,0.6666666666666666,0.8461538461538461,1.0,6.0,12.0,6.0,16.0,0.0,0.0,0.0
5781b0a2-b3ad-4d7c-b333-e98de3ab3719,procedure,medium,0.48990243673324585,0.5851656198501587,0.3729068636894226,0.0,0.0375,0.046153846153846156,0.16666666666666666,0.9538461538461539,4.722222222222222,129.0,35.0,0.5,0.09090909090909091,0.3333333333333333,0.3333333333333333,0.1111111111111111,0.0,0.0,0.0,0.0,0.0,1.0,0.0,0.0,0.0,0.0,0.0,0.0,0.0,0.0,0.0,0.0,4.0,0.0,0.0,0.0
5956a294-2908-4f6d-be2a-00a8d2bfe31d,factual,easy,0.5401289463043213,0.15366896986961365,0.1676788628101349,1.0,0.0,0.0,0.0,1.0,0.25,9.0,17.0,1.0,0.15384615384615385,0.4,0.4,0.2,0.0,1.0,0.0,0.0,0.0,0.0,0.0,0.0,0.0,0.0,1.0,0.0,1.0,3.0,0.0,0.0,0.0,0.0,0.0,0.0
59e48580-8e87-41db-a868-a047b437fef3,definition,easy,0.840684711933136,0.7328602075576782,0.6718165874481201,0.25,0.027586206896551724,0.02857142857142857,0.4444444444444444,0.9714285714285714,19.77777777777778,265.0,13.0,1.0,0.4,0.8,0.8,0.4444444444444444,0.0,0.0,1.0,0.0,0.0,1.0,0.0,0.0,0.0,0.0,0.0,1.0,0.0,0.0,1.0,0.0,9.0,0.0,0.0,0.0
5ae65c16-05aa-44d1-9ea3-a0a42d02e139,definition,easy,0.653892993927002,0.9267140030860901,0.6705049872398376,0.08333333333333333,0.1276595744680851,0.15,0.46153846153846156,0.85,3.3076923076923075,73.0,19.0,0.5,0.2777777777777778,0.5,0.5,0.38461538461538464,0.0,1.0,0.0,0.0,0.0,0.0,0.0,0.0,0.0,0.0,1.0,1.0,1.0,1.0,0.0,0.0,0.0,0.0,0.0,0.0
5c3a95b2-0d8d-47af-bcac-3b12bec8a9dc,procedure,medium,0.7343833446502686,0.8927288055419922,0.7436246871948242,0.5,0.25,0.27906976744186046,0.7058823529411765,0.7209302325581395,3.25,102.0,32.0,0.6666666666666666,0.15789473684210525,0.6,0.6,0.17647058823529413,0.0,0.0,0.0,0.0,0.0,0.0,0.0,0.0,0.0,0.0,0.0,0.0,0.0,0.0,0.0,0.0,0.0,0.0,0.0,0.0
5c77172b-c9fd-41d8-8cdc-259d022424ab,definition,easy,0.567031979560852,0.7927747964859009,0.5762569904327393,0.4166666666666667,0.15151515151515152,0.15625,0.8333333333333334,0.84375,5.666666666666667,50.0,10.0,1.0,0.3,0.42857142857142855,0.42857142857142855,0.5,0.0,0.0,1.0,0.0,0.0,0.0,0.0,0.0,0.0,0.0,0.0,1.0,0.0,0.0,1.0,0.0,0.0,0.0,0.0,0.0
5d0be7aa-20c2-4b73-89a7-a9d32bbd7d3a,definition,easy,0.7225931882858276,0.5480936765670776,0.4959724545478821,0.0,0.0784313725490196,0.11428571428571428,0.2,0.8857142857142857,2.1904761904761907,84.0,36.0,0.5833333333333334,0.19047619047619047,0.8,0.8,0.2,0.0,0.0,0.0,0.0,0.0,0.0,0.0,0.0,0.0,0.0,0.0,0.0,0.0,0.0,0.0,0.0,0.0,0.0,0.0,0.0
5d182223-ab21-4a64-a6b6-29a46246b3f7,definition,medium,0.6171419620513916,0.8457198143005371,0.6086310744285583,0.6666666666666666,0.08333333333333333,0.09375,0.42857142857142855,0.90625,5.571428571428571,80.0,18.0,1.0,0.16666666666666666,0.2857142857142857,0.2857142857142857,0.2857142857142857,0.0,0.0,1.0,0.0,0.0,1.0,0.0,0.0,0.0,0.0,0.0,1.0,0.0,0.0,2.0,0.0,1.0,0.0,0.0,0.0
5d7a16b0-f44a-418e-b778-76900d2ab2cd,identifier,easy,0.21837782859802246,0.7278763055801392,0.11747971177101135,0.0,0.0,0.0,0.0,1.0,2.2857142857142856,61.0,18.0,0.75,0.0,0.0,0.0,0.0,0.0,0.0,0.0,0.0,1.0,0.0,0.0,0.0,0.0,0.0,1.0,0.0,2.0,0.0,0.0,1.0,0.0,0.0,0.0,0.0
5dc52a72-3d2c-42c2-af57-4cb5e3bd1126,procedure,hard,0.5889182686805725,0.7795255780220032,0.7079353332519531,0.16666666666666666,0.15942028985507245,0.16417910447761194,0.8461538461538461,0.835820895522388,6.071428571428571,127.0,19.0,0.4166666666666667,0.15789473684210525,0.3333333333333333,0.3333333333333333,0.23076923076923078,0.0,0.0,1.0,0.0,0.0,1.0,0.0,0.0,0.0,0.0,0.0,0.0,0.0,0.0,1.0,0.0,4.0,0.0,0.0,0.0
5dde7126-14d3-4945-840d-158e758dd59d,identifier,hard,0.5634490847587585,0.8224475979804993,0.7420612573623657,0.4166666666666667,0.3333333333333333,0.5384615384615384,0.4666666666666667,0.46153846153846156,0.7647058823529411,19.0,26.0,0.5,0.1,0.2857142857142857,0.2857142857142857,0.13333333333333333,1.0,0.0,0.0,1.0,0.0,0.0,0.0,0.0,0.0,1.0,0.0,0.0,0.0,5.0,5.0,4.0,4.0,0.0,0.0,0.0
5f650e55-2cc5-4131-919b-d11caf2a768d,definition,medium,0.5931445956230164,0.8114434480667114,0.8274447917938232,0.08333333333333333,0.32,0.6956521739130435,0.37209302325581395,0.30434782608695654,0.5434782608695652,41.0,77.0,0.6666666666666666,0.021739130434782608,0.25,0.25,0.023255813953488372,0.0,1.0,0.0,0.0,0.0,1.0,0.0,0.0,0.0,0.0,0.0,0.0,0.0,1.0,0.0,0.0,2.0,0.0,0.0,0.0
608f6f72-59bf-4636-865d-4cd4c0014a25,definition,hard,0.8224308490753174,0.8644771575927734,0.8599146604537964,0.16666666666666666,0.22727272727272727,0.3125,0.45454545454545453,0.6875,1.4166666666666667,38.0,28.0,0.5833333333333334,0.11764705882352941,0.25,0.25,0.18181818181818182,0.0,0.0,0.0,0.0,0.0,0.0,0.0,0.0,0.0,0.0,0.0,0.0,0.0,0.0,0.0,0.0,0.0,0.0,0.0,0.0
60940533-24a9-494a-9af1-12c7069fe961,definition,medium,0.7617210149765015,0.9080238342285156,0.7397302389144897,0.08333333333333333,0.125,0.2222222222222222,0.2222222222222222,0.7777777777777778,0.9523809523809523,38.0,41.0,0.5833333333333334,0.045454545454545456,0.2,0.2,0.05555555555555555,0.0,0.0,0.0,0.0,0.0,0.0,0.0,0.0,0.0,0.0,0.0,0.0,0.0,0.0,0.0,0.0,0.0,0.0,0.0,0.0
61b56049-26bf-442a-a949-e6e90971f642,requirement,medium,0.7825670838356018,0.8169575333595276,0.9024597406387329,0.16666666666666666,0.4074074074074074,0.7333333333333333,0.4782608695652174,0.26666666666666666,0.64,29.0,43.0,0.3333333333333333,0.23076923076923078,0.6666666666666666,0.6666666666666666,0.2608695652173913,0.75,0.25,0.0,0.0,1.0,0.0,0.0,0.0,0.0,0.8,0.2,0.0,1.2,4.0,3.0,1.0,0.0,1.0,0.0,1.0
62c310d9-fa64-4f92-829e-d459f31bb77d,factual,easy,0.5381031036376953,0.8103843927383423,0.5970591902732849,0.0,0.0392156862745098,0.07407407407407407,0.07692307692307693,0.9259259259259259,0.9032258064516129,45.0,46.0,0.25,0.02857142857142857,0.1,0.1,0.038461538461538464,0.0,1.0,0.0,0.0,0.0,0.0,0.0,0.0,0.0,0.0,0.0,0.0,0.0,1.0,0.0,0.0,0.0,0.0,0.0,0.0
6309e1ea-f96e-4ff8-9ea0-ddbed7ccf8f1,procedure,hard,0.37319663166999817,0.7495203018188477,0.4720768928527832,0.16666666666666666,0.09230769230769231,0.10526315789473684,0.42857142857142855,0.8947368421052632,5.428571428571429,123.0,24.0,0.5,0.05263157894736842,0.16666666666666666,0.16666666666666666,0.07142857142857142,0.0,0.0,0.0,0.0,0.0,0.0,0.0,0.0,0.0,0.0,0.0,0.0,0.0,0.0,0.0,0.0,0.0,0.0,0.0,0.0
664381bb-2454-4da0-ad77-90093a3c56f6,requirement,medium,0.7130557894706726,0.7391417026519775,0.8984298706054688,0.4166666666666667,0.48484848484848486,0.8,0.5517241379310345,0.2,0.631578947368421,42.0,81.0,0.75,0.15625,0.625,0.625,0.1724137931034483,0.0,1.0,0.0,0.0,0.0,0.0,0.0,0.0,0.0,0.5,0.5,0.0,0.5,1.0,0.0,0.0,0.0,0.0,0.0,1.0
675772ea-3cc3-4427-b586-3f02216e99ac,identifier,easy,0.6682604551315308,0.746762752532959,0.47747164964675903,0.0,0.078125,0.09803921568627451,0.2777777777777778,0.9019607843137255,3.2,113.0,30.0,0.5,0.21052631578947367,0.8,0.8,0.2222222222222222,0.0,0.0,0.0,0.0,0.0,0.0,0.0,0.0,1.0,0.0,0.0,0.0,0.0,0.0,0.0,0.0,0.0,0.0,0.0,0.0
6838d0be-1e5a-4dba-baa3-88dba35fdf08,procedure,medium,0.38795506954193115,0.7930980920791626,0.5898026823997498,0.08333333333333333,0.08163265306122448,0.1111111111111111,0.23529411764705882,0.8888888888888888,2.0,64.0,36.0,0.5,0.045454545454545456,0.16666666666666666,0.16666666666666666,0.058823529411764705,0.0,0.0,0.0,0.0,0.0,1.0,0.0,0.0,0.0,0.0,0.0,0.0,0.0,0.0,0.0,0.0,2.0,0.0,0.0,0.0
6b40bdb0-2a50-4335-9db0-e5f93489e73f,factual,medium,0.857956051826477,0.8706187009811401,0.7737655639648438,0.5,0.17857142857142858,0.19230769230769232,0.7142857142857143,0.8076923076923077,4.714285714285714,55.0,10.0,1.0,0.7142857142857143,1.0,1.0,0.7142857142857143,0.0,0.0,0.0,0.0,0.0,0.0,0.0,0.0,0.0,0.0,0.0,0.0,0.0,0.0,0.0,0.0,0.0,0.0,0.0,0.0
6c11d093-1b59-4151-973f-8dc39fab2bd2,identifier,easy,0.8232671022415161,0.7483268976211548,0.8633425235748291,0.25,0.42857142857142855,0.42857142857142855,1.0,0.5714285714285714,2.6153846153846154,60.0,21.0,0.75,0.3333333333333333,0.625,0.625,0.4166666666666667,0.0,0.0,0.0,0.0,0.0,0.0,0.0,0.0,0.0,0.0,0.0,0.0,0.0,0.0,0.0,0.0,0.0,0.0,0.0,0.0
6c5df1e0-a2b6-4e26-97fd-88f37e7455ff,factual,easy,0.8994710445404053,0.8005107641220093,0.8456592559814453,0.5,0.2,0.21739130434782608,0.7142857142857143,0.782608695652174,3.4285714285714284,41.0,11.0,1.0,0.3,0.5,0.5,0.42857142857142855,0.0,0.0,1.0,0.0,0.0,0.0,0.0,0.0,0.0,1.0,0.0,0.0,0.0,0.0,1.0,0.0,0.0,0.0,0.0,1.0
6e7fb48d-7dae-476c-9e40-0dd531875703,procedure,easy,0.7891290783882141,0.8175393342971802,0.8366896510124207,0.3333333333333333,0.4,0.41379310344827586,0.9230769230769231,0.5862068965517241,2.6923076923076925,55.0,21.0,0.5833333333333334,0.3333333333333333,0.5454545454545454,0.5454545454545454,0.46153846153846156,1.0,0.0,0.6666666666666666,0.0,0.0,0.0,0.0,0.0,0.0,1.0,0.0,0.25,0.0,2.0,6.0,0.0,0.0,1.0,0.0,1.0
6ec037bb-56c9-41ce-80eb-3365540a73db,definition,medium,0.8339269161224365,0.6735835075378418,0.6889562010765076,0.3333333333333333,0.01680672268907563,0.01680672268907563,1.0,0.9831932773109243,77.5,230.0,3.0,1.0,0.6666666666666666,0.6666666666666666,0.6666666666666666,1.0,0.0,0.0,1.0,0.0,0.0,1.0,0.0,0.0,0.0,0.0,0.0,1.0,0.0,0.0,8.0,0.0,7.0,0.0,0.0,0.0
6ed9a3d8-c1dc-48f6-9696-187b72732be2,procedure,easy,0.8350497484207153,0.8447396755218506,0.8556346893310547,1.0,0.6666666666666666,0.6666666666666666,1.0,0.3333333333333333,1.5,15.0,8.0,1.0,0.42857142857142855,0.75,0.75,0.5,0.0,0.0,0.0,0.0,0.0,0.0,0.0,0.0,0.0,0.0,0.0,0.0,0.0,0.0,0.0,0.0,0.0,0.0,0.0,0.0
6f2ffa2e-3d56-453b-995e-0ad92eaad57d,requirement,easy,0.6659207344055176,0.13788838684558868,0.08425784111022949,1.0,0.0,0.0,0.0,1.0,0.3,9.0,13.0,1.0,0.3333333333333333,0.5714285714285714,0.5714285714285714,0.4444444444444444,0.0,1.0,0.0,0.0,1.0,0.0,0.0,0.0,0.0,0.0,1.0,0.0,2.0,1.0,0.0,1.0,0.0,0.0,1.0,1.0
702951cb-ab7b-4137-b2c3-2afc68184753,definition,easy,0.2825271189212799,0.3849222958087921,0.9044524431228638,1.0,0.7142857142857143,0.8333333333333334,0.8333333333333334,0.16666666666666666,1.0,12.0,11.0,1.0,0.2857142857142857,0.6666666666666666,0.6666666666666666,0.3333333333333333,0.0,0.0,0.0,0.0,0.0,0.0,0.0,0.0,0.0,0.0,0.0,0.0,0.0,0.0,0.0,0.0,0.0,0.0,0.0,0.0
70c3730c-c174-4790-a4d9-0caf66ea866a,identifier,easy,0.21044960618019104,0.8259518146514893,0.1593691110610962,0.25,0.1,0.1111111111111111,0.5,0.8888888888888888,7.363636363636363,98.0,11.0,0.8333333333333334,0.07692307692307693,0.16666666666666666,0.16666666666666666,0.125,0.0,1.0,1.0,0.5,0.5,0.5,0.0,0.0,0.0,0.5,0.5,0.4,1.0,1.0,3.0,8.0,8.0,0.0,0.0,0.0
717c84cd-6773-41b0-8d96-39313818897a,requirement,hard,0.6525765657424927,0.8922739624977112,0.7678518295288086,0.3333333333333333,0.3076923076923077,0.32,0.8888888888888888,0.68,2.9047619047619047,109.0,32.0,0.5,0.18181818181818182,0.5,0.5,0.2222222222222222,0.0,1.0,1.0,0.0,0.0,1.0,0.0,0.0,0.0,0.0,0.0,1.0,0.0,1.0,3.0,0.0,1.0,0.0,0.0,0.0
71cfb4ec-59e1-4a60-a22a-a55b999675a4,requirement,easy,0.6516932845115662,0.6733894348144531,0.7078441381454468,0.08333333333333333,0.0707070707070707,0.07692307692307693,0.4666666666666667,0.9230769230769231,6.35,169.0,27.0,0.5,0.1111111111111111,0.4,0.4,0.13333333333333333,0.0,1.0,0.0,1.0,0.0,0.9166666666666666,0.0,0.0,0.0,0.0,1.0,0.0,1.0,1.0,0.0,1.0,12.0,0.0,0.0,0.0
72d8353e-bbbf-4f46-9a84-7ac6bab891c4,identifier,easy,0.7410793900489807,0.8414945602416992,0.8129575848579407,0.3333333333333333,0.18181818181818182,0.23529411764705882,0.4444444444444444,0.7647058823529411,2.0,29.0,14.0,0.8333333333333334,0.14285714285714285,0.2857142857142857,0.2857142857142857,0.2222222222222222,0.0,1.0,1.0,0.0,0.0,0.0,0.0,0.0,0.0,0.0,0.0,1.0,0.0,1.0,2.0,0.0,0.0,0.0,0.0,0.0
7363c602-09b7-407a-8510-0b039ed9f4f5,identifier,easy,0.6732553243637085,0.7598485946655273,0.884109377861023,0.0,0.2647058823529412,0.42857142857142855,0.4090909090909091,0.5714285714285714,0.9130434782608695,30.0,37.0,0.5833333333333334,0.08,0.4,0.4,0.09090909090909091,1.0,0.0,0.0,1.0,0.0,0.0,0.0,0.0,0.0,1.0,0.0,0.0,0.0,1.0,1.0,1.0,1.0,1.0,0.0,1.0
74128f82-482d-4eec-9846-b853b8c3dc0f,definition,medium,0.759368360042572,0.18381184339523315,0.05939990654587746,0.75,0.0,0.0,0.0,1.0,0.17647058823529413,9.0,27.0,0.6666666666666666,0.23529411764705882,0.8,0.8,0.25,0.0,0.0,0.0,0.0,0.0,0.0,0.0,0.0,0.0,0.0,0.0,0.0,0.0,0.0,0.0,0.0,0.0,0.0,0.0,0.0
741920fe-c7d4-4e38-a239-207741b9e271,identifier,easy,0.6633939146995544,0.8566228151321411,0.8432823419570923,0.5833333333333334,0.2727272727272727,0.2727272727272727,1.0,0.7272727272727273,4.166666666666667,45.0,6.0,1.0,0.2222222222222222,0.4,0.4,0.3333333333333333,0.0,0.0,1.0,1.0,0.0,0.0,1.0,0.0,0.0,1.0,0.0,0.0,0.0,0.0,2.0,2.0,2.0,0.0,0.0,1.0
760f13d4-e9f6-459e-a27c-adb15045e893,definition,easy,0.8169854879379272,0.8518775701522827,0.9257784485816956,0.16666666666666666,0.40625,0.41935483870967744,0.9285714285714286,0.5806451612903226,2.2,55.0,25.0,0.6666666666666666,0.4375,0.7777777777777778,0.7777777777777778,0.5,0.0,0.0,0.0,0.0,0.0,0.0,0.0,0.0,0.0,0.0,0.0,0.0,0.0,0.0,0.0,0.0,0.0,0.0,0.0,0.0
76369abb-1b00-4b04-98b4-af1c808ecc8f,requirement,easy,0.5678932666778564,0.796131432056427,0.81582111120224,0.4166666666666667,0.24390243902439024,0.2702702702702703,0.7142857142857143,0.7297297297297297,3.3333333333333335,90.0,25.0,0.4166666666666667,0.15,0.3333333333333333,0.3333333333333333,0.21428571428571427,0.5,0.5,0.5,0.0,1.0,1.0,0.0,0.0,0.0,0.5,0.5,0.5,1.5,2.0,2.0,2.0,1.0,0.0,0.0,0.0
7667b81b-e737-4373-a9fd-349ae4e0c54e,identifier,medium,0.7689383029937744,0.7509998083114624,0.7034857869148254,0.16666666666666666,0.09166666666666666,0.09734513274336283,0.6111111111111112,0.9026548672566371,7.476190476190476,217.0,42.0,0.3333333333333333,0.14285714285714285,0.5,0.5,0.16666666666666666,0.0,1.0,1.0,0.0,0.0,1.0,0.0,0.0,0.0,0.0,0.0,0.0,0.0,1.0,1.0,0.0,9.0,0.0,0.0,0.0
76d70eb8-70e2-45a9-a641-bce6f5e45441,definition,easy,0.8059075474739075,0.8365734815597534,0.9711458086967468,0.8333333333333334,0.8,0.9230769230769231,0.8571428571428571,0.07692307692307693,0.9375,21.0,24.0,0.6666666666666666,0.3125,0.7142857142857143,0.7142857142857143,0.35714285714285715,0.0,0.0,1.0,0.0,0.0,0.0,0.0,0.0,0.0,0.0,0.0,0.0,0.0,0.0,1.0,0.0,0.0,0.0,0.0,0.0
77f2809d-4443-4c19-8426-a9e36a50ce33,procedure,easy,0.536400318145752,0.407869815826416,0.41415417194366455,0.16666666666666666,0.02857142857142857,0.03076923076923077,0.2857142857142857,0.9692307692307692,10.714285714285714,116.0,12.0,1.0,0.14285714285714285,1.0,1.0,0.14285714285714285,0.0,0.0,0.0,0.0,0.0,0.0,0.0,0.0,0.0,0.0,0.0,0.0,0.0,0.0,0.0,0.0,0.0,0.0,0.0,0.0
78548838-0293-4752-9621-65c869f871c7,procedure,easy,0.6364995241165161,0.7751935720443726,0.8882446885108948,0.4166666666666667,0.36363636363636365,0.47058823529411764,0.6153846153846154,0.5294117647058824,1.2857142857142858,42.0,27.0,0.5833333333333334,0.11764705882352941,0.3333333333333333,0.3333333333333333,0.15384615384615385,0.0,0.0,0.0,0.0,0.0,0.0,0.0,0.0,0.0,0.0,0.0,0.0,0.0,0.0,0.0,0.0,0.0,0.0,0.0,0.0
7878e886-a2e0-439c-9424-fab4c532ad43,procedure,hard,0.9033801555633545,0.898847758769989,0.9526511430740356,0.5833333333333334,0.76,0.9047619047619048,0.8260869565217391,0.09523809523809523,0.9166666666666666,30.0,33.0,0.3333333333333333,0.391304347826087,1.0,1.0,0.391304347826087,0.0,0.0,1.0,0.0,1.0,0.0,0.0,1.0,0.0,0.0,1.0,0.0,3.0,0.0,1.0,2.0,0.0,0.0,0.0,0.0
78e4c9eb-e0aa-422e-be63-8eeba70ef804,identifier,easy,0.6463888883590698,0.649466872215271,0.9411259889602661,0.75,0.4444444444444444,0.5714285714285714,0.6666666666666666,0.42857142857142855,1.1666666666666667,13.0,10.0,0.8333333333333334,0.2857142857142857,0.6666666666666666,0.6666666666666666,0.3333333333333333,1.0,0.0,0.0,1.0,0.0,0.0,0.0,0.0,0.0,1.0,0.0,0.25,0.0,1.0,1.0,2.0,2.0,0.0,0.0,0.0
794fdbb2-5d18-4b82-93cb-8578498d0f89,requirement,easy,0.6857923865318298,0.7674504518508911,0.6733760833740234,0.08333333333333333,0.09722222222222222,0.11290322580645161,0.4117647058823529,0.8870967741935484,4.666666666666667,134.0,23.0,0.4166666666666667,0.14285714285714285,0.42857142857142855,0.42857142857142855,0.17647058823529413,0.0,0.0,0.0,0.0,0.0,1.0,0.0,0.0,0.0,0.0,0.0,0.0,0.0,0.0,0.0,0.0,4.0,0.0,0.0,0.0
796f20ea-d7cf-4537-b52f-0dbe379dc5ba,definition,easy,0.3699602782726288,0.561461865901947,0.6486468315124512,1.0,0.2727272727272727,0.2727272727272727,1.0,0.7272727272727273,4.0,20.0,3.0,1.0,0.2,0.3333333333333333,0.3333333333333333,0.3333333333333333,0.0,0.0,1.0,1.0,0.0,0.0,1.0,0.0,0.0,1.0,0.0,0.0,0.0,0.0,1.0,2.0,2.0,0.0,1.0,1.0
79964c5a-ca4b-4792-836f-82981604c6dd,definition,hard,0.6849607825279236,0.8023579716682434,0.8514372110366821,0.75,0.10526315789473684,0.10526315789473684,1.0,0.8947368421052632,10.5,80.0,6.0,1.0,0.3333333333333333,0.5,0.5,0.5,0.0,1.0,1.0,0.0,0.0,0.0,0.0,0.0,0.0,1.0,0.0,0.5,0.0,1.0,3.0,0.0,0.0,0.0,0.0,1.0
7a7f63fe-1190-497f-8ad2-7621ecc509c7,definition,easy,0.5744633078575134,0.8657816648483276,0.6014705896377563,0.0,0.037037037037037035,0.06666666666666667,0.07692307692307693,0.9333333333333333,1.0666666666666667,29.0,24.0,0.5833333333333334,0.05555555555555555,0.16666666666666666,0.16666666666666666,0.07692307692307693,0.5,0.5,0.5,0.0,0.0,0.0,0.0,0.0,0.0,0.5,0.5,0.0,0.5,2.0,2.0,0.0,0.0,1.0,0.0,1.0
7b81aa21-67e4-43e5-bb7a-b1ca986ed4d8,procedure,easy,0.8044965267181396,0.14830705523490906,0.16767972707748413,0.9166666666666666,0.0,0.0,0.0,1.0,0.25,9.0,18.0,1.0,0.2727272727272727,0.75,0.75,0.3,0.0,1.0,0.0,0.0,0.0,0.0,0.0,0.0,0.0,0.0,1.0,0.0,1.0,1.0,0.0,0.0,0.0,0.0,0.0,1.0
7ca2cf05-31ee-4b5e-b540-6ea877991a77,requirement,medium,0.6255682110786438,0.5670030117034912,0.4602164626121521,0.08333333333333333,0.09433962264150944,0.11363636363636363,0.35714285714285715,0.8863636363636364,3.7857142857142856,88.0,26.0,0.6666666666666666,0.1875,0.6,0.6,0.21428571428571427,0.0,0.0,1.0,0.0,0.0,1.0,0.0,0.0,0.0,0.0,1.0,1.0,1.0,0.0,2.0,0.0,4.0,0.0,0.0,0.0
7d8b09f3-7409-4d13-877c-5ffcd0f6e2dc,factual,hard,0.47050940990448,0.9046374559402466,0.6744532585144043,0.4166666666666667,0.6470588235294118,0.717391304347826,0.868421052631579,0.2826086956521739,1.25,93.0,76.0,0.08333333333333333,0.09090909090909091,0.4,0.4,0.10526315789473684,1.0,0.0,0.0,0.0,0.0,0.0,0.0,0.0,0.0,1.0,0.0,0.6666666666666666,0.0,1.0,1.0,0.0,0.0,0.0,0.0,0.0
7e92ab5d-9162-49ab-ac61-95c9171920ae,definition,easy,0.5399976968765259,0.8734673857688904,0.805338978767395,0.75,0.6875,0.7333333333333333,0.9166666666666666,0.26666666666666666,1.3333333333333333,24.0,18.0,0.6666666666666666,0.125,0.3333333333333333,0.3333333333333333,0.16666666666666666,0.0,0.0,0.0,0.0,0.0,0.0,0.0,0.0,0.0,0.0,0.0,0.0,0.0,0.0,0.0,0.0,0.0,0.0,0.0,0.0
7efd9f1a-f2b4-4149-b6f4-64ecec149019,definition,easy,0.7181231379508972,0.8173825740814209,0.8111103773117065,0.3333333333333333,0.2571428571428571,0.2727272727272727,0.8181818181818182,0.7272727272727273,3.4545454545454546,69.0,16.0,0.8333333333333334,0.2857142857142857,0.5714285714285714,0.5714285714285714,0.36363636363636365,0.0,0.0,0.0,0.0,0.0,0.0,0.0,0.0,0.0,0.0,0.0,0.0,0.0,0.0,0.0,0.0,0.0,0.0,0.0,0.0
7f2648cf-146b-48f7-bb16-8f8ca0ed2fd0,definition,easy,0.8296453952789307,0.7655341625213623,0.8183044195175171,0.5833333333333334,0.3333333333333333,0.34782608695652173,0.8888888888888888,0.6521739130434783,2.3636363636363638,46.0,17.0,1.0,0.3,0.75,0.75,0.3333333333333333,0.0,1.0,1.0,0.0,0.0,0.0,0.0,0.0,0.0,0.0,0.0,0.0,0.0,1.0,5.0,0.0,0.0,0.0,0.0,0.0
7f2fa59d-330c-4cff-befc-213f4236e984,requirement,medium,0.46106216311454773,0.5997728705406189,0.5193127393722534,0.08333333333333333,0.025974025974025976,0.029850746268656716,0.16666666666666666,0.9701492537313433,5.4,132.0,23.0,0.5,0.1111111111111111,0.25,0.25,0.16666666666666666,0.0,1.0,0.0,0.0,0.0,0.0,0.0,0.0,0.0,0.0,1.0,0.0,1.0,2.0,0.0,0.0,0.0,0.0,0.0,0.0
8010db5d-0de4-4c59-b68f-e3e0358f802a,identifier,easy,0.8254754543304443,0.856016218662262,0.9272940158843994,1.0,0.5,0.5714285714285714,0.8,0.42857142857142855,1.4,12.0,9.0,1.0,0.25,0.4,0.4,0.4,0.0,0.0,0.0,0.0,0.0,0.0,0.0,0.0,0.0,0.0,0.0,0.0,0.0,0.0,0.0,0.0,0.0,0.0,0.0,0.0
801db6aa-b93e-47b8-88f9-f4afd6e95a16,factual,hard,0.32594698667526245,0.5801424384117126,0.5123977661132812,0.0,0.0,0.0,0.0,1.0,7.4,223.0,28.0,0.5,0.0,0.0,0.0,0.0,0.0,0.0,1.0,0.0,0.0,1.0,0.0,0.0,0.0,0.0,0.0,0.0,0.0,0.0,1.0,0.0,3.0,0.0,0.0,0.0
804d9880-0181-4bf1-b592-634c4832674e,factual,easy,0.8480597734451294,0.8679102659225464,0.862534761428833,0.75,0.2777777777777778,0.29411764705882354,0.8333333333333334,0.7058823529411765,4.333333333333333,47.0,10.0,1.0,0.25,0.5,0.5,0.3333333333333333,0.0,0.0,1.0,0.0,0.0,1.0,0.0,0.0,0.0,0.0,0.0,1.0,0.0,0.0,1.0,0.0,1.0,0.0,0.0,0.0
808c4159-7d8a-4106-9b95-1e517a33859a,factual,hard,0.7999448776245117,0.8606737852096558,0.8693472146987915,0.25,0.45454545454545453,0.5555555555555556,0.7142857142857143,0.4444444444444444,1.105263157894737,39.0,25.0,0.5833333333333334,0.4117647058823529,0.7,0.7,0.5,0.5,0.5,0.5,0.0,1.0,0.0,0.0,0.0,0.0,0.5,0.5,0.5,1.5,2.0,2.0,2.0,0.0,1.0,0.0,1.0
80a779b3-e7f6-40e5-840d-77dc54a25e5e,requirement,medium,0.7521505355834961,0.5532294511795044,0.7709704637527466,0.16666666666666666,0.15,0.20689655172413793,0.35294117647058826,0.7931034482758621,2.0588235294117645,54.0,27.0,0.4166666666666667,0.2631578947368421,0.7142857142857143,0.7142857142857143,0.29411764705882354,0.0,0.0,0.0,0.0,0.0,0.0,0.0,0.0,0.0,0.0,0.0,0.0,0.0,0.0,0.0,0.0,0.0,0.0,0.0,0.0
8217d045-55e5-4d50-aa62-311a6c59c890,factual,medium,0.519982635974884,0.7899383306503296,0.6602993011474609,0.08333333333333333,0.06363636363636363,0.08045977011494253,0.23333333333333334,0.9195402298850575,3.4242424242424243,154.0,49.0,0.0,0.025,0.09090909090909091,0.09090909090909091,0.03333333333333333,0.0,1.0,1.0,0.0,0.0,1.0,0.0,0.0,0.0,1.0,0.0,0.75,0.0,4.0,6.0,0.0,5.0,0.0,0.0,0.5
82c6605f-2a90-4f0c-bba0-76357d513975,identifier,medium,0.4951151907444,0.7294360399246216,0.45269978046417236,0.5833333333333334,0.0,0.0,0.0,1.0,12.0,58.0,6.0,1.0,0.0,0.0,0.0,0.0,0.0,0.0,1.0,0.0,0.0,1.0,0.0,0.0,0.0,0.0,1.0,1.0,1.0,0.0,6.0,0.0,8.0,0.0,0.0,0.0
82fa36d0-a23a-44ae-8952-5654db27090d,procedure,medium,0.5726644396781921,0.7076778411865234,0.6435946226119995,0.5,0.36065573770491804,0.39285714285714285,0.8148148148148148,0.6071428571428571,1.7142857142857142,103.0,54.0,0.75,0.17857142857142858,0.8333333333333334,0.8333333333333334,0.18518518518518517,0.5,0.5,0.8,1.0,0.0,0.5,0.0,0.0,0.0,1.0,0.0,0.75,0.0,2.0,5.0,2.0,4.0,1.0,0.0,1.0
83df32d3-58c7-4f16-bf0e-8bebe9f5a1ef,definition,easy,0.5556185245513916,0.8695777654647827,0.7579984664916992,0.25,0.3225806451612903,0.3333333333333333,0.9090909090909091,0.6666666666666666,3.090909090909091,56.0,16.0,0.8333333333333334,0.13333333333333333,0.3333333333333333,0.3333333333333333,0.18181818181818182,0.5,0.5,0.5,0.0,0.0,0.0,0.0,0.0,0.0,0.0,0.0,1.0,0.0,2.0,2.0,0.0,0.0,0.0,0.0,0.0
844ad331-e8fc-4167-855f-49020cbc826a,definition,easy,0.8278196454048157,0.7975044250488281,0.8432589769363403,0.3333333333333333,0.07142857142857142,0.07142857142857142,1.0,0.9285714285714286,12.25,76.0,4.0,1.0,0.5,0.5,0.5,1.0,0.0,0.0,1.0,0.0,0.0,0.0,0.0,0.0,0.0,0.5,0.5,0.5,0.5,0.0,1.0,0.0,0.0,0.0,0.0,0.5
85cf3179-7c8e-4331-a2a7-9a639c60d6d0,factual,easy,0.93863844871521,0.6337549090385437,0.6475739479064941,0.08333333333333333,0.4482758620689655,0.48148148148148145,0.8666666666666667,0.5185185185185185,1.8666666666666667,39.0,21.0,1.0,0.875,0.9333333333333333,0.9333333333333333,0.9333333333333333,0.0,0.0,1.0,0.0,0.0,0.0,0.0,0.0,0.0,0.0,0.0,0.0,0.0,0.0,1.0,0.0,0.0,0.0,0.0,0.0
860821e9-65b5-4c75-9697-ee3cbbf742c5,requirement,hard,0.0,0.7144339084625244,0.0,0.0,0.0,0.0,0.0,1.0,219.0,312.0,0.0,0.0,0.0,0.0,0.0,0.0,0.0,0.0,1.0,0.0,0.0,1.0,0.0,0.0,0.0,0.0,0.0,1.0,0.0,0.0,8.0,0.0,8.0,0.0,0.0,0.0
8654eaa9-8fbe-47b8-a84e-54b29b9e067d,definition,hard,0.8704731464385986,0.8593709468841553,0.9475957155227661,0.8333333333333334,0.875,0.875,1.0,0.125,1.125,37.0,31.0,0.75,0.26666666666666666,0.8,0.8,0.2857142857142857,0.0,1.0,1.0,1.0,0.0,0.0,0.0,0.0,0.0,1.0,0.0,0.0,0.0,1.0,1.0,1.0,1.0,1.0,1.0,1.0
8730a007-41f9-42d0-af5f-8e71111d5dad,requirement,medium,0.6180465221405029,0.7805449962615967,0.5989303588867188,0.25,0.12195121951219512,0.15625,0.35714285714285715,0.84375,2.3333333333333335,64.0,26.0,0.5,0.16666666666666666,0.42857142857142855,0.42857142857142855,0.21428571428571427,0.0,0.0,0.0,0.0,1.0,0.0,0.0,0.0,0.0,0.0,1.0,0.0,2.0,0.0,0.0,1.0,0.0,0.0,0.0,0.0
87567a5a-100d-49d9-a8a7-ea1ac597a777,procedure,medium,0.6056071519851685,0.6202459335327148,0.47856950759887695,0.0,0.11627906976744186,0.14705882352941177,0.35714285714285715,0.8529411764705882,2.533333333333333,63.0,21.0,0.5833333333333334,0.11764705882352941,0.4,0.4,0.14285714285714285,0.0,0.0,0.0,0.0,0.0,0.0,0.0,0.0,0.0,0.0,0.0,0.0,0.0,0.0,0.0,0.0,0.0,0.0,0.0,0.0
8831c535-ddc2-490a-a040-3fd71454e47e,procedure,hard,0.6818681955337524,0.8678877353668213,0.8834256529808044,0.16666666666666666,0.4772727272727273,0.4883720930232558,0.9545454545454546,0.5116279069767442,1.8,76.0,35.0,0.25,0.07407407407407407,0.2857142857142857,0.2857142857142857,0.09090909090909091,0.0,0.0,1.0,0.0,0.0,1.0,0.0,0.0,0.0,0.0,0.0,1.0,0.0,0.0,1.0,0.0,1.0,0.0,0.0,0.0
885f2998-cd89-48f4-b6a3-7991f3e020ac,requirement,easy,0.07867009937763214,0.6218240261077881,0.18239502608776093,0.08333333333333333,0.02,0.022222222222222223,0.16666666666666666,0.9777777777777777,10.333333333333334,100.0,10.0,1.0,0.0,0.0,0.0,0.0,0.0,1.0,1.0,0.0,0.0,1.0,0.0,0.0,0.0,0.0,1.0,0.0,1.0,1.0,1.0,0.0,3.0,0.0,0.0,0.0
8948c922-faf7-48a9-8608-228f51276111,definition,easy,0.5871930122375488,0.7614375948905945,0.7308439016342163,0.16666666666666666,0.4117647058823529,0.4827586206896552,0.7368421052631579,0.5172413793103449,1.6842105263157894,52.0,26.0,0.3333333333333333,0.13043478260869565,0.42857142857142855,0.42857142857142855,0.15789473684210525,0.0,0.0,1.0,0.0,0.0,1.0,0.0,0.0,0.0,0.0,0.0,1.0,0.0,0.0,1.0,0.0,3.0,0.0,0.0,0.0
8adbbb2a-2a1c-4a89-8420-9bac1400d2ab,identifier,easy,0.6528686285018921,0.6524112820625305,0.9465370178222656,0.75,0.4444444444444444,0.5714285714285714,0.6666666666666666,0.42857142857142855,1.1666666666666667,13.0,10.0,0.8333333333333334,0.2857142857142857,0.6666666666666666,0.6666666666666666,0.3333333333333333,1.0,0.0,0.0,1.0,0.0,0.0,0.0,0.0,0.0,1.0,0.0,0.25,0.0,1.0,1.0,2.0,2.0,0.0,0.0,0.0
8cf02878-d60d-4cd4-820a-2fd24e8b9dc9,requirement,medium,0.820229709148407,0.9013347029685974,0.8193260431289673,0.16666666666666666,0.05128205128205128,0.07407407407407407,0.14285714285714285,0.9259259259259259,2.0,64.0,28.0,0.8333333333333334,0.125,0.5,0.5,0.14285714285714285,0.0,0.0,0.0,0.0,0.0,0.0,0.0,0.0,0.0,0.0,0.0,0.0,0.0,0.0,0.0,0.0,0.0,0.0,0.0,0.0
8db80bfc-5392-43dd-9da8-0cb205026667,factual,easy,0.5868152379989624,0.7773329019546509,0.8705930709838867,0.5,0.42105263157894735,0.5333333333333333,0.6666666666666666,0.4666666666666667,1.1538461538461537,26.0,23.0,0.3333333333333333,0.0,0.0,0.0,0.0,0.0,0.0,0.0,0.0,0.0,0.0,0.0,0.0,0.0,0.0,0.0,0.0,0.0,0.0,0.0,0.0,0.0,0.0,0.0,0.0
8e0c213b-0c7d-401d-8f19-6df4f183fb3b,definition,easy,0.6533353328704834,0.8121687769889832,0.8434466123580933,0.5,0.22033898305084745,0.22807017543859648,0.8666666666666667,0.7719298245614035,4.125,107.0,29.0,0.9166666666666666,0.13333333333333333,1.0,1.0,0.13333333333333333,0.0,0.0,0.0,0.0,0.0,0.0,0.0,0.0,0.0,0.0,0.0,0.0,0.0,0.0,0.0,0.0,0.0,0.0,0.0,0.0
8e0cf0e1-6d5e-4a15-b021-06612d8cd3bc,definition,easy,0.6243851184844971,0.05570687726140022,0.006049346178770065,1.0,0.0,0.0,0.0,1.0,0.3,9.0,20.0,1.0,0.18181818181818182,0.4,0.4,0.25,0.0,1.0,0.0,0.0,0.0,0.0,0.0,0.0,0.0,0.0,0.0,0.0,0.0,2.0,0.0,0.0,0.0,0.0,0.0,0.0
8e6a2d1a-d414-487a-9138-861a1ebfff22,requirement,hard,0.9208974838256836,0.8039563894271851,0.825337827205658,0.4166666666666667,0.4,0.42857142857142855,0.8571428571428571,0.5714285714285714,2.0,55.0,29.0,0.75,0.3125,0.7142857142857143,0.7142857142857143,0.35714285714285715,0.0,0.0,0.0,0.0,0.0,0.0,0.0,0.0,0.0,0.0,0.0,0.0,0.0,0.0,0.0,0.0,0.0,0.0,0.0,0.0
8e819d57-f0d8-49f6-b0ea-8ffdb052d626,procedure,easy,0.8359253406524658,0.8897062540054321,0.7569771409034729,0.08333333333333333,0.08823529411764706,0.13043478260869565,0.21428571428571427,0.8695652173913043,1.8571428571428572,46.0,26.0,0.5833333333333334,0.11764705882352941,0.4,0.4,0.14285714285714285,0.0,0.0,0.0,0.0,0.0,0.0,0.0,0.0,0.0,0.0,0.0,1.0,0.0,0.0,0.0,0.0,0.0,0.0,0.0,0.0
8e9acbf3-a78f-45d1-89ca-27f39dc64577,requirement,easy,0.8867955207824707,0.5593384504318237,0.5115821361541748,0.3333333333333333,0.18518518518518517,0.2631578947368421,0.38461538461538464,0.7368421052631579,2.0,43.0,31.0,0.8333333333333334,0.4,0.75,0.75,0.46153846153846156,0.0,0.0,0.0,1.0,0.0,0.0,0.0,0.0,0.0,1.0,0.0,0.0,0.0,0.0,0.0,1.0,1.0,0.0,1.0,1.0
8fa4bfe6-abcd-4100-b430-136fb9ce97a0,identifier,easy,0.5802255272865295,0.7934358716011047,0.6556268334388733,0.75,0.25,0.2727272727272727,0.75,0.7272727272727273,4.25,60.0,11.0,1.0,0.16666666666666666,0.3333333333333333,0.3333333333333333,0.25,0.0,0.0,1.0,0.0,0.0,1.0,0.0,0.0,0.0,0.0,0.0,1.0,0.0,0.0,1.0,0.0,1.0,0.0,0.0,0.0
8fdc00bd-e6f3-4db4-9c6b-153144671bba,identifier,medium,0.4378530979156494,0.8606821298599243,0.5306464433670044,0.0,0.07547169811320754,0.09523809523809523,0.26666666666666666,0.9047619047619048,4.0,84.0,23.0,0.3333333333333333,0.045454545454545456,0.125,0.125,0.06666666666666667,0.0,0.0,0.0,0.0,0.0,0.0,0.0,0.0,0.0,0.0,0.0,0.0,0.0,0.0,0.0,0.0,0.0,0.0,0.0,0.0
91f5eeeb-3e37-456e-86db-b64af555a5b0,identifier,easy,0.8055731058120728,0.917628288269043,0.8635339736938477,0.16666666666666666,0.16393442622950818,0.18181818181818182,0.625,0.8181818181818182,3.888888888888889,108.0,26.0,0.4166666666666667,0.4,0.6666666666666666,0.6666666666666666,0.5,0.0,1.0,1.0,0.0,0.0,0.0,1.0,0.0,0.0,1.0,0.0,0.75,0.0,1.0,6.0,0.0,0.0,0.0,0.0,1.0
9224f102-0043-4ec9-bb72-c5b244e183ca,identifier,easy,0.22248539328575134,0.5480412244796753,0.45618778467178345,0.5,0.029411764705882353,0.03225806451612903,0.25,0.967741935483871,8.25,53.0,4.0,1.0,0.0,0.0,0.0,0.0,0.0,1.0,1.0,0.0,0.0,0.0,0.0,0.0,0.0,0.5,0.5,0.5,0.5,1.0,3.0,0.0,0.0,0.0,0.0,0.0
940b5e60-4ee9-4df3-9aee-83dc03c9e8aa,identifier,easy,0.2611957788467407,0.38693302869796753,0.24497541785240173,0.0,0.023809523809523808,0.0425531914893617,0.05128205128205128,0.9574468085106383,1.240506329113924,110.0,79.0,0.5833333333333334,0.0,0.0,0.0,0.0,0.0,1.0,1.0,0.0,0.0,1.0,0.0,0.0,1.0,0.0,1.0,1.0,1.0,28.0,27.0,0.0,1.0,0.0,0.0,0.0
942f4650-e98d-4990-8413-99ca75083cf2,procedure,easy,0.6880005598068237,0.721293568611145,0.7922834157943726,0.3333333333333333,0.0851063829787234,0.09195402298850575,0.5333333333333333,0.9080459770114943,6.625,173.0,24.0,0.75,0.17647058823529413,0.6,0.6,0.2,0.0,0.0,1.0,0.0,0.0,0.0,0.0,0.0,0.0,0.0,0.0,1.0,0.0,0.0,1.0,0.0,0.0,0.0,0.0,0.0
949763d6-412a-42d1-b307-353c85f4c762,identifier,easy,0.843655526638031,0.7382286190986633,0.6962405443191528,0.3333333333333333,0.07246376811594203,0.07352941176470588,0.8333333333333334,0.9264705882352942,12.571428571428571,137.0,8.0,1.0,0.5,0.6666666666666666,0.6666666666666666,0.6666666666666666,0.0,0.0,0.0,0.0,0.0,1.0,0.0,0.0,0.0,0.0,0.0,1.0,0.0,0.0,0.0,0.0,4.0,0.0,0.0,0.0
94a93634-0991-4279-b32d-e3ff77e25e26,requirement,medium,0.5170373916625977,0.6067396402359009,0.6315079927444458,0.16666666666666666,0.04424778761061947,0.04950495049504951,0.29411764705882354,0.9504950495049505,7.4,224.0,33.0,0.6666666666666666,0.15789473684210525,0.6,0.6,0.17647058823529413,0.0,0.0,1.0,0.0,1.0,1.0,0.0,0.0,0.0,0.0,1.0,1.0,2.0,0.0,2.0,2.0,7.0,0.0,0.0,0.0
95f52bbe-6635-463f-8358-45dc87dbd48d,definition,easy,0.8368377685546875,0.7980508208274841,0.8780016899108887,0.08333333333333333,0.375,0.4090909090909091,0.8181818181818182,0.5909090909090909,2.090909090909091,38.0,14.0,0.8333333333333334,0.14285714285714285,0.4,0.4,0.18181818181818182,1.0,0.0,0.0,0.0,0.0,1.0,0.0,0.0,1.0,1.0,0.0,0.6666666666666666,0.0,1.0,1.0,0.0,2.0,1.0,0.0,0.0
9630eea4-6151-45e8-ace0-0f29fe91b4af,procedure,medium,0.8925826549530029,0.8498873710632324,0.8579602241516113,0.08333333333333333,0.1206896551724138,0.12280701754385964,0.875,0.8771929824561403,9.625,102.0,11.0,1.0,0.5,0.7142857142857143,0.7142857142857143,0.625,0.0,0.0,0.0,0.0,0.0,0.0,0.0,0.0,0.0,0.0,0.0,0.0,0.0,0.0,0.0,0.0,0.0,0.0,0.0,0.0
9870b095-6026-44ed-abc0-036808f59787,definition,easy,0.8805473446846008,0.8582276105880737,0.8920530080795288,0.5,0.13953488372093023,0.15789473684210525,0.5454545454545454,0.8421052631578947,3.9166666666666665,69.0,14.0,0.9166666666666666,0.23076923076923078,0.6,0.6,0.2727272727272727,1.0,0.0,0.5,0.0,0.0,0.0,0.0,0.0,0.0,0.6666666666666666,0.3333333333333333,0.6,0.3333333333333333,2.0,4.0,0.0,0.0,1.0,0.0,1.0
987ef914-f137-481b-af46-036680e75d23,procedure,easy,0.6087353229522705,0.7696688175201416,0.5332136750221252,0.25,0.027777777777777776,0.02912621359223301,0.375,0.970873786407767,17.375,223.0,18.0,1.0,0.3333333333333333,0.75,0.75,0.375,0.0,0.0,0.0,0.0,0.0,1.0,0.0,0.0,0.0,0.0,0.0,0.0,0.0,0.0,0.0,0.0,6.0,0.0,0.0,0.0
990346ec-cda2-4817-b224-f5f987c65ac5,definition,hard,0.7126097679138184,0.7849411964416504,0.8570090532302856,0.08333333333333333,0.2987012987012987,0.4791666666666667,0.4423076923076923,0.5208333333333334,0.8813559322033898,84.0,85.0,0.4166666666666667,0.03508771929824561,0.2857142857142857,0.2857142857142857,0.038461538461538464,0.0,0.0,0.0,0.0,0.0,1.0,0.0,0.0,0.0,0.0,0.0,0.0,0.0,0.0,0.0,0.0,4.0,0.0,0.0,0.0
9939a516-49b3-476a-878b-e0e9659237fd,procedure,hard,0.3431718051433563,0.7057472467422485,0.3719196617603302,0.5833333333333334,0.06976744186046512,0.075,0.5,0.925,8.0,81.0,12.0,0.9166666666666666,0.0,0.0,0.0,0.0,0.0,0.0,0.0,0.0,0.0,0.0,0.0,0.0,0.0,0.0,0.0,0.0,0.0,0.0,0.0,0.0,0.0,0.0,0.0,0.0
9a22eb75-da5b-4af3-b7fc-d68965a9f839,factual,easy,0.7662944793701172,0.8829323649406433,0.8038801550865173,0.25,0.2972972972972973,0.2972972972972973,1.0,0.7027027027027027,3.1666666666666665,53.0,18.0,0.5,0.3333333333333333,0.46153846153846156,0.46153846153846156,0.5454545454545454,0.0,0.0,1.0,0.0,0.0,1.0,0.0,0.0,0.0,0.0,0.0,1.0,0.0,0.0,1.0,0.0,1.0,0.0,0.0,0.0
9a401a61-b885-4f5e-a5e8-67d6cfb22562,procedure,medium,0.68461674451828,0.6351363062858582,0.6504539251327515,0.16666666666666666,0.16666666666666666,0.20512820512820512,0.47058823529411764,0.7948717948717948,1.8636363636363635,68.0,26.0,0.8333333333333334,0.2222222222222222,0.8,0.8,0.23529411764705882,0.0,1.0,0.0,0.0,1.0,0.0,0.0,0.0,0.0,0.0,1.0,0.0,2.0,1.0,0.0,1.0,0.0,0.0,0.0,0.0
9af0c437-b4f3-48ec-bdbf-c8b030559684,requirement,easy,0.6353495121002197,0.8768203258514404,0.6187455058097839,0.0,0.038461538461538464,0.06451612903225806,0.08695652173913043,0.9354838709677419,1.6521739130434783,65.0,34.0,0.5833333333333334,0.07692307692307693,0.4,0.4,0.08695652173913043,0.0,1.0,0.0,0.0,1.0,0.0,0.0,0.0,0.0,0.0,1.0,0.0,2.0,1.0,0.0,3.0,0.0,0.0,0.0,0.0
9ca8f486-123b-43c7-982b-ffff782ad398,factual,hard,0.6758913993835449,0.6234394907951355,0.4683474004268646,0.3333333333333333,0.024390243902439025,0.02857142857142857,0.14285714285714285,0.9714285714285714,5.285714285714286,61.0,16.0,1.0,0.2222222222222222,0.5,0.5,0.2857142857142857,0.0,0.0,1.0,0.0,0.0,0.0,0.0,0.0,0.0,0.0,0.0,1.0,0.0,0.0,2.0,0.0,0.0,0.0,0.0,0.0
9d12fa51-d6e5-4c07-80e9-e799b3401d5d,identifier,easy,0.8936207890510559,0.8457425832748413,0.9516865015029907,0.75,0.8636363636363636,0.8636363636363636,1.0,0.13636363636363635,1.1578947368421053,34.0,28.0,0.5,0.6666666666666666,0.875,0.875,0.7368421052631579,1.0,0.0,0.0,0.0,0.0,0.0,0.0,0.0,0.0,0.0,0.0,0.0,0.0,1.0,1.0,0.0,0.0,0.0,0.0,0.0
9eff5867-b9a9-4beb-ae1b-0934bfc9bc0c,definition,medium,0.818813145160675,0.8111684918403625,0.9647228717803955,0.3333333333333333,0.4782608695652174,0.4782608695652174,1.0,0.5217391304347826,2.25,48.0,22.0,0.9166666666666666,0.15384615384615385,0.5,0.5,0.18181818181818182,0.0,0.0,0.0,0.0,0.0,0.0,0.0,0.0,0.0,0.0,0.0,0.0,0.0,0.0,0.0,0.0,0.0,0.0,0.0,0.0
a05f5eb6-0a91-435a-bb5f-b31dbf608cf6,procedure,easy,0.40183764696121216,0.8867019414901733,0.4115380644798279,0.0,0.0,0.0,0.0,1.0,0.9047619047619048,33.0,31.0,0.25,0.0,0.0,0.0,0.0,0.0,1.0,0.0,0.0,1.0,0.0,0.0,0.0,0.0,0.0,1.0,1.0,2.0,3.0,0.0,1.0,0.0,0.0,0.0,0.0
a09b25c6-9d72-476f-b1f5-6bc2ff5a7390,definition,medium,0.30165302753448486,0.6949021816253662,0.6728927493095398,0.5,0.2982456140350877,0.3333333333333333,0.7391304347826086,0.6666666666666666,3.4827586206896552,199.0,62.0,0.25,0.03125,0.1,0.1,0.043478260869565216,0.5,0.5,0.0,0.0,0.0,1.0,0.0,0.0,0.0,0.0,0.0,0.0,0.0,2.0,1.0,0.0,2.0,0.0,0.0,0.0
a47a6574-98b8-4e90-8d90-a7d7733e8dd7,procedure,hard,0.8422558307647705,0.8850886821746826,0.8788330554962158,0.4166666666666667,0.6,0.6,1.0,0.4,1.7692307692307692,65.0,34.0,0.5,0.25,0.7142857142857143,0.7142857142857143,0.2777777777777778,0.0,1.0,1.0,1.0,0.0,0.6666666666666666,0.0,0.0,0.0,1.0,0.0,0.0,0.0,1.0,1.0,1.0,3.0,0.0,1.0,1.0
a4d5881c-d57a-4dc3-9fbf-8dccb202ccfc,definition,easy,0.4345366060733795,0.7204626202583313,0.6221965551376343,0.0,0.03571428571428571,0.04878048780487805,0.11764705882352941,0.9512195121951219,2.388888888888889,76.0,26.0,0.5833333333333334,0.047619047619047616,0.2,0.2,0.058823529411764705,0.0,0.0,0.0,0.0,0.0,0.0,0.0,0.0,0.0,0.0,0.0,0.0,0.0,0.0,0.0,0.0,0.0,0.0,0.0,0.0
a59aac82-c711-4356-af2f-1dcb0d48ab09,identifier,hard,0.6748027801513672,0.7042149901390076,0.6805778741836548,0.16666666666666666,0.04838709677419355,0.04918032786885246,0.75,0.9508196721311475,20.75,131.0,5.0,1.0,0.14285714285714285,0.25,0.25,0.25,1.0,0.0,0.5,0.0,0.0,0.0,0.0,0.0,0.0,1.0,0.0,0.0,0.0,1.0,2.0,0.0,0.0,1.0,0.0,1.0
a65e6e79-1045-4691-b382-f872b987af6b,definition,medium,0.7332359552383423,0.7381638288497925,0.852580189704895,0.4166666666666667,0.36363636363636365,0.6153846153846154,0.47058823529411764,0.38461538461538464,0.4827586206896552,22.0,42.0,0.6666666666666666,0.2631578947368421,0.7142857142857143,0.7142857142857143,0.29411764705882354,0.0,1.0,0.0,0.0,0.0,0.0,0.0,0.0,0.0,0.0,0.0,0.0,0.0,1.0,0.0,0.0,0.0,0.0,0.0,0.0
a759b7ef-6bb5-4fc5-b569-f06fff66c33a,requirement,easy,0.7002050280570984,0.6105128526687622,0.8152564167976379,0.8333333333333334,0.8333333333333334,0.8823529411764706,0.9375,0.11764705882352941,1.0588235294117647,40.0,40.0,0.75,0.5,1.0,1.0,0.5,0.0,0.0,0.0,0.0,0.0,0.0,0.0,0.0,0.0,1.0,0.0,0.0,0.0,0.0,0.0,0.0,0.0,0.0,0.0,0.0
a797d00c-aedc-492d-ad31-198fd381709d,procedure,easy,0.6797868013381958,0.8273638486862183,0.6694391965866089,0.3333333333333333,0.3103448275862069,0.3333333333333333,0.8181818181818182,0.6666666666666666,6.2727272727272725,98.0,16.0,1.0,0.4166666666666667,0.8333333333333334,0.8333333333333334,0.45454545454545453,0.5,0.5,0.8571428571428571,0.0,0.0,0.0,0.0,0.0,0.0,1.0,0.0,0.75,0.0,2.0,7.0,0.0,0.0,0.0,0.0,1.0
a7d1c55f-cc07-4d8b-bde5-591aca191733,procedure,medium,0.5930249691009521,0.8143472671508789,0.6483569741249084,0.16666666666666666,0.045454545454545456,0.049019607843137254,0.38461538461538464,0.9509803921568627,9.2,213.0,26.0,0.8333333333333334,0.21428571428571427,0.75,0.75,0.23076923076923078,0.3333333333333333,0.6666666666666666,0.6666666666666666,0.0,0.0,1.0,0.0,0.0,0.0,0.3333333333333333,0.6666666666666666,0.8,0.6666666666666666,3.0,3.0,0.0,6.0,1.0,0.0,1.0
a860e37f-b4c7-4963-97d9-3db6035e2344,definition,easy,0.7370167374610901,0.6663898229598999,0.7084299921989441,0.16666666666666666,0.0,0.0,0.0,1.0,41.0,204.0,4.0,1.0,0.0,0.0,0.0,0.0,0.0,0.0,0.0,0.0,0.0,0.0,0.0,0.0,0.0,0.0,0.0,0.0,0.0,0.0,0.0,0.0,0.0,0.0,0.0,0.0
a8c64722-9e97-4efc-af06-5fef53e6f966,requirement,easy,0.7529062032699585,0.815617561340332,0.7209534645080566,0.16666666666666666,0.10256410256410256,0.13333333333333333,0.3076923076923077,0.8666666666666667,2.3846153846153846,56.0,22.0,0.8333333333333334,0.23529411764705882,0.5,0.5,0.3076923076923077,0.0,1.0,0.0,0.0,0.0,0.0,0.0,0.0,0.0,0.0,0.0,0.0,0.0,1.0,0.0,0.0,0.0,0.0,0.0,0.0
acc4f41a-ac27-4730-8132-c40884535768,requirement,easy,0.8773825168609619,0.7858394384384155,0.7982951998710632,0.4166666666666667,0.125,0.13043478260869565,0.75,0.8695652173913043,7.125,86.0,12.0,1.0,0.4,0.6666666666666666,0.6666666666666666,0.5,0.0,0.0,0.0,0.0,0.0,0.0,0.0,0.0,0.0,0.0,0.0,0.0,0.0,0.0,0.0,0.0,0.0,0.0,0.0,0.0
ad65598c-ec0f-4d6e-b547-a8999df43133,identifier,easy,0.805022120475769,0.8448182344436646,0.9143267273902893,0.16666666666666666,0.5161290322580645,0.5925925925925926,0.8,0.4074074074074074,1.32,54.0,41.0,0.3333333333333333,0.125,0.42857142857142855,0.42857142857142855,0.15,0.0,0.0,0.0,0.0,0.0,0.0,0.0,0.0,0.0,0.0,0.0,0.0,0.0,0.0,0.0,0.0,0.0,0.0,0.0,0.0
ae60a31a-f508-47d5-9395-8dd4f3e108ec,factual,medium,0.6078070402145386,0.7963211536407471,0.57201087474823,0.16666666666666666,0.058823529411764705,0.0967741935483871,0.13043478260869565,0.9032258064516129,1.6153846153846154,78.0,41.0,0.6666666666666666,0.11538461538461539,0.5,0.5,0.13043478260869565,0.0,1.0,0.0,0.0,0.0,0.0,0.0,0.0,0.0,0.0,1.0,0.0,1.0,1.0,0.0,0.0,0.0,0.0,0.0,0.0
ae750b63-f88a-47a0-bb6f-85f5b592b394,definition,hard,0.8311287760734558,0.8515969514846802,0.943739116191864,0.25,0.3541666666666667,0.3695652173913043,0.8947368421052632,0.6304347826086957,3.0,94.0,37.0,0.5833333333333334,0.13636363636363635,0.5,0.5,0.15789473684210525,0.0,0.0,0.0,0.0,0.0,0.0,0.0,0.0,0.0,0.0,0.0,0.0,0.0,0.0,0.0,0.0,0.0,0.0,0.0,0.0
aeacbe7e-3a51-4dcb-a61a-ab00af16cb80,definition,easy,0.7425607442855835,0.736670732498169,0.8838950395584106,0.08333333333333333,0.25,0.28205128205128205,0.6875,0.717948717948718,2.5,68.0,29.0,0.6666666666666666,0.23529411764705882,0.8,0.8,0.25,0.0,0.0,0.0,0.0,0.0,0.0,0.0,0.0,0.0,1.0,0.0,0.0,0.0,0.0,0.0,0.0,0.0,0.0,0.0,0.0
af9b3926-8540-4867-aa83-15b7e104781a,factual,hard,0.8060044050216675,0.8551087379455566,0.9229193925857544,0.08333333333333333,0.36,0.45,0.6428571428571429,0.55,1.6428571428571428,39.0,28.0,0.5833333333333334,0.17647058823529413,0.5,0.5,0.21428571428571427,0.0,0.0,0.0,0.0,0.0,0.0,0.0,0.0,0.0,0.0,0.0,0.0,0.0,0.0,0.0,0.0,0.0,0.0,0.0,0.0
b17803e6-9c1f-4ae6-aee8-683caf2c0cd5,procedure,easy,0.5655277967453003,0.21169239282608032,0.1092926561832428,0.75,0.0,0.0,0.0,1.0,0.15,9.0,29.0,0.16666666666666666,0.2608695652173913,0.5454545454545454,0.5454545454545454,0.3333333333333333,0.0,1.0,0.0,0.0,0.0,0.0,0.0,0.0,0.0,0.0,1.0,0.0,1.0,3.0,0.0,0.0,0.0,1.0,0.0,1.0
b17e16e1-5853-4587-bf42-376d3a48dcbb,definition,easy,0.8150147199630737,0.9157810211181641,0.7557337284088135,0.16666666666666666,0.16129032258064516,0.19230769230769232,0.5,0.8076923076923077,2.9,53.0,22.0,1.0,0.36363636363636365,0.8,0.8,0.4,0.0,1.0,1.0,0.0,1.0,0.0,0.0,0.0,0.0,0.0,1.0,1.0,2.0,1.0,1.0,2.0,0.0,0.5,0.0,0.0
b40ef491-9213-451c-8eed-02dabbe2e374,requirement,medium,0.822646975517273,0.7862906455993652,0.7983178496360779,0.5,0.20408163265306123,0.2127659574468085,0.8333333333333334,0.7872340425531915,4.6923076923076925,106.0,24.0,0.9166666666666666,0.38461538461538464,0.8333333333333334,0.8333333333333334,0.4166666666666667,0.0,1.0,1.0,0.0,0.0,0.0,0.0,0.0,0.0,0.0,0.0,1.0,0.0,1.0,1.0,0.0,0.0,0.0,0.0,0.0
b6eb09c5-ec36-4793-826b-7befb4aef0d1,definition,easy,0.8418976068496704,0.8573007583618164,0.8623521327972412,0.25,0.14634146341463414,0.15789473684210525,0.6666666666666666,0.8421052631578947,4.222222222222222,51.0,15.0,1.0,0.2727272727272727,0.6,0.6,0.3333333333333333,0.0,0.0,1.0,0.0,0.0,0.0,0.0,0.0,0.0,0.0,0.0,0.0,0.0,0.0,2.0,0.0,0.0,0.0,0.0,0.0
b8b1d5d2-0848-44ad-b084-63a5cc361372,definition,easy,0.8740271329879761,0.7946638464927673,0.8025354146957397,0.3333333333333333,0.2619047619047619,0.2682926829268293,0.9166666666666666,0.7317073170731707,3.8333333333333335,78.0,21.0,0.9166666666666666,0.6923076923076923,0.9,0.9,0.75,0.0,0.0,0.0,0.0,0.0,0.0,0.0,0.0,0.0,0.0,0.0,0.0,0.0,0.0,0.0,0.0,0.0,0.0,0.0,0.0
b92ca9b8-812e-4bf6-b273-e1a867f35904,definition,medium,0.6943233013153076,0.7633156180381775,0.9467371702194214,0.9166666666666666,0.8461538461538461,0.9166666666666666,0.9166666666666666,0.08333333333333333,1.0,19.0,19.0,0.5833333333333334,0.1875,0.42857142857142855,0.42857142857142855,0.25,0.0,0.0,0.0,1.0,0.0,0.0,0.0,0.0,0.0,1.0,0.0,0.0,0.0,0.0,0.0,2.0,2.0,0.0,0.0,1.0
bba3adfd-5180-4aac-9782-f42c0f096386,definition,easy,0.8357800841331482,0.8551774024963379,0.9311205148696899,0.75,0.7647058823529411,0.7647058823529411,1.0,0.23529411764705882,1.4285714285714286,34.0,23.0,1.0,0.46153846153846156,1.0,1.0,0.46153846153846156,0.0,0.0,1.0,0.0,0.0,0.0,0.0,0.0,0.0,0.0,0.0,1.0,0.0,0.0,1.0,0.0,0.0,0.0,0.0,0.0
bbcc16b5-46eb-4129-8967-96332f865de8,definition,easy,0.6783807277679443,0.603412389755249,0.7606814503669739,0.4166666666666667,0.10810810810810811,0.12121212121212122,0.5,0.8787878787878788,4.0,63.0,14.0,0.8333333333333334,0.23076923076923078,0.375,0.375,0.375,0.0,0.0,1.0,0.0,0.0,0.0,0.0,0.0,0.0,0.0,0.0,1.0,0.0,0.0,1.0,0.0,0.0,0.0,0.0,0.0
bca99061-a902-4d0c-8f1a-3b1953908609,factual,easy,0.7017900943756104,0.8120938539505005,0.5306106805801392,0.3333333333333333,0.2857142857142857,0.2962962962962963,0.8888888888888888,0.7037037037037037,3.2222222222222223,45.0,12.0,0.75,0.06666666666666667,0.14285714285714285,0.14285714285714285,0.1111111111111111,0.0,0.0,0.0,0.0,0.0,0.0,0.0,0.0,0.0,0.0,0.0,0.0,0.0,0.0,0.0,0.0,0.0,0.0,0.0,0.0
bebb9b70-a5c2-441c-bf1f-ab01bd5d5499,identifier,easy,0.4421529769897461,0.9422150254249573,0.4500194191932678,0.9166666666666666,0.0,0.0,0.0,1.0,2.5,15.0,4.0,1.0,0.0,0.0,0.0,0.0,0.0,0.0,0.0,0.0,0.0,0.0,0.0,0.0,0.0,0.0,1.0,1.0,1.0,0.0,0.0,0.0,0.0,0.0,0.0,0.0
bfba75de-e2f6-4264-bfad-7ed72b79fa06,procedure,hard,0.7481947541236877,0.8843798637390137,0.8835687041282654,0.5833333333333334,0.6129032258064516,0.6551724137931034,0.9047619047619048,0.3448275862068966,2.0416666666666665,91.0,44.0,0.5833333333333334,0.16666666666666666,0.5714285714285714,0.5714285714285714,0.19047619047619047,1.0,0.0,0.5,1.0,0.0,0.0,1.0,0.0,0.0,1.0,0.0,0.0,0.0,1.0,2.0,2.0,2.0,0.0,0.0,1.0
c0522fa3-d8e2-4864-bd8f-a6338884a1ff,factual,easy,0.7625705003738403,0.8687915205955505,0.9063264727592468,1.0,0.4,0.6666666666666666,0.5,0.3333333333333333,0.7,15.0,18.0,1.0,0.3,0.6,0.6,0.375,0.0,0.0,0.0,0.0,0.0,0.0,0.0,0.0,0.0,0.0,0.0,0.0,0.0,0.0,0.0,0.0,0.0,0.0,0.0,0.0
c32b8a17-036a-47d1-a62d-4de76fe7ec81,requirement,hard,0.8077117204666138,0.8417525291442871,0.6964622735977173,0.6666666666666666,0.06060606060606061,0.06451612903225806,0.5,0.9354838709677419,9.5,68.0,4.0,1.0,0.42857142857142855,0.5,0.5,0.75,0.0,0.0,1.0,0.0,1.0,1.0,0.0,0.0,0.0,0.3333333333333333,0.6666666666666666,0.0,1.6666666666666665,0.0,1.0,1.0,1.0,0.0,1.0,1.0
c3862bcb-e4d5-4cb2-a0bf-ab0fbedad3b0,procedure,easy,0.783944845199585,0.6639577150344849,0.6018580198287964,0.08333333333333333,0.027777777777777776,0.038461538461538464,0.09090909090909091,0.9615384615384616,2.6363636363636362,44.0,12.0,0.6666666666666666,0.0625,0.16666666666666666,0.16666666666666666,0.09090909090909091,0.0,0.0,1.0,0.0,0.0,0.0,0.0,0.0,0.0,0.0,0.0,1.0,0.0,0.0,2.0,0.0,0.0,0.0,0.0,0.0
c41e2227-f151-4a5a-a9ba-f8e930cf26e0,definition,medium,0.7386536598205566,0.8205704689025879,0.9286041855812073,0.25,0.3793103448275862,0.39285714285714285,0.9166666666666666,0.6071428571428571,2.066666666666667,50.0,25.0,0.5833333333333334,0.11764705882352941,0.2857142857142857,0.2857142857142857,0.16666666666666666,0.0,0.0,1.0,0.0,0.0,0.0,0.0,0.0,0.0,1.0,0.0,0.0,0.0,0.0,1.0,0.0,0.0,0.0,0.0,0.6666666666666666
c4a2cdb2-1cbc-4327-997b-b0138efc8172,requirement,hard,0.740303099155426,0.8727023601531982,0.9047601222991943,0.16666666666666666,0.5,0.5217391304347826,0.9230769230769231,0.4782608695652174,1.8461538461538463,39.0,16.0,0.6666666666666666,0.7647058823529411,0.7647058823529411,0.7647058823529411,1.0,1.0,0.0,0.0,0.0,0.0,0.0,0.0,0.0,0.0,1.0,0.0,0.0,0.0,3.0,3.0,0.0,0.0,0.6666666666666666,0.0,1.0
c4c015a8-5616-4adb-8aac-3d040488dad6,definition,easy,0.7882434725761414,0.9438875317573547,0.8743396997451782,0.0,0.32142857142857145,0.375,0.6923076923076923,0.625,1.5,38.0,20.0,0.8333333333333334,0.3333333333333333,0.7142857142857143,0.7142857142857143,0.38461538461538464,0.0,0.0,1.0,0.0,1.0,0.0,0.0,0.0,0.0,1.0,0.0,0.0,1.0,0.0,1.0,1.0,0.0,0.0,0.0,1.0
c520c893-9559-4b6f-9962-ba5a569de9be,definition,easy,0.7621328830718994,0.635195791721344,0.6480846405029297,0.5833333333333334,0.06451612903225806,0.07407407407407407,0.3333333333333333,0.9259259259259259,4.833333333333333,48.0,9.0,1.0,0.18181818181818182,0.2857142857142857,0.2857142857142857,0.3333333333333333,0.0,0.0,0.0,0.0,0.0,0.0,0.0,0.0,0.0,0.0,0.0,0.0,0.0,0.0,0.0,0.0,0.0,0.0,0.0,0.0
c521054a-b233-4f48-b047-a2d29913fb04,identifier,hard,0.6783952116966248,0.9149489402770996,0.6464714407920837,0.3333333333333333,0.18181818181818182,0.20689655172413793,0.6,0.7931034482758621,2.2857142857142856,52.0,21.0,0.8333333333333334,0.26666666666666666,0.4444444444444444,0.4444444444444444,0.4,0.0,1.0,0.0,0.0,1.0,0.0,0.0,0.0,0.0,0.0,0.0,1.0,1.0,1.0,0.0,1.0,0.0,0.0,0.0,0.0
c534ea0c-4253-47ba-bcb2-22e40834b88b,procedure,hard,0.6070928573608398,0.7661882638931274,0.601787805557251,0.08333333333333333,0.05714285714285714,0.06666666666666667,0.2857142857142857,0.9333333333333333,4.3076923076923075,160.0,43.0,0.4166666666666667,0.20833333333333334,0.625,0.625,0.23809523809523808,0.0,0.0,0.0,0.0,0.0,1.0,0.0,0.0,0.0,0.0,0.0,0.0,0.0,0.0,0.0,0.0,7.0,0.0,0.0,0.0
c61bc529-7501-47ca-9c57-a94fcd0c9518,definition,easy,0.8858520984649658,0.8691046237945557,0.9399787783622742,0.25,0.42857142857142855,0.4838709677419355,0.7894736842105263,0.5161290322580645,1.4583333333333333,56.0,41.0,0.75,0.15,0.75,0.75,0.15789473684210525,1.0,0.0,0.0,0.0,0.0,0.0,0.0,0.0,0.0,0.0,0.0,0.0,0.0,1.0,1.0,0.0,0.0,0.0,0.0,0.0
c62c0a59-ab2b-41e3-a427-2d537d14539c,factual,medium,0.7002699375152588,0.027739735320210457,0.14477410912513733,0.75,0.0,0.0,0.0,1.0,0.10344827586206896,9.0,40.0,0.6666666666666666,0.13793103448275862,0.5714285714285714,0.5714285714285714,0.15384615384615385,0.0,1.0,0.0,0.0,1.0,0.0,0.0,0.0,0.0,0.0,0.0,0.0,1.0,1.0,0.0,1.0,0.0,0.0,0.0,0.0
c667e930-6879-4194-bd44-c08917dea68e,definition,easy,0.8423140645027161,0.851671576499939,0.7460619807243347,0.3333333333333333,0.06756756756756757,0.07246376811594203,0.5,0.927536231884058,10.0,139.0,12.0,1.0,0.36363636363636365,0.8,0.8,0.4,0.0,0.0,0.0,0.0,0.0,1.0,0.0,0.0,0.0,0.0,0.0,0.0,0.0,0.0,0.0,0.0,6.0,0.0,0.0,0.0
c67154c0-7578-4a9a-964d-3e2fd6a75a5f,identifier,hard,0.31786105036735535,0.8737323880195618,0.43892791867256165,0.08333333333333333,0.06451612903225806,0.09090909090909091,0.18181818181818182,0.9090909090909091,1.7692307692307692,38.0,15.0,0.5,0.05555555555555555,0.125,0.125,0.09090909090909091,0.0,1.0,1.0,0.0,0.0,0.0,0.0,0.0,0.0,0.0,1.0,1.0,1.0,2.0,1.0,0.0,0.0,0.0,0.0,0.0
c6734bcc-79eb-49d0-9d71-b48a627d11ed,definition,easy,0.7940287590026855,0.43082284927368164,0.28675025701522827,0.5,0.023255813953488372,0.02564102564102564,0.2,0.9743589743589743,9.0,68.0,16.0,1.0,0.09090909090909091,0.14285714285714285,0.14285714285714285,0.2,0.0,0.0,1.0,0.0,0.0,1.0,0.0,0.0,0.0,0.0,0.0,1.0,0.0,0.0,1.0,0.0,2.0,0.0,0.0,0.0
c697d53b-d6b0-40ef-b802-42a142cf8ce0,requirement,easy,0.8013190031051636,0.8038944005966187,0.8232887983322144,0.5,0.5,0.625,0.7142857142857143,0.375,1.1428571428571428,28.0,22.0,0.4166666666666667,0.2631578947368421,0.5,0.5,0.35714285714285715,0.0,1.0,0.0,0.0,0.0,0.0,0.0,0.0,0.0,0.0,0.0,0.0,0.0,1.0,0.0,0.0,0.0,0.0,0.0,0.0
c7167110-b305-456a-9d82-53b2821102c6,factual,easy,0.6112907528877258,0.6439679861068726,0.5744712352752686,0.5,0.2222222222222222,0.26666666666666666,0.5714285714285714,0.7333333333333333,2.142857142857143,26.0,12.0,1.0,0.3,0.5,0.5,0.42857142857142855,0.0,0.0,0.0,0.0,0.0,0.0,0.0,0.0,0.0,0.0,0.0,0.0,0.0,0.0,0.0,0.0,0.0,0.0,0.0,0.0
c7ae8472-ee14-4326-bc5b-9b656192fd7a,requirement,medium,0.6955572366714478,0.7313082218170166,0.938075602054596,1.0,0.8333333333333334,0.8333333333333334,1.0,0.16666666666666666,1.2,23.0,18.0,0.9166666666666666,0.23076923076923078,0.5,0.5,0.3,1.0,0.0,0.0,0.0,0.0,0.0,0.0,0.0,0.0,1.0,0.0,0.0,0.0,2.0,2.0,0.0,0.0,1.0,0.0,1.0
c820bbb5-948b-47b7-82bb-d462a68321f5,procedure,hard,0.6891729831695557,0.8333783149719238,0.9028470516204834,0.0,0.22,0.39285714285714285,0.3333333333333333,0.6071428571428571,0.8823529411764706,52.0,62.0,0.6666666666666666,0.05714285714285714,0.5,0.5,0.06060606060606061,0.0,0.0,0.0,0.0,0.0,1.0,0.0,0.0,0.0,0.0,0.0,0.0,0.0,0.0,0.0,0.0,2.0,0.0,0.0,0.0
c8fcd449-b62e-4c60-b04e-5a06cb906666,identifier,hard,0.3834792971611023,0.8967488408088684,0.3917670249938965,0.3333333333333333,0.037037037037037035,0.037037037037037035,1.0,0.9629629629629629,34.0,97.0,2.0,1.0,0.2222222222222222,0.2222222222222222,0.2222222222222222,1.0,0.0,0.0,0.0,0.0,0.0,1.0,0.0,0.0,0.0,0.0,0.0,1.0,0.0,0.0,0.0,0.0,4.0,0.0,0.0,0.0
c99e05ac-b3c2-459d-953c-4ddde0578f89,factual,easy,0.6822426319122314,0.8673171401023865,0.7210155725479126,0.4166666666666667,0.08695652173913043,0.0975609756097561,0.4444444444444444,0.9024390243902439,5.0,73.0,13.0,0.75,0.0625,0.125,0.125,0.1111111111111111,0.0,0.0,0.0,0.0,0.0,0.0,0.0,0.0,0.0,0.0,0.0,0.0,0.0,0.0,0.0,0.0,0.0,0.0,0.0,0.0
caa40ac7-e906-4056-993f-b0f78c9f1870,definition,hard,0.6524803638458252,0.6567291021347046,0.9996669888496399,1.0,1.0,1.0,1.0,0.0,1.0,44.0,44.0,0.4166666666666667,0.2,0.7142857142857143,0.7142857142857143,0.21739130434782608,1.0,0.0,0.0,0.0,0.0,0.0,0.0,0.0,0.0,1.0,0.0,0.0,0.0,1.0,1.0,0.0,0.0,0.0,0.0,0.0
cb030ca1-6b86-4d94-b8d3-848ed8cc5ed5,factual,easy,0.6133654713630676,0.7773349285125732,0.5681509971618652,0.08333333333333333,0.07407407407407407,0.08888888888888889,0.3076923076923077,0.9111111111111111,3.066666666666667,74.0,25.0,0.6666666666666666,0.1875,0.5,0.5,0.23076923076923078,1.0,0.0,0.0,0.0,0.0,0.0,0.0,0.0,0.0,0.0,0.0,0.0,0.0,1.0,1.0,0.0,0.0,1.0,0.0,0.0
cce322a5-501f-478d-b6c2-9459e463296c,definition,medium,0.8713833689689636,0.899160623550415,0.9302865266799927,0.25,0.3333333333333333,0.42857142857142855,0.6,0.5714285714285714,1.6666666666666667,42.0,23.0,0.8333333333333334,0.125,0.6666666666666666,0.6666666666666666,0.13333333333333333,0.0,0.0,0.0,0.3333333333333333,0.6666666666666666,0.0,0.0,0.0,0.0,0.3333333333333333,0.6666666666666666,0.0,1.3333333333333333,0.0,0.0,3.0,1.0,0.0,1.0,1.0
ccf03490-4bce-4753-9ed7-587eef7eaaef,definition,easy,0.7353813648223877,0.772648811340332,0.6790387630462646,0.3333333333333333,0.09259259259259259,0.09615384615384616,0.7142857142857143,0.9038461538461539,10.25,128.0,13.0,1.0,0.25,0.375,0.375,0.42857142857142855,1.0,0.0,0.8571428571428571,0.0,0.0,0.0,0.0,0.0,0.0,0.6666666666666666,0.3333333333333333,0.75,0.3333333333333333,1.0,7.0,0.0,0.0,0.0,0.0,1.0
cf618347-dfeb-4c51-bd1c-267e84077657,definition,hard,0.7814714908599854,0.764319896697998,0.920566201210022,0.8333333333333334,0.8947368421052632,1.0,0.8947368421052632,0.0,0.85,30.0,35.0,0.6666666666666666,0.2631578947368421,1.0,1.0,0.2631578947368421,0.0,0.0,0.0,0.0,0.0,0.0,0.0,0.0,0.0,0.0,0.0,0.0,0.0,0.0,0.0,0.0,0.0,0.0,0.0,0.0
d4ef5144-44f2-46a5-b245-53a9b3d28626,identifier,easy,0.5267641544342041,0.603210985660553,0.38792091608047485,0.5833333333333334,0.04878048780487805,0.05555555555555555,0.2857142857142857,0.9444444444444444,8.0,92.0,7.0,1.0,0.2222222222222222,0.5,0.5,0.2857142857142857,0.0,1.0,0.0,0.0,1.0,0.0,0.0,0.0,0.0,0.0,1.0,0.0,2.0,3.0,0.0,4.0,0.0,0.0,0.0,0.0
d5ea8f3d-0eab-4dab-8974-3d30da9607b5,identifier,easy,0.8047665953636169,0.7098895311355591,0.5160400867462158,0.9166666666666666,0.0625,0.0625,1.0,0.9375,17.0,57.0,2.0,1.0,1.0,1.0,1.0,1.0,0.0,0.0,1.0,0.0,0.0,0.0,0.0,0.0,0.0,0.0,0.0,1.0,0.0,0.0,1.0,0.0,0.0,0.0,0.0,0.0
d5faedcb-61fc-4259-9e74-44dbfb89aadc,factual,medium,0.8178293108940125,0.8827943801879883,0.9562462568283081,0.5,0.7586206896551724,0.8148148148148148,0.9166666666666666,0.18518518518518517,0.9666666666666667,41.0,47.0,0.5833333333333334,0.2692307692307692,0.7777777777777778,0.7777777777777778,0.2916666666666667,1.0,0.0,0.0,0.0,0.0,0.0,0.0,0.0,0.0,1.0,0.0,0.0,0.0,2.0,2.0,0.0,0.0,1.0,0.0,1.0
d8789fe4-5aa4-42aa-a7b0-d9cde8c66ac2,identifier,easy,0.43930530548095703,0.1996898204088211,0.26920777559280396,1.0,0.0,0.0,0.0,1.0,0.5,9.0,7.0,1.0,0.2222222222222222,0.4,0.4,0.3333333333333333,0.0,1.0,0.0,0.0,1.0,0.0,0.0,0.0,0.0,0.0,1.0,0.0,2.0,1.0,0.0,2.0,0.0,0.0,0.0,0.0
da2bb590-b7fc-4c31-815a-162d0fbc7167,factual,easy,0.8062379360198975,0.7697601318359375,0.7827730774879456,0.08333333333333333,0.1875,0.2727272727272727,0.375,0.7272727272727273,2.0526315789473686,71.0,36.0,0.75,0.375,1.0,1.0,0.375,0.0,0.0,1.0,0.0,0.0,0.0,0.0,0.0,0.0,0.0,0.0,0.0,0.0,0.0,3.0,0.0,0.0,0.0,0.0,0.0
dabdf504-c1c9-4712-bce2-bb0814d6f7fe,definition,medium,0.6882946491241455,0.7591466307640076,0.7707865238189697,0.08333333333333333,0.05970149253731343,0.08,0.19047619047619047,0.92,2.5416666666666665,113.0,39.0,0.9166666666666666,0.09090909090909091,0.6666666666666666,0.6666666666666666,0.09523809523809523,0.0,0.0,0.0,0.3333333333333333,0.6666666666666666,0.0,0.0,0.0,0.0,0.3333333333333333,0.6666666666666666,0.0,1.3333333333333333,0.0,0.0,3.0,1.0,0.0,1.0,1.0
dbd6f789-1e4f-4c84-b550-41740b5dd15a,factual,hard,0.8757871985435486,0.7579580545425415,0.7111375331878662,0.3333333333333333,0.01875,0.01875,1.0,0.98125,80.66666666666667,347.0,3.0,1.0,0.75,0.75,0.75,1.0,0.0,0.0,1.0,0.0,0.0,1.0,0.0,0.0,0.0,1.0,0.0,0.8461538461538461,0.0,0.0,9.0,0.0,11.0,0.0,0.0,1.0
dcca52db-cae7-46ce-8b66-c38fc2fea283,requirement,easy,0.609687089920044,0.8084132075309753,0.7551074624061584,0.0,0.1891891891891892,0.25,0.4375,0.75,1.9375,57.0,27.0,0.08333333333333333,0.08333333333333333,0.2,0.2,0.125,0.0,1.0,1.0,0.5,0.5,0.6666666666666666,0.0,0.0,0.0,0.6666666666666666,0.3333333333333333,0.5,0.8333333333333333,1.0,1.0,2.0,3.0,0.0,0.3333333333333333,0.5
dd1a7762-99c4-4764-aebd-b3189b7cda8b,identifier,easy,0.6917716264724731,0.7007229924201965,0.9775163531303406,0.6666666666666666,0.5,0.6153846153846154,0.7272727272727273,0.38461538461538464,1.1818181818181819,19.0,13.0,0.9166666666666666,0.38461538461538464,0.7142857142857143,0.7142857142857143,0.45454545454545453,1.0,0.0,0.0,0.0,0.0,0.0,0.0,0.0,0.0,1.0,0.0,0.0,0.0,1.0,1.0,0.0,0.0,0.0,0.0,0.0
dd909141-476b-47ea-a0da-72ab70e87753,requirement,easy,0.7035337686538696,0.7216382026672363,0.9338362216949463,0.08333333333333333,0.39285714285714285,0.44,0.7857142857142857,0.56,1.8571428571428572,40.0,21.0,0.6666666666666666,0.3125,0.7142857142857143,0.7142857142857143,0.35714285714285715,0.0,0.0,0.0,0.0,0.0,0.0,0.0,0.0,0.0,0.0,0.0,0.0,0.0,0.0,0.0,0.0,0.0,0.0,0.0,0.0
df1b8b39-37e1-40af-8c16-c0d4beb7b608,definition,easy,0.8202434182167053,0.7629014253616333,0.8072280883789062,0.25,0.20652173913043478,0.2111111111111111,0.9047619047619048,0.7888888888888889,5.260869565217392,174.0,34.0,0.3333333333333333,0.25,0.6666666666666666,0.6666666666666666,0.2857142857142857,0.0,0.0,1.0,0.0,0.0,1.0,0.0,0.0,0.0,0.0,0.0,0.0,0.0,0.0,1.0,0.0,6.0,0.0,0.0,0.0
df935005-4cbe-45d4-bf17-e43a03804fc2,definition,easy,0.7247734069824219,0.8253006339073181,0.8578965663909912,1.0,0.875,0.875,1.0,0.125,1.1428571428571428,16.0,15.0,1.0,0.125,0.5,0.5,0.14285714285714285,0.0,0.0,0.0,0.0,1.0,0.0,0.0,0.0,0.0,0.0,0.0,0.0,1.0,0.0,0.0,1.0,0.0,0.0,0.0,0.0
e2031d77-cb5f-4c9c-90d5-ae5b06f66345,definition,easy,0.3946983516216278,0.9009902477264404,0.3806195557117462,0.0,0.046875,0.057692307692307696,0.2,0.9423076923076923,4.466666666666667,95.0,21.0,0.4166666666666667,0.047619047619047616,0.14285714285714285,0.14285714285714285,0.06666666666666667,0.0,0.0,1.0,0.0,0.0,0.0,0.0,0.0,0.0,0.0,0.0,1.0,0.0,0.0,4.0,0.0,0.0,0.0,0.0,0.0
e2f3e537-9d9f-447a-b4ac-758ad581f783,factual,easy,0.6764345169067383,0.7800189256668091,0.8377511501312256,1.0,0.5833333333333334,0.7,0.7777777777777778,0.3,1.1,14.0,14.0,1.0,0.3333333333333333,0.5714285714285714,0.5714285714285714,0.4444444444444444,1.0,0.0,0.0,0.0,0.0,0.0,0.0,0.0,0.0,1.0,0.0,0.0,0.0,2.0,2.0,0.0,0.0,0.0,0.0,1.0
e34f1b12-1f6c-444a-a9c4-ac70f5917053,requirement,medium,0.9053670763969421,0.8453770875930786,0.8716777563095093,0.4166666666666667,0.2857142857142857,0.37037037037037035,0.5555555555555556,0.6296296296296297,2.0,60.0,29.0,0.4166666666666667,0.35,0.7777777777777778,0.7777777777777778,0.3888888888888889,0.0,1.0,0.0,0.0,0.0,1.0,0.0,0.0,0.0,0.0,0.0,1.0,0.0,1.0,0.0,0.0,1.0,0.0,0.0,0.0
e3b07137-ebd1-4362-b24a-e615520e2ae5,requirement,medium,0.58924400806427,0.6993101239204407,0.6270201206207275,0.25,0.10810810810810811,0.125,0.4444444444444444,0.875,4.888888888888889,66.0,10.0,0.9166666666666666,0.3333333333333333,0.5714285714285714,0.5714285714285714,0.4444444444444444,0.0,1.0,1.0,0.0,1.0,1.0,0.0,0.0,0.0,0.5,0.5,0.75,1.5,2.0,1.0,2.0,1.0,0.0,0.0,0.0
e3cba716-e9c2-4adc-924d-f3d119befd1a,factual,easy,0.6707584857940674,0.7185760140419006,0.9257525205612183,0.16666666666666666,0.5625,0.6923076923076923,0.75,0.3076923076923077,0.8947368421052632,50.0,50.0,0.4166666666666667,0.14814814814814814,0.5714285714285714,0.5714285714285714,0.16666666666666666,0.5,0.5,0.0,0.0,1.0,0.0,0.0,0.0,0.0,0.3333333333333333,0.6666666666666666,0.0,1.6666666666666665,2.0,1.0,3.0,0.0,0.0,0.0,0.0
e45908bc-1718-48ec-877d-f6af83c8b6f2,definition,easy,0.5772156715393066,0.6255649924278259,0.9809833765029907,1.0,0.7777777777777778,0.875,0.875,0.125,1.0,11.0,11.0,1.0,0.4444444444444444,0.8,0.8,0.5,0.0,0.0,0.0,0.0,0.0,0.0,0.0,0.0,0.0,0.0,0.0,0.0,0.0,0.0,0.0,0.0,0.0,0.0,0.0,0.0
e712a685-a97e-4aa0-89dd-6246aa1cd7e3,requirement,easy,0.720213770866394,0.8486040234565735,0.6672095656394958,0.25,0.23076923076923078,0.2571428571428571,0.6923076923076923,0.7428571428571429,3.230769230769231,73.0,21.0,0.5833333333333334,0.4444444444444444,0.6153846153846154,0.6153846153846154,0.6153846153846154,1.0,0.0,0.6666666666666666,0.0,0.0,0.0,0.0,0.0,0.0,0.5,0.5,0.75,0.5,1.0,3.0,0.0,0.0,1.0,0.0,1.0
e734a450-832d-4c84-9475-d30e3d56e484,factual,medium,0.7121741771697998,0.8511636257171631,0.7463396787643433,0.08333333333333333,0.14285714285714285,0.22727272727272727,0.2777777777777778,0.7727272727272727,1.3157894736842106,40.0,32.0,0.4166666666666667,0.13043478260869565,0.375,0.375,0.16666666666666666,0.0,0.0,0.0,0.0,0.0,0.0,0.0,0.0,0.0,0.0,0.0,1.0,0.0,0.0,0.0,0.0,0.0,0.0,0.0,0.0
e82cd60b-2e91-467c-acd5-9d887e771d2d,procedure,medium,0.40912187099456787,0.5642777681350708,0.8382956385612488,0.25,0.2972972972972973,0.3235294117647059,0.7857142857142857,0.6764705882352942,2.7142857142857144,61.0,23.0,0.4166666666666667,0.21052631578947367,0.4444444444444444,0.4444444444444444,0.2857142857142857,1.0,0.0,0.0,0.0,0.0,0.0,0.0,0.0,0.0,1.0,0.0,0.0,0.0,1.0,1.0,0.0,0.0,0.0,0.0,0.0
e85fe87f-2c6b-4ca5-852f-465ea47f31b8,factual,easy,0.7602287530899048,0.6740421056747437,0.8239705562591553,0.25,0.19047619047619047,0.2962962962962963,0.34782608695652173,0.7037037037037037,1.1923076923076923,46.0,34.0,0.6666666666666666,0.20833333333333334,0.8333333333333334,0.8333333333333334,0.21739130434782608,1.0,0.0,0.0,1.0,0.0,0.0,0.0,0.0,0.0,1.0,0.0,0.0,0.0,3.0,3.0,6.0,6.0,0.0,0.0,0.0
e86c5f56-800a-462a-bcb1-80334b31943c,requirement,easy,0.632422924041748,0.8266972303390503,0.6557722687721252,0.25,0.06779661016949153,0.07692307692307693,0.36363636363636365,0.9230769230769231,5.545454545454546,99.0,18.0,1.0,0.3333333333333333,0.8,0.8,0.36363636363636365,0.0,1.0,0.0,0.0,0.0,0.0,0.0,0.0,0.0,0.0,1.0,0.0,1.0,1.0,0.0,0.0,0.0,0.0,0.0,0.0
e894d0f8-5e20-474f-93a7-561b6ab949e8,factual,easy,0.2890651524066925,0.6115487813949585,0.4577552378177643,0.0,0.09649122807017543,0.10091743119266056,0.6875,0.8990825688073395,8.6875,245.0,26.0,0.5833333333333334,0.05,0.2,0.2,0.0625,0.0,0.0,1.0,0.0,0.0,1.0,0.0,0.0,1.0,0.0,0.0,1.0,0.0,0.0,1.0,0.0,4.0,0.0,0.0,0.0
e9200fd2-fd2e-474f-8514-cf09a887f8c3,requirement,medium,0.37782320380210876,0.653140127658844,0.3953169286251068,0.0,0.11627906976744186,0.14705882352941177,0.35714285714285715,0.8529411764705882,2.857142857142857,64.0,30.0,0.3333333333333333,0.1,0.25,0.25,0.14285714285714285,1.0,0.0,0.6666666666666666,0.0,0.0,0.0,0.0,0.0,0.0,1.0,0.0,0.75,0.0,1.0,3.0,0.0,0.0,0.0,0.0,0.0
e9c6ae6f-71d2-4e73-992c-948b0f6d0961,procedure,easy,0.7324203252792358,0.7817129492759705,0.9728644490242004,1.0,0.5714285714285714,0.7272727272727273,0.7272727272727273,0.2727272727272727,1.0,19.0,18.0,1.0,0.23076923076923078,0.6,0.6,0.2727272727272727,0.0,0.0,0.0,0.0,0.0,0.0,0.0,0.0,0.0,0.0,0.0,0.0,0.0,0.0,0.0,0.0,0.0,0.0,0.0,0.0
e9fe237c-5a77-42b1-8efb-a13d5d5b9379,factual,easy,0.22829875349998474,0.9248230457305908,0.26033079624176025,0.4166666666666667,0.15384615384615385,0.17391304347826086,0.5714285714285714,0.8260869565217391,3.2857142857142856,39.0,12.0,0.5833333333333334,0.23529411764705882,0.2857142857142857,0.2857142857142857,0.5714285714285714,0.0,0.0,0.0,0.0,0.0,0.0,0.0,0.0,0.0,0.0,0.0,1.0,0.0,0.0,0.0,0.0,0.0,0.0,0.0,0.0
ea333a2f-e183-4d89-a9b2-d8233e0682f0,procedure,easy,0.6443319916725159,0.773154616355896,0.6818082332611084,0.25,0.07692307692307693,0.07920792079207921,0.7272727272727273,0.9207920792079208,14.0,258.0,16.0,0.8333333333333334,0.125,0.2857142857142857,0.2857142857142857,0.18181818181818182,0.0,0.0,0.0,1.0,0.0,0.8333333333333334,0.0,0.0,0.0,0.0,0.0,0.0,0.0,0.0,0.0,1.0,6.0,0.0,0.0,0.0
ea7c7bbf-25fe-450b-8681-8d04896498c1,procedure,hard,0.7677068710327148,0.6308435797691345,0.5992226600646973,0.08333333333333333,0.0851063829787234,0.1,0.36363636363636365,0.9,3.3846153846153846,72.0,26.0,0.75,0.26666666666666666,0.5,0.5,0.36363636363636365,0.0,0.0,0.0,0.0,0.0,0.0,0.0,0.0,0.0,0.0,0.0,0.0,0.0,0.0,0.0,0.0,0.0,0.0,0.0,0.0
ebae81e0-11ad-4e25-b399-fd93d926ee26,factual,easy,0.8177347183227539,0.8009648323059082,0.9919878244400024,0.9166666666666666,0.7647058823529411,0.8125,0.9285714285714286,0.1875,1.1333333333333333,19.0,17.0,0.6666666666666666,0.3125,0.7142857142857143,0.7142857142857143,0.35714285714285715,0.75,0.25,0.25,0.0,0.0,0.0,0.0,0.0,0.0,0.75,0.25,0.25,0.25,4.0,4.0,0.0,0.0,1.0,0.0,0.0
ebe167b1-0a12-49cd-bf90-95c87d731b8d,definition,medium,0.5798039436340332,0.8435739278793335,0.4886246621608734,0.0,0.041666666666666664,0.08333333333333333,0.07692307692307693,0.9166666666666666,1.0,25.0,22.0,0.3333333333333333,0.10526315789473684,0.25,0.25,0.15384615384615385,0.0,0.0,0.0,0.0,0.0,0.0,0.0,0.0,0.0,0.0,0.0,0.0,0.0,0.0,0.0,0.0,0.0,0.0,0.0,0.0
ec326bda-58f3-4438-a493-1f0713e7a50b,requirement,medium,0.7808153629302979,0.5094805955886841,0.683141827583313,0.08333333333333333,0.125,0.2,0.25,0.8,1.380952380952381,57.0,41.0,0.3333333333333333,0.42857142857142855,0.9,0.9,0.45,0.0,0.0,1.0,0.0,0.0,0.0,0.0,0.0,0.0,0.0,0.0,1.0,0.0,0.0,2.0,0.0,0.0,0.0,0.0,0.0
ec5e142c-93e4-4659-8620-f20bc0f904b7,factual,medium,0.7084272503852844,0.7857915163040161,0.60697340965271,0.5,0.09803921568627451,0.10638297872340426,0.5555555555555556,0.8936170212765957,7.777777777777778,148.0,16.0,0.75,0.26666666666666666,0.4,0.4,0.4444444444444444,0.0,1.0,1.0,0.0,1.0,0.0,0.0,0.0,0.0,0.5,0.5,0.5,1.5,1.0,2.0,1.0,0.0,0.0,0.0,1.0
ecd9efd0-31f4-4058-94a6-84f63673074d,definition,medium,0.5871752500534058,0.9042131900787354,0.6979084610939026,0.75,0.5333333333333333,0.5714285714285714,0.8888888888888888,0.42857142857142855,1.7777777777777777,31.0,21.0,0.75,0.14285714285714285,0.2857142857142857,0.2857142857142857,0.2222222222222222,1.0,0.0,0.0,0.0,0.0,0.0,0.0,0.0,0.0,1.0,0.0,0.0,0.0,1.0,1.0,0.0,0.0,1.0,0.0,1.0
ece0d573-9894-4b72-bb0d-908f5b5e1b5d,definition,easy,0.9010633230209351,0.8492563366889954,0.8221513032913208,0.75,0.08333333333333333,0.08823529411764706,0.6,0.9117647058823529,7.666666666666667,73.0,9.0,1.0,0.3333333333333333,0.42857142857142855,0.42857142857142855,0.6,0.0,1.0,1.0,0.0,0.0,1.0,0.0,0.0,0.0,1.0,0.0,0.7142857142857143,0.0,1.0,4.0,0.0,1.0,0.0,0.0,1.0
ee03816e-2ca0-4c80-8258-4059cf46729a,definition,easy,0.6463846564292908,0.7691835165023804,0.6847705841064453,0.75,0.8333333333333334,0.8333333333333334,1.0,0.16666666666666666,1.15,43.0,37.0,0.5833333333333334,0.1111111111111111,0.4,0.4,0.13333333333333333,0.0,0.0,0.0,1.0,0.0,0.0,0.0,0.0,0.0,1.0,0.0,0.0,0.0,0.0,0.0,2.0,2.0,0.0,1.0,1.0
f23aad70-71a0-4c48-8bcd-b59b1b545942,factual,medium,0.4456023573875427,0.8003557920455933,0.47315600514411926,1.0,0.25,0.3333333333333333,0.5,0.6666666666666666,1.6,12.0,5.0,1.0,0.25,0.3333333333333333,0.3333333333333333,0.5,0.0,1.0,1.0,0.0,0.0,0.0,0.0,0.0,0.0,0.0,1.0,1.0,1.0,1.0,1.0,0.0,0.0,0.0,0.0,0.0
f54aa13b-d9fd-4d8c-8231-0cb926012110,factual,medium,0.861972451210022,0.871920108795166,0.8287253975868225,0.5833333333333334,0.3888888888888889,0.42424242424242425,0.8235294117647058,0.5757575757575758,2.0454545454545454,81.0,38.0,0.5,0.3157894736842105,0.75,0.75,0.35294117647058826,0.0,1.0,0.0,1.0,0.0,0.0,0.0,0.0,0.0,1.0,0.0,0.0,0.0,1.0,0.0,1.0,1.0,0.0,1.0,1.0
f5883289-8019-4037-8051-d39271af025b,procedure,medium,0.640168309211731,0.8339277505874634,0.6927181482315063,0.25,0.11538461538461539,0.12121212121212122,0.7058823529411765,0.8787878787878788,7.1,215.0,37.0,0.4166666666666667,0.08695652173913043,0.25,0.25,0.11764705882352941,0.0,0.0,1.0,0.0,0.0,1.0,0.0,0.0,0.0,0.0,0.0,1.0,0.0,0.0,3.0,0.0,5.0,0.0,0.0,0.0
f5a7f1db-1903-42bf-a207-b745de0d60bb,definition,easy,0.7656735777854919,0.8648399114608765,0.7433292865753174,0.4166666666666667,0.13157894736842105,0.14285714285714285,0.625,0.8571428571428571,4.5,68.0,10.0,1.0,0.5555555555555556,0.8333333333333334,0.8333333333333334,0.625,0.0,0.0,0.0,0.0,0.0,0.0,0.0,0.0,0.0,0.0,0.0,0.0,0.0,0.0,0.0,0.0,0.0,0.0,0.0,0.0
f5e272bb-4a87-4e8f-8faf-25c72e971a2e,procedure,easy,0.7102375626564026,0.8130968809127808,0.9202346801757812,0.4166666666666667,0.42105263157894735,0.47058823529411764,0.8,0.5294117647058824,1.3076923076923077,30.0,20.0,1.0,0.36363636363636365,0.8,0.8,0.4,1.0,0.0,0.0,0.0,0.0,0.0,0.0,0.0,0.0,1.0,0.0,0.0,0.0,1.0,1.0,0.0,0.0,0.0,0.0,1.0
f69b2626-cd1b-4c0c-9928-ce2941718751,identifier,hard,0.9472234845161438,0.7585969567298889,0.7766667008399963,0.25,0.057692307692307696,0.058823529411764705,0.75,0.9411764705882353,23.75,179.0,7.0,1.0,0.75,1.0,1.0,0.75,0.0,0.0,1.0,0.0,0.0,0.0,0.0,0.0,0.0,0.0,0.0,1.0,0.0,0.0,2.0,0.0,0.0,0.0,0.0,0.0
f838bf7c-bc4a-4fb4-80cb-650be13665d2,identifier,hard,0.7409362196922302,0.9482575058937073,0.7713299989700317,0.5,0.2916666666666667,0.30434782608695654,0.875,0.6956521739130435,3.125,46.0,15.0,0.9166666666666666,0.15384615384615385,0.2857142857142857,0.2857142857142857,0.25,0.0,0.0,0.0,0.0,0.0,0.0,0.0,0.0,0.0,0.0,0.0,0.0,0.0,0.0,0.0,0.0,0.0,0.0,0.0,0.0
f937b512-7063-4dbf-80e2-239c755b6ade,requirement,easy,0.8255950212478638,0.8536348342895508,0.8977030515670776,0.25,0.48148148148148145,0.8125,0.5416666666666666,0.1875,0.6538461538461539,27.0,38.0,0.08333333333333333,0.2857142857142857,0.6666666666666666,0.6666666666666666,0.3333333333333333,0.6,0.4,0.0,0.0,1.0,0.0,0.0,0.0,0.0,0.6666666666666666,0.3333333333333333,0.0,1.3333333333333333,5.0,3.0,2.0,0.0,1.0,0.0,1.0
faa67ce0-c41f-487b-b269-bbb1ab667ccd,identifier,easy,0.49243637919425964,0.6830921173095703,0.8222712874412537,0.5,0.3076923076923077,0.36363636363636365,0.6666666666666666,0.6363636363636364,1.8333333333333333,16.0,10.0,0.6666666666666666,0.09090909090909091,0.16666666666666666,0.16666666666666666,0.16666666666666666,1.0,0.0,0.0,1.0,0.0,0.5,0.0,0.0,0.0,1.0,0.0,0.4,0.0,1.0,1.0,2.0,4.0,0.0,0.3333333333333333,0.5
fc95b2b2-aa2e-4d69-8a2c-27de5e0ea04c,definition,medium,0.8010222911834717,0.8240546584129333,0.8597815036773682,0.3333333333333333,0.16923076923076924,0.21568627450980393,0.44,0.7843137254901961,1.6571428571428573,88.0,55.0,0.5,0.13793103448275862,0.5,0.5,0.16,0.0,1.0,0.0,0.0,1.0,0.0,0.0,0.0,0.0,0.0,1.0,0.0,2.0,1.0,0.0,1.0,0.0,0.0,0.0,0.0
fdbf0ee3-6a89-4a90-b987-22aa7d7a51fa,procedure,easy,0.5063694715499878,0.849669873714447,0.44053733348846436,0.5833333333333334,0.023809523809523808,0.02631578947368421,0.2,0.9736842105263158,9.4,76.0,7.0,1.0,0.1111111111111111,0.2,0.2,0.2,0.0,1.0,1.0,0.0,0.0,0.0,0.0,0.0,0.0,0.0,0.0,1.0,0.0,1.0,2.0,0.0,0.0,0.0,0.0,0.0
fe783737-b5bb-4cb0-9cb1-8675b62481ae,definition,hard,0.41310662031173706,0.16699634492397308,0.11389622092247009,0.75,0.0,0.0,0.0,1.0,0.16666666666666666,9.0,30.0,0.6666666666666666,0.0,0.0,0.0,0.0,0.0,0.0,0.0,0.0,0.0,0.0,0.0,0.0,0.0,0.0,0.0,0.0,0.0,0.0,0.0,0.0,0.0,0.0,0.0,0.0
fea09291-1313-47e3-a015-5eca5da3bd8c,factual,medium,0.8397014737129211,0.9048435688018799,0.9030550718307495,1.0,1.0,1.0,1.0,0.0,1.0,18.0,17.0,1.0,0.36363636363636365,0.6666666666666666,0.6666666666666666,0.4444444444444444,1.0,0.0,0.0,0.0,0.0,0.0,0.0,0.0,0.0,1.0,0.0,0.0,0.0,1.0,1.0,0.0,0.0,1.0,0.0,1.0
fea513e1-fd66-4aee-863f-79442f2c71cf,identifier,easy,0.622443675994873,0.7127850651741028,0.4627830982208252,0.5833333333333334,0.06060606060606061,0.06896551724137931,0.3333333333333333,0.9310344827586207,5.0,48.0,6.0,1.0,0.375,0.6,0.6,0.5,0.0,0.0,0.0,0.0,0.0,0.0,0.0,0.0,0.0,0.0,1.0,0.0,1.0,0.0,0.0,0.0,0.0,0.0,0.0,0.0
fef1ce58-6610-4dfb-bae4-8580a8760f2d,definition,easy,0.821035623550415,0.8293379545211792,0.9741000533103943,0.9166666666666666,0.8666666666666667,0.9285714285714286,0.9285714285714286,0.07142857142857142,1.0,27.0,25.0,0.6666666666666666,0.3333333333333333,0.8333333333333334,0.8333333333333334,0.35714285714285715,0.0,0.0,0.0,0.0,0.0,0.0,0.0,0.0,0.0,0.0,0.0,0.0,0.0,0.0,0.0,0.0,0.0,0.0,0.0,0.0
ff0b2992-b20d-42b0-86c6-6869df3fb706,procedure,easy,0.7196662425994873,0.8109222054481506,0.8989792466163635,0.4166666666666667,0.631578947368421,0.631578947368421,1.0,0.3684210526315789,1.6470588235294117,42.0,24.0,0.5,0.2222222222222222,0.4,0.4,0.3333333333333333,0.0,0.0,0.0,0.0,0.0,0.0,0.0,0.0,0.0,0.0,0.0,0.0,0.0,0.0,0.0,0.0,0.0,0.0,0.0,0.0
ff8371e1-f554-4444-85e5-c25d1ce8a6aa,procedure,easy,0.661617636680603,0.659094512462616,0.5026274919509888,0.0,0.15789473684210525,0.21428571428571427,0.375,0.7857142857142857,1.7647058823529411,44.0,23.0,0.5,0.1,0.3333333333333333,0.3333333333333333,0.125,0.0,0.0,0.0,0.0,0.0,0.0,0.0,0.0,0.0,0.0,0.0,0.0,0.0,0.0,0.0,0.0,0.0,0.0,0.0,0.0
fff7c7dc-b91a-4108-a5ae-2d4f05a3a5d6,requirement,medium,0.23575255274772644,0.9080780148506165,0.4088723659515381,0.16666666666666666,0.38636363636363635,0.7727272727272727,0.4358974358974359,0.22727272727272727,0.5208333333333334,41.0,71.0,0.25,0.09302325581395349,0.5,0.5,0.10256410256410256,0.0,1.0,1.0,0.0,1.0,1.0,0.0,0.0,0.0,0.0,0.0,1.0,1.0,2.0,1.0,3.0,1.0,0.0,0.0,0.0
