id,question,answer,evidence,question_type,difficulty,chunk_id,source_doc,rag_answer,baseline_hallucination,ragas_faithfulness,selfcheck_hallucination,similarity_score,human_label,human,baseline,ragas,selfcheck,similarity
00b9bf2c-aa16-4012-b3d8-b6417c29c4dc,Where can one find more detailed information about managing throughput capacity with DynamoDB auto scaling?,Managing throughput capacity automatically with DynamoDB auto scaling.,"::For more detail, see Managing throughput capacity automatically with DynamoDB auto scaling.",factual,easy,docs/wellarchitected-framework.pdf_chunk_1893,docs/wellarchitected-framework.pdf,"For more detailed information about managing throughput capacity with DynamoDB auto scaling, you can refer to the document titled ""Managing Throughput Capacity Automatically with DynamoDB Auto Scaling.""",0,1.0,1,0.9093983361057069,0,0,0,0,1,0
01acfb86-a1d8-4d0e-aadb-51f84cb0151f,What kind of activities are recommended for automation?,Activities that pose a high value or high risk of human error are typically the better place to start automating as the risk often poses an unwanted additional operational cost.,"Prioritize automating repetitive, high value, time consuming and complex activities. Activities that pose a high value or high risk of human error are typically the better place to start automating as the risk often poses an unwanted additional operational cost (like operations team working extra hours).",requirement,hard,docs/wellarchitected-framework.pdf_chunk_2976,docs/wellarchitected-framework.pdf,"Activities that are recommended for automation include repetitive, high-value, time-consuming, and complex tasks. Additionally, activities with a high value or a high risk of human error are suggested as priority candidates for automation due to the potential reduction in operational costs associated with minimizing human effort and errors.",0,1.0,1,0.8191490281206975,0,0,0,0,1,0
01dded55-2bd8-45ed-aa1b-c4e2a077c57d,How is scaling an instance typically performed?,By stopping and starting the instance and selecting the different instance size or class.,This can be achieved by stopping and starting the instance and selecting the diﬀerent instance size or class.,procedure,easy,docs/wellarchitected-framework.pdf_chunk_2952,docs/wellarchitected-framework.pdf,"Scaling an instance can be typically performed through several mechanisms and approaches as described in the context:

1. **Amazon EC2 Auto Scaling**: This service ensures you have the correct number of Amazon EC2 instances available to handle user load for your application.
   
2. **Application Auto Scaling**: It automatically scales the resources for applications based on defined metrics.

3. **Manual Scaling**: You can scale manually according to predefined procedures or schedules.

4. **Scheduled Scaling**: Scale based on a schedule, which is useful for predictable load changes.

5. **Demand-Based Scaling**: Scale based on actual demand, adjusting resources as needed.

6. **Predictive Scaling**: Scale in anticipation of daily and weekly trends to manage regularly occurring spikes.

7. **Target-Tracking Approach**: Monitor your scaling metric and automatically increase or decrease capacity as required.

These methods allow for dynamic adjustment of compute resources to meet varying demands efficiently and cost-effectively.",0,0.0,1,0.34295912376285687,1,1,0,1,1,1
03f3d49b-7882-4d58-9bb2-af2f04ddb3fa,What is the full name of the author associated with RFC2068?,Tony Sanders Lawrence C. Stewart,"[HTTP/1.0] [ RFC2068] [ RFC2145] [ RFC2616] [ RFC2617] [ RFC2818] [ RFC7230] [ RFC7231]
[TCP/IP] ( )Tony Sanders Lawrence C. Stewart Marc VanHeyningen Steve Zilles",identifier,easy,docs/rfc9110.pdf_chunk_714,docs/rfc9110.pdf,"I could not find the answer in the provided documents.

The context provided does not contain any information about RFC2068 or its authors. The closest related document mentioned is RFC9110, but it does not list the authors and their full names.",0,0.3333333333333333,1,0.5822241121643075,1,1,0,1,1,0
043e3eca-6aba-4d68-85da-3978678f8d6d,What does the discussion section suggest about privileged status?,"Privileged status can be obtained, for example, by serving in the role of system administrator.","Discussion: Privileged status can be obtained, for example, by serving in the role of system administrator.",definition,easy,docs/NIST.SP.800-53r5.pdf_chunk_760,docs/NIST.SP.800-53r5.pdf,"The discussion section suggests that privileged status refers to accounts and users that are granted elevated privileges to access resources, including security functions or security-relevant information, which are restricted for non-privileged accounts. These accounts and users are typically system administrators or superusers. The section emphasizes restricting privileged accounts to specific personnel or roles and requiring the use of non-privileged accounts when such access is not needed. This helps in limiting unauthorized access to and manipulation of security functions or security-relevant information.",0,1.0,1,0.7829605519168888,1,1,0,0,1,0
0507d2a0-6abc-4f40-8030-47bc30911202,What factor should be considered when selecting a backup strategy according to the text?,The time it takes to recover data.,"""When selecting a backup strategy, consider the time it takes to recover data""",factual,easy,docs/wellarchitected-framework.pdf_chunk_1967,docs/wellarchitected-framework.pdf,"When selecting a backup strategy, the time it takes to recover data should be considered. The recovery time depends on the type of backup or the complexity of the data reproduction mechanism and should fall within the RTO (Recovery Time Objective) for the workload.",0,0.3333333333333333,1,0.7855499722486613,1,1,0,1,1,0
053c0249-3125-4ea3-a8c1-49f0f045a31c,What is the requirement for message transformations as stated in RFC 9110?,MUST NOT perform message transformations without explicit permission.,"MUST
NOT
MUST
NOT
MUST
NOT",requirement,hard,docs/rfc9110.pdf_chunk_193,docs/rfc9110.pdf,"According to RFC 9110 HTTP Semantics, the requirement for message transformations is that a recipient MUST treat the set of received trailer fields as a data structure of name/value pairs, similar to (but separate from) the header fields. Additional processing expectations, if any, can be defined within the field specification for a field intended for use in trailers.",0,0.0,1,0.05230332315450201,1,1,0,1,1,1
08a93682-8bd6-410f-8fa2-776d90cc6bed,What is the purpose of CA-2 in NIST SP 800-53?,To ensure that the appropriate assessor or assessment team is selected for the type of assessment.,Control: a. Select the appropriate assessor or assessment team for the type of assessment to be conducted;,requirement,medium,docs/NIST.SP.800-53r5.pdf_chunk_590,docs/NIST.SP.800-53r5.pdf,"The purpose of CA-2 in NIST SP 800-53 is to select the appropriate assessor or assessment team for the type of assessment to be conducted and to develop a control assessment plan that describes the scope of the assessment, including the controls and control enhancements under assessment, as well as the procedures to be used to determine control effectiveness.",1,0.0,1,0.4554721380867343,1,1,1,1,1,1
0922f19d-7280-4b7b-9254-633493b30f4a,What types of media are mentioned as examples under requirement 03.08.06?,"external hard drives, flash drives, or smart displays.","This requirement restricts or prohibits the use of certain types of media, such as external hard drives, flash drives, or smart displays.",factual,easy,docs/NIST.SP.800-171r3.pdf_chunk_201,docs/NIST.SP.800-171r3.pdf,"The context does not explicitly mention any specific types of media under requirement 03.08.06. The reference to ""03.08.05 Media Transport"" discusses digital and non-digital media, but it is in the form of a discussion point rather than an example directly linked to the requirement in question. Therefore, I could not find the answer in the provided documents.",1,0.0,1,0.5747819598277606,1,1,1,1,1,0
09817605-0ffd-462c-9318-f28fdce2186c,Where can NIST SP 800-53 REV. 5 be accessed for free?,https://doi.org/10.6028/NIST.SP.800-53r5,This publication is available free of charge from: https://doi.org/10.6028/NIST.SP.800-53r5,identifier,medium,docs/NIST.SP.800-53r5.pdf_chunk_561,docs/NIST.SP.800-53r5.pdf,NIST SP 800-53 REV. 5 can be accessed for free from the following URL: https://doi.org/10.6028/NIST.SP.800-53r5,0,1.0,1,0.6428797288593532,0,0,0,0,1,0
09a54073-bdfe-45fb-8c63-735b0de889b7,What is the purpose of regularly reviewing your workload and implementing new services and features according to the text?,"To optimize your workload incrementally while minimizing effort, providing continual improvements in efficiency over time and reducing operating costs.","Implementing new features or resource types can optimize your workload incrementally, while minimizing the eﬀort required to implement the change. This provides continual improvements in efficiency over time and provides you remain on the most updated technology to reduce operating costs.",factual,easy,docs/wellarchitected-framework.pdf_chunk_202,docs/wellarchitected-framework.pdf,"The purpose of regularly reviewing your workload and implementing new services and features, as per the provided context, includes:

1. Identifying opportunities to adopt new services or replace existing ones.
2. Determining if workloads can be re-architected for improved performance and efficiency.
3. Ensuring that the workload remains up-to-date with the latest technologies to avoid long-term maintenance costs and gaps in functionality.
4. Maximizing the benefits of new AWS services and features by analyzing their impact on existing workloads.
5. Enhancing overall system performance, cost-efficiency, and adaptability to changing market conditions or specific geographic requirements.

Regular reviews help balance these objectives with practical considerations such as the effort required for testing and validation, the complexity of changes, and potential licensing costs.",0,0.125,1,0.5118520152771202,0,0,0,1,1,0
0aff0e08-ad65-40f7-af38-81b58724f57f,What version number is mentioned in the text?,V15.2,3 V15.2 Security Architecture and Dependencies,identifier,easy,docs/OWASP_Application_Security_Verification_Standard_5.0.0_en (1).pdf_chunk_315,docs/OWASP_Application_Security_Verification_Standard_5.0.0_en (1).pdf,"The version numbers mentioned in the text include:

- v5.0.0-1.2.5 (as an example format)
- 4.0.3 -> 5.0.0 (example of a major release change)
- 5.0.0 -> 5.1.0 (example of a minor release change)
- HTTP's version number, which consists of two decimal digits separated by a ""."" (e.g., HTTP/1.1)",0,0.0,1,0.19415545125806308,1,1,0,1,1,1
0c3a4a2c-3af9-4b3f-b648-2a5f7cebc7b9,What does 'production workloads' refer to in this context?,production workloads,'production workloads.',identifier,easy,docs/wellarchitected-framework.pdf_chunk_127,docs/wellarchitected-framework.pdf,"In the provided context, ""production workloads"" refers to a set of components that together deliver business value and operate in an environment where risks are understood and managed. The context suggests that teams must be prepared to support these workloads, and metrics derived from desired business outcomes will help understand the health of the workload, operations activities, and responses to incidents. Production workloads are subject to changes based on evolving business needs and operational feedback loops for continuous improvement.",0,1.0,1,0.7360754746214253,1,1,0,0,1,0
0c7d2191-28c0-4fbd-bc32-91575d5ede70,What does the term 'SHOULD' indicate in the context of this text?,It is a requirement that may be omitted at the implementer's discretion.,"""SHOULD"" (but need not) implies that there may exist valid reasons in particular circumstances to ignore a particular item, but the full implications must be understood and carefully weighed before choosing a different course.",definition,hard,docs/rfc9110.pdf_chunk_395,docs/rfc9110.pdf,"The term 'SHOULD' indicates a recommendation for how participants in HTTP communication should behave, as explained in RFC 9110 HTTP Semantics. It is used to convey that certain actions are preferred but not strictly required. Specifically, it suggests that implementations or entities should generally follow the guidance provided when they appear in all capitals, as shown in the context. This term helps in specifying how senders and recipients should handle field values and other aspects of HTTP communication in a way that promotes interoperability while allowing for flexibility where necessary.",0,0.2,1,0.5204098376121836,1,1,0,1,1,0
0cf4d8fc-ce1e-4fd1-8d6d-6d5c7814f9a6,What should be confirmed about new organization members' resource creations?,Their resource creations align with the agreed policies and procedures.,"""Make sure they follow your organization’s policies and conﬁrm that their resource creation aligns with the agreed policies and procedures.""",requirement,easy,docs/wellarchitected-framework.pdf_chunk_2653,docs/wellarchitected-framework.pdf,I could not find the answer in the provided documents.,0,0.0,1,0.22873615305321884,1,1,0,1,1,1
0e968613-9dd1-412a-8b5d-2deb91a393a2,What must business unit owners understand to provide direction effectively?,Business unit owners must understand the cloud business model.,• Business unit owners: Business unit owners must understand the cloud business model so that they can provide direction to both the business units and the entire company.,requirement,easy,docs/wellarchitected-framework.pdf_chunk_2578,docs/wellarchitected-framework.pdf,Business unit owners must understand the cloud business model so that they can provide direction to both the business units and the entire company. This cloud knowledge is critical when there is a need to forecast growth and workload usage.,0,0.6666666666666666,1,0.9126842995249242,0,0,0,0,1,0
0fa856df-a616-433f-a2a6-30836acfff98,What types of information are considered when performing browser fingerprinting?,"These characteristics might include information related to how it uses the underlying transport protocol, feature capabilities, and scripting environment, though of particular interest here is the set of unique characteristics that might be communicated via HTTP.","These characteristics might include information related to how it uses the underlying transport protocol, feature capabilities, and scripting environment, though of particular interest here is the set of unique characteristics that might be communicated via HTTP .",definition,medium,docs/rfc9110.pdf_chunk_632,docs/rfc9110.pdf,"When performing browser fingerprinting, the following types of information are considered:

- Information related to how the user agent uses the underlying transport protocol
- Feature capabilities of the user agent
- Scripting environment details
- Unique characteristics communicated via HTTP request header fields such as:
  - User-Agent header field (Section 10.1.5)
  - Via header field (Section 7.6.3)
  - Server header field (Section 10.2.4)

These unique characteristics can be used to identify a specific user agent over time, enabling tracking without the corresponding controls that users might have over other forms of data collection.",0,1.0,1,0.5967474044642118,1,1,0,0,1,0
0fb472f9-1f8b-46d9-94b5-cb9aa24cb4ed,What administrative procedures are required according to SP 800-171r3 for managing authenticators?,"Establish and implement administrative procedures for initial authenticator distribution; for lost, compromised, or damaged authenticators; and for revoking authenticators.","c. Establish and implement administrative procedures for initial authenticator distribution; for lost, compromised, or damaged authenticators; and for revoking authenticators.",procedure,easy,docs/NIST.SP.800-171r3.pdf_chunk_169,docs/NIST.SP.800-171r3.pdf,"According to NIST SP 800-171r3, the following administrative procedures are required for managing authenticators:

c. Establish and implement administrative procedures for initial authenticator distribution; for lost, compromised, or damaged authenticators; and for revoking authenticators.
d. Change default authenticators at first use.
e. Change or refresh authenticators [Assignment: organization-defined frequency] or when the following events occur: [Assignment: organization-defined events].
f. Protect authenticator content from unauthorized disclosure and modification.

These procedures cover the initial distribution, handling of lost or compromised authenticators, revocation processes, default authenticator changes at first use, periodic refreshing or changing of authenticators based on defined schedules or events, and protecting the content of authenticators from unauthorized access or alteration.",1,0.5,1,0.7497279327396096,1,1,1,0,1,0
0fe7cfe6-cea7-42be-8296-a31bddf40e86,Which HTTP headers are included in the provided text?,"= Content-Encoding, Content-Language, Content-Length, Content-Location, Content-Range, Content-Type, Date, ETag, Expect, From, GMT, HTTP-date, Host, If-Match, If-Modified-Since, If-None-Match, If-Range, If-Unmodified-Since, Last-Modified","[ Content-Encoding = [ content-coding *( OWS "","" OWS content-coding ) ]
Content-Language = [ language-tag *( OWS "","" OWS language-tag ) ]
Content-Length = 1*DIGIT
Content-Location = absolute-URI / partial-URI
Content-Range = range-unit SP ( range-resp / unsatisfied-range )
Content-Type = media-type
Date = HTTP-date
ETag = entity-tag
Expect = [ expectation *( OWS "","" OWS expectation ) ]
From = mailbox
GMT = %x47.4D.54 ; GMT
HTTP-date = IMF-fixdate / obs-date
Host = uri-host [ : port ]
If-Match = * / [ entity-tag *( OWS "","" OWS entity-tag ) ]
If-Modified-Since = HTTP-date
If-None-Match = * / [ entity-tag *( OWS "","" OWS entity-tag ) ]
If-Range = entity-tag / HTTP-date
If-Unmodified-Since = HTTP-date
Last-Modified = HTTP-date
]",procedure,hard,docs/rfc9110.pdf_chunk_689,docs/rfc9110.pdf,"Based on the context provided, the following HTTP header fields are mentioned:

- Authentication (Section B.6)
- Authentication-Info and Proxy-Authentication-Info Response Header Fields (Section B.8)
- Client-Initiated Content-Encoding (Section B.9)

These headers are referenced in the given text but not fully described beyond their inclusion in specific sections of the document.",0,0.0,1,0.18477662123923,1,1,0,1,1,1
11c427e7-f0d5-4135-a30b-8c2b1f0949b7,What is the desired outcome of the static stability design verification?,Workloads do not exhibit bimodal behavior during normal and failure modes.,Desired outcome: Workloads do not exhibit bimodal behavior during normal and failure modes.,definition,easy,docs/wellarchitected-framework.pdf_chunk_2107,docs/wellarchitected-framework.pdf,"The desired outcome of the static stability design verification is to ensure that each application component can operate in only one mode, provisioned with enough instances in each Availability Zone or Region to handle the workload capacity if one Availability Zone or Region were removed. This ensures that the system remains stable and reliable under fault conditions, maintaining its operational capability even when parts of the infrastructure fail.",0,0.5,1,0.28941109596840536,1,1,0,0,1,1
126d2848-7643-4f5f-83fb-41ec67fe3b9a,What is the exact change made in Control IA-1a.1.? ,Change ‘organization-level; mission/business process-level; system-level’ to ‘Organization-level; Mission/business process-level; System-level’,Control IA-1a.1.: Change “organization-level; mission/business process-level; system-level” to “Organization-level; Mission/business process-level; System-level” 128,factual,easy,docs/NIST.SP.800-53r5.pdf_chunk_78,docs/NIST.SP.800-53r5.pdf,I could not find the answer in the provided documents.,0,0.0,1,0.16230084765987007,1,1,0,1,1,1
12d7973e-04dc-4d9c-8f47-04ba80289fc5,What benefit does using version control capabilities provide in the context of managing report files?,"By using version control capabilities you can easily revert to known good states and previous versions, and limit the risk of assets being lost.","""Beneﬁts of establishing this best practice: By using version control capabilities you can easily revert to known good states and previous versions, and limit the risk of assets being lost.""",definition,medium,docs/wellarchitected-framework.pdf_chunk_486,docs/wellarchitected-framework.pdf,"Using version control capabilities provides the benefit of easily reverting to known good states and previous versions, thereby limiting the risk of assets being lost.",0,1.0,1,0.9240950757947899,0,0,0,0,1,0
1327eadd-2c03-4cd4-a966-df3d47be5d22,What are common policies in workloads management?,"Common policies include which services and features can be used (for example, lower performance storage in test and development environments), which types of resources can be used by different groups (for example, the largest size of resource in a development account is medium) and how long these resources will be in use (whether temporary, short term, or for a specific period of time).","and workloads. Common policies include which services and features can be used (for example, lower performance storage in test and development environments), which types of resources can be used by diﬀerent groups (for example, the largest size of resource in a development account is medium) and how long these resources will be in use (whether temporary, short term, or for a speciﬁc period of time).",definition,medium,docs/wellarchitected-framework.pdf_chunk_2646,docs/wellarchitected-framework.pdf,"Common policies in workloads management include:

1. **Geographic Region Selection**: Deciding which geographic region to use for deploying resources.
2. **Resource Scheduling**: Determining the times of day when resources should be running.
3. **Service and Feature Usage**: Specifying which services and features can be used, such as using lower performance storage in test and development environments.
4. **Resource Types by Group**: Defining which types of resources different groups can use, for example, setting a maximum resource size to medium in a development account.
5. **Resource Lifespan**: Determining the duration these resources will be in use—whether they are temporary, short-term, or for a specific period.

These policies help ensure consistency and alignment with business conditions or priorities, and they need periodic inspection and updates as circumstances change.",1,0.5714285714285714,1,0.8225351975804425,1,1,1,0,1,0
1554e6f5-8a92-4d2f-b575-0ac3c3240bb7,What informs risk monitoring according to the text?,The established organizational risk tolerance.,Risk monitoring is informed by the established organizational risk tolerance.,definition,medium,docs/NIST.SP.800-53r5.pdf_chunk_641,docs/NIST.SP.800-53r5.pdf,"The context does not provide specific information on what directly informs risk monitoring. However, it discusses aspects of risk assessment which is a foundational process for understanding risks but does not explicitly detail the mechanisms or inputs for continuous risk monitoring. Therefore:

""I could not find the answer in the provided documents.""",0,0.3333333333333333,0,0.6690170158060423,0,0,0,1,0,0
158c06ba-431e-44d5-bb7a-095b24a4dcd0,What does the control require organizations to do regarding mobile code?,"Authorize, monitor, and control the use of mobile code within the system.","b. Authorize, monitor, and control the use of mobile code within the system.",requirement,easy,docs/NIST.SP.800-53r5.pdf_chunk_1889,docs/NIST.SP.800-53r5.pdf,"The control requires organizations to take several actions regarding mobile code:

1. Identify unacceptable mobile code and define corrective actions for when such code is detected.
2. Ensure that the acquisition, development, and use of mobile code meet organization-defined requirements.
3. Prevent the download and execution of unacceptable mobile code.
4. Prevent the automatic execution of mobile code in specified software applications and enforce specific actions before executing the code.
5. Allow the execution of permitted mobile code only within confined virtual machine environments.

These measures are aimed at mitigating risks associated with potentially malicious or untrusted mobile code, such as Java applets, JavaScript, HTML5, VBScript, and WebGL, by controlling their use and ensuring they are from trusted sources.",0,0.0,1,0.6931286969291386,1,1,0,1,1,0
15d5b326-2f1b-4987-9c57-f186709a5552,Where can one find NIST SP 800-53 REV. 5?,From the provided DOI link.,This publication is available free of charge from: https://doi.org/10.6028/NIST.SP.800-53r5,requirement,easy,docs/NIST.SP.800-53r5.pdf_chunk_707,docs/NIST.SP.800-53r5.pdf,One can find NIST SP 800-53 REV. 5 free of charge from the following URL: https://doi.org/10.6028/NIST.SP.800-53r5,0,1.0,1,0.5932671540333835,0,0,0,0,1,0
17a0bd6c-5999-4b32-a67d-197ef0b78739,How often should the prioritization process be reviewed?,Regularly review the effectiveness of the prioritization process.,6. Review and adapt: Regularly review the eﬀectiveness of the prioritization process and make adjustments based on feedback and changes in the business environment.,procedure,easy,docs/wellarchitected-framework.pdf_chunk_741,docs/wellarchitected-framework.pdf,I could not find the answer in the provided documents.,0,0.0,0,0.08286073375884782,0,0,0,1,0,1
17f5e9c4-4c39-4ad4-ac2d-08684e22d52c,What must an HTTP-to-HTTP gateway conform to for interoperability with third-party servers?,User agent requirements on the gateway's inbound connection.,"""However, an HTTP-to-HTTP gateway that wishes to interoperate with third-party HTTP servers needs to conform to user agent requirements on the gateway's inbound connection.""",requirement,easy,docs/rfc9110.pdf_chunk_63,docs/rfc9110.pdf,An HTTP-to-HTTP gateway must conform to user agent requirements on the gateway's inbound connection for interoperability with third-party HTTP servers.,0,1.0,1,0.9370042939805281,0,0,0,0,1,0
18960d0c-a72d-45ad-93ae-ebabbfbb0d31,How can organizations address the concern of adversaries breaching or compromising their systems according to the discussion?,"Organizations should share threat information, including tactics, techniques, and procedures; effective mitigations against certain types of threats; and indications and warnings about threats.","One of the best techniques to address this concern is for organizations to share threat information, including threat events (i.e., tactics, techniques, and procedures) that organizations have experienced, mitigations that organizations have found are effective against certain types of threats, and threat intelligence (i.e., indications and warnings about threats).",procedure,medium,docs/NIST.SP.800-53r5.pdf_chunk_1302,docs/NIST.SP.800-53r5.pdf,"According to the provided context, organizations can address the concern of adversaries breaching or compromising their systems through several strategies:

1. **Implement a Threat Awareness Program**: This includes a cross-organization information-sharing capability for threat intelligence. By sharing threat events (tactics, techniques, and procedures), mitigations that have proven effective, and other relevant threat intelligence, organizations can better prepare and defend against potential threats.

2. **Relocating System Components**: Changing the locations of processing activities and storage sites introduces uncertainty into adversaries' targeting activities. This relocation makes it more difficult for adversaries to compromise or breach systems, as they may inadvertently disclose their methods while attempting to locate critical resources.

3. **Employing Misleading Information**: Using realistic but misleading information in system components about its security state or posture can confuse potential adversaries and make their efforts less effective.

4. **Establishing a Security Operations Center (SOC)**: A SOC serves as the focal point for security operations and computer network defense, enabling continuous monitoring of systems and networks to defend against threats and maintain overall security.

These strategies collectively enhance an organization's resilience against sophisticated and persistent threats by improving threat awareness, complicating adversary efforts, and maintaining robust security operations.",1,0.14285714285714285,1,0.6669293787588049,1,1,1,1,1,0
18b733c5-2272-4aba-96e6-c6880c10bea2,How does Application Load Balancer improve response time for applications?,"Application Load Balancer can serve HTTP/2 traffic without needing to support it on your targets. This simple decision can improve your application response time, as HTTP/2 uses TCP connections more efficiently.","Application Load Balancer can also serve HTTP/2 traffic without needing to support it on your targets. This simple decision can improve your application response time, as HTTP/2 uses TCP connections more efficiently.",procedure,medium,docs/wellarchitected-framework.pdf_chunk_2466,docs/wellarchitected-framework.pdf,"Application Load Balancer can improve the application response time by serving HTTP/2 traffic without requiring your backend targets to support it. Since HTTP/2 uses TCP connections more efficiently, this simple configuration decision can lead to improved performance and faster response times for clients.",0,1.0,1,0.9403850019044642,0,0,0,0,1,0
18cc4a93-45f2-4f08-8b22-90322ed9e47f,What should be done after defining performance metrics according to the text?,Experiment and use defined metrics to validate the performance of the selected architecture.,• Experiment and use deﬁned metrics to validate the performance of the selected architecture.,procedure,easy,docs/wellarchitected-framework.pdf_chunk_2323,docs/wellarchitected-framework.pdf,"According to the context provided, after defining performance metrics at the beginning of the development process, organizations should:

(a) Define quality metrics at the beginning of the development process; and 
(b) Provide evidence of meeting the quality metrics [Selection (one or more): [Assignment: organization-defined frequency]; [Assignment: organization-defined program review milestones]; upon delivery]. 

This ensures that acceptable levels of system quality are established and maintained throughout the project.",1,0.0,1,0.4895705582493487,0,0,1,1,1,1
19457824-409c-4f44-88c1-c42e53aadae5,What is the CUI for CM-12?,CUI 03.04.11,CM-12 Information Location CUI 03.04.11,identifier,easy,docs/NIST.SP.800-171r3.pdf_chunk_384,docs/NIST.SP.800-171r3.pdf,I could not find the answer in the provided documents.,0,0.0,1,0.16189609907670396,0,0,0,1,1,1
19d37df0-1132-4f48-a913-a877fc55d46b,Which references are mentioned for EMSEC policies?,[FIPS 199].,References: [FIPS 199].,identifier,easy,docs/NIST.SP.800-53r5.pdf_chunk_1194,docs/NIST.SP.800-53r5.pdf,The reference mentioned for EMSEC policies is [FIPS 199].,0,0.0,1,0.595684221091748,0,0,0,1,1,0
1a6890a9-ea27-4fa8-9069-74f56d5a1729,What are the steps included in the information life cycle mentioned in the text?,"The information life cycle includes information creation, collection, use, processing, storage, maintenance, dissemination, disclosure, and disposition.","The information life cycle includes information creation, collection, use, processing, storage, maintenance, dissemination, disclosure, and disposition.",factual,easy,docs/NIST.SP.800-53r5.pdf_chunk_2115,docs/NIST.SP.800-53r5.pdf,"The information life cycle mentioned in the text includes the following steps:

- Creation
- Collection
- Use
- Processing
- Storage
- Maintenance
- Dissemination
- Disclosure
- Disposal

These steps cover every phase of how information is managed from its creation to its disposal.",0,1.0,1,0.884097619946349,0,0,0,0,1,0
1ac915e3-3c15-4955-906a-9478e28c42ce,What does evidence #6.8.2 suggest about the presence and integrity of digital signatures on authentication?,The evidence does not provide specific details about the presence and integrity of digital signatures on authentication.,#6.8.2 Verify that the presence and integrity of digital signatures on authentication,factual,easy,docs/OWASP_Application_Security_Verification_Standard_5.0.0_en (1).pdf_chunk_195,docs/OWASP_Application_Security_Verification_Standard_5.0.0_en (1).pdf,"According to evidence #6.8.2, the presence and integrity of digital signatures on authentication assertions (for example, on JWTs or SAML assertions) are always validated, and any assertions that are unsigned or have invalid signatures are rejected.",0,0.0,1,0.7241796330164746,1,1,0,1,1,0
1b3a0e8e-2670-4d6b-8cb1-c3b8a02fc86a,What additional step must an origin server take if resources have distinct representations that differ only in their metadata?,"The origin server needs to incorporate additional steps to handle such cases, as mentioned but not fully detailed in the text.","However, if a resource has distinct representations that diﬀer only in their metadata, such as might occur with content negotiation over media types that happen to share the same data format, then the origin server needs to incorporate additional",requirement,hard,docs/rfc9110.pdf_chunk_246,docs/rfc9110.pdf,"If resources have distinct representations that differ only in their metadata, the origin server needs to incorporate additional information in the validator to distinguish those representations.",1,1.0,1,0.7562689400794568,1,1,1,0,1,0
1bf1b5ee-cb2a-4ccf-927e-1c5203b64c0a,What events are mentioned in the text related to Amazon EC2?,"AWS re:Invent 2019 - Optimize performance and cost for your AWS compute, Amazon EC2 foundations, Deploy ML models for inference at high performance and low cost","• AWS re:Invent 2019 - Optimize performance and cost for your AWS compute
• Amazon EC2 foundations
• Deploy ML models for inference at high performance and low cost",factual,easy,docs/wellarchitected-framework.pdf_chunk_2335,docs/wellarchitected-framework.pdf,"The context provided does not mention any specific events related to Amazon EC2. The closest relevant information is under ""Compute and hardware,"" which lists some AWS re:Invent sessions from various years that discuss Amazon EC2, but it does not specify particular events or use cases related to Amazon EC2.

Therefore, based on the given context:
I could not find the answer in the provided documents.",0,0.6666666666666666,1,0.4741383850588875,1,1,0,0,1,1
1cff8995-07de-4ed2-b2c7-cd920788fd81,What happens if you don't have a support transition plan after the migration project?,Your teams struggle to efficiently and effectively support the workloads.,"""You don't have a support transition plan for your teams once the partner completes the migration project. Your teams struggle to eﬃciently and eﬀectively support the workloads.""",factual,easy,docs/wellarchitected-framework.pdf_chunk_437,docs/wellarchitected-framework.pdf,"If you don't have a support transition plan after the migration project, your teams may struggle to efficiently and effectively support the workloads. This can lead to operational challenges and potentially impact employee satisfaction.",0,0.6666666666666666,1,0.7666395412326656,0,0,0,0,1,0
1d3310d9-bb62-4058-bb58-4bd2dca41c7f,What process is used to prevent server impersonation by on-path attackers or name resolution attackers?,Certificate verification is used to prevent server impersonation.,Certiﬁcate veriﬁcation is used to prevent server impersonation by an on-path attacker or by an attacker that controls name resolution.,procedure,easy,docs/rfc9110.pdf_chunk_99,docs/rfc9110.pdf,"To prevent server impersonation by on-path attackers or name resolution attackers, a client needs to be configured with a set of trust anchors. The client then verifies the service identity using a verification process (though the specific details of this process are not provided in the context). If the host is an IP address, the reference identity is an IP-ID; if it's a name, the reference identity is a DNS-ID.",0,0.0,1,0.6315273711597101,1,1,0,1,1,0
1d9013b8-a6e7-4862-b59e-1871c879727a,What types of references can be considered as Informative References in the context provided?,"Informative References may be higher-level, such as a requirement from a policy that partially addresses numerous Subcategories.","Informative References may be higher-level, such as a requirement from a policy that partially addresses numerous Subcategories.",definition,easy,docs/NIST.CSWP.29.pdf_chunk_44,docs/NIST.CSWP.29.pdf,"In the context provided, Informative References can include standards, guidelines, regulations, and other documents. Specifically, they may be produced by NIST or another organization and can range from narrower scopes like a particular control from SP 800-53 to higher-level requirements from policies that address multiple Subcategories.",0,0.14285714285714285,1,0.7661198744996116,1,1,0,1,1,0
1df386ba-204a-424b-972d-f4903683e197,Where is NIST SP 800-53 REV. 5 available free of charge?,https://doi.org/10.6028/NIST.SP.800-53r5,This publication is available free of charge from: https://doi.org/10.6028/NIST.SP.800-53r5,identifier,easy,docs/NIST.SP.800-53r5.pdf_chunk_167,docs/NIST.SP.800-53r5.pdf,NIST SP 800-53 REV. 5 is available free of charge from the following URL: https://doi.org/10.6028/NIST.SP.800-53r5,0,1.0,1,0.5874463746322756,0,0,0,0,1,0
2381289b-5e20-4f09-a176-e1a8d6ee5bf1,What does prohibiting the use of systems account identifiers as public identifiers help prevent?,It makes it more difficult for adversaries to guess user identifiers.,"""Prohibiting the use of systems account identifiers that are the same as some public identifier, such as the individual identifier section of an electronic mail address, makes it more difficult for adversaries to guess user identifiers.""",factual,easy,docs/NIST.SP.800-53r5.pdf_chunk_899,docs/NIST.SP.800-53r5.pdf,Prohibiting the use of system account identifiers as public identifiers helps prevent adversaries from easily guessing user identifiers. This makes it more difficult for attackers to attempt unauthorized access by using publicly available information.,0,1.0,1,0.8268222740880847,0,0,0,0,1,0
23819283-f7ab-4579-a6f3-2a73af00571f,What is a typical approach for using encryption keys in different AWS Regions?,"A typical approach that balances security and ease of use is to use Region-scoped keys for Region-local data and authentication, and use globally-scoped keys for encryption of data that is replicated among different Regions.","4. Consider whether and to what extent you want to use identical encryption keys across Regions. A typical approach that balances security and ease of use is to use Region-scoped keys for Region-local data and authentication, and use globally-scoped keys for encryption of data that is replicated among diﬀerent Regions.",procedure,medium,docs/wellarchitected-framework.pdf_chunk_2038,docs/wellarchitected-framework.pdf,"A typical approach for using encryption keys in different AWS Regions, as mentioned in the context, is to use Region-scoped keys for Region-local data and authentication, and use globally-scoped keys for encryption of data that is replicated among different Regions. AWS Key Management Service (KMS) supports multi-region keys to securely distribute and protect keys shared across Regions.",0,0.6666666666666666,1,0.7636737107331121,0,0,0,0,1,0
23c02e3b-7102-4d63-aef9-27383b115285,What are the actions that may be taken in response to unsuccessful system logon attempts?,"Organization-defined actions include prompting the user to answer a secret question, invoking a lockdown mode with limited user capabilities, allowing users to only logon from specified Internet Protocol (IP) addresses, requiring a CAPTCHA to prevent automated attacks, or applying user profiles such as location, time of day, IP address, device, or Media Access Control (MAC) address.","Responses to unsuccessful system logon attempts may be implemented at the system and application levels. Organization-defined actions that may be taken include prompting the user to answer a secret question in addition to the username and password, invoking a lockdown mode with limited user capabilities (instead of a full lockout), allowing users to only logon from specified Internet Protocol (IP) addresses, requiring a CAPTCHA to prevent automated attacks, or applying user profiles, such as location, time of day, IP address, device, or Media Access Control (MAC) address.",factual,medium,docs/NIST.SP.800-171r3.pdf_chunk_75,docs/NIST.SP.800-171r3.pdf,"In response to unsuccessful system logon attempts, organizations may take several actions as defined in the context. These include:

- Prompting the user to answer a secret question in addition to the username and password.
- Invoking a lockdown mode with limited user capabilities (instead of full lockout).
- Allowing users to only log on from specified Internet Protocol (IP) addresses.
- Requiring a CAPTCHA to prevent automated attacks.
- Applying user profiles such as location, time of day, IP address, device, or Media Access Control (MAC) address.

Additionally, the context mentions that organizations may automatically:

- Lock the account or node for an organization-defined time period.
- Lock the account or node until released by an administrator.
- Delay the next logon prompt based on a delay algorithm defined by the organization.
- Notify the system administrator of the unsuccessful attempts.
- Take other actions as defined by the organization.",1,0.6363636363636364,1,0.8837652058948202,1,1,1,0,1,0
259ea192-1eab-4ba4-bb76-8c273191236d,What should an OpenID Provider mitigate to prevent denial of service according to section 10.6.2?,denial of service through forced logout,"#10.6.2 Verify that the OpenID Provider mitigates denial of service through forced
logout.",requirement,easy,docs/OWASP_Application_Security_Verification_Standard_5.0.0_en (1).pdf_chunk_257,docs/OWASP_Application_Security_Verification_Standard_5.0.0_en (1).pdf,"I could not find the answer in the provided documents.

The context provided does not specifically mention OpenID Provider mitigation for denial-of-service prevention under section 10.6.2. The document discusses general measures and controls related to Denial-of-Service protection, such as capacity management, bandwidth, redundancy, detection, and monitoring, but it does not provide specific details targeted at OpenID Providers.",0,0.0,1,0.7056047760652289,1,1,0,1,1,0
26678c42-f398-468d-b5d5-575309c81529,What are the titles of the related documents mentioned?,"AWS Solutions Library, AWS Knowledge Center, Architectural Patterns to Build End-to-End Data Driven Applications on AWS.","""Resources
Related documents:
• AWS Solutions Library
• AWS Knowledge Center
• Architectural Patterns to Build End-to-End Data Driven Applications on AWS""",identifier,easy,docs/wellarchitected-framework.pdf_chunk_2324,docs/wellarchitected-framework.pdf,"The related documents mentioned in the context have the following titles:

1. [FED PKI] General Services Administration, Federal Public Key Infrastructure.
2. [FISMA IMP] Federal Information Security Modernization Act (FISMA) Implementation Project.
3. [IETF 4949] Internet Engineering Task Force (IETF), Request for Comments: 4949, Internet Security Glossary, Version 2, August 2007.

These titles are directly referenced in the provided context.",1,0.2,1,0.13890977593707504,1,1,1,1,1,1
2806d5c1-9495-4e0e-aabf-8f59d227469f,Which specific browser security features are mentioned that must be supported by browsers using the application according to V3.1 Web Frontend Security Documentation?,"HTTPS, HTTP Strict Transport Security (HSTS), Content Security Policy (CSP), and other relevant HTTP security mechanisms.","# Description Level 3.1.1 Verify that application documentation states the expected security features that browsers using the application must support (such as HTTPS, HTTP Strict Transport Security (HSTS), Content Security Policy (CSP), and other relevant HTTP security mechanisms).",factual,easy,docs/OWASP_Application_Security_Verification_Standard_5.0.0_en (1).pdf_chunk_128,docs/OWASP_Application_Security_Verification_Standard_5.0.0_en (1).pdf,"According to V3.1 Web Frontend Security Documentation, the following specific browser security features must be supported by browsers using the application:

- HTTPS
- HTTP Strict Transport Security (HSTS)
- Content Security Policy (CSP)
- Other relevant HTTP security mechanisms

The documentation also states that the application must define how it should behave when some of these features are not available, such as warning the user or blocking access.",0,0.5,1,0.869420456382422,0,0,0,0,1,0
2877f7fb-7d11-4db3-9e45-46c7be5fc563,How often should the penetration testing be conducted according to the text?,The frequency of penetration testing is defined by the organization.,(3) PENETRATION TESTING | FACILITY PENETRATION TESTING Employ a penetration testing process that includes [Assignment: organization-defined frequency],factual,easy,docs/NIST.SP.800-53r5.pdf_chunk_655,docs/NIST.SP.800-53r5.pdf,"According to NIST SP 800-53 REV. 5, the frequency of conducting penetration testing is defined by the organization and can be set based on the organization-defined frequency.",0,0.5,1,0.7207797863770862,1,1,0,0,1,0
2999dc76-df54-40a9-9f0e-a33d89c156db,What aspect of compliance can managed services shift according to the text?,"Compliance requirements can be a factor in selecting services, as some requirements can be shifted to AWS with managed services.",Compliance requirements can also be a factor when selecting services. Managed services can shift the compliance of some requirements to AWS.,factual,medium,docs/wellarchitected-framework.pdf_chunk_867,docs/wellarchitected-framework.pdf,"The context does not explicitly state that managed services can shift aspects of compliance. Instead, it discusses how organizations should manage and ensure alignment between their interests and those of external service providers, as well as the importance of controlling the location of information processing, storage, and system services. Therefore, based on the provided context, I could not find the answer to the specific question about what aspect of compliance managed services can shift.",1,0.5,1,0.6202442627205192,1,1,1,0,1,0
2aa99359-b446-4541-ae01-49b888a9b451,What does this publication recommend for assessing supply chain risks?,"This publication recommends assessing supply chain risks associated with organization-defined systems, system components, and system services.","NIST SP 800-53, REV. 5 (a) Assess supply chain risks associated with [Assignment: organization-defined systems, system components, and system services];",procedure,easy,docs/NIST.SP.800-53r5.pdf_chunk_1461,docs/NIST.SP.800-53r5.pdf,"This publication recommends conducting a systematic examination of supply chain risks, including evaluating the likelihood of their occurrence and potential impacts. This process is referred to as a supply chain risk assessment. Additionally, it suggests developing an organization-wide strategy for managing these risks consistently across the organization and reviewing and updating this strategy on an organization-defined frequency or as required due to organizational changes.",0,0.4,1,0.6831736816025384,1,1,0,1,1,0
2abbb927-39d7-448b-9554-b68e7e9962b2,What can you grant access to resources for an account that is a member of AWS Organizations?,"You can grant access to the entire organization, specific organizational units, or individual accounts.","""If your account is in AWS Organizations, you can grant access to resources to the entire organization, speciﬁc organizational units, or individual accounts.""",procedure,easy,docs/wellarchitected-framework.pdf_chunk_1068,docs/wellarchitected-framework.pdf,"For an account that is a member of AWS Organizations, you can grant access to resources for the entire organization, specific organizational units, or individual accounts. This can be achieved using resource-based policies such as Amazon S3 bucket policies, or by allowing a principal in another account to assume an IAM role in your account.",0,0.6,1,0.8612308937684156,1,1,0,0,1,0
2bf7f544-2208-435e-8287-4585e903e731,What are the two main components of system and communications protection according to control a? ,"[Selection (one or more): Organization-level; Mission/business process-level; System-level] system and communications protection policy that: (a) Addresses purpose, scope, roles, responsibilities, management commitment, coordination among organizational entities, and compliance; and (b) Is consistent with applicable laws, executive orders, directives, regulations, policies, standards, and guidelines;","[Selection (one or more): Organization-level; Mission/business process-level; System-level] system and communications protection policy that: 
(a) Addresses purpose, scope, roles, responsibilities, management commitment, coordination among organizational entities, and compliance; and
(b) Is consistent with applicable laws, executive orders, directives, regulations, policies, standards, and guidelines;",procedure,medium,docs/NIST.SP.800-53r5.pdf_chunk_1774,docs/NIST.SP.800-53r5.pdf,"Based on the provided context, Control SC-8 focuses on ""Transmission Confidentiality and Integrity."" The two main components of system and communications protection according to this control are:

1. Protecting the confidentiality of transmitted information.
2. Protecting the integrity of transmitted information.

These aspects ensure that data is both kept confidential from unauthorized parties and remains intact and unaltered during transmission.",0,0.0,1,0.49625286873583774,1,1,0,1,1,1
2c809731-aeab-428f-ac1f-864d5aaa803a,What are the conditions for a representation to be unacceptable according to the text?,A representation's content coding is specifically excluded by the Accept-Encoding header field stating either 'identity;q=0' or '*;q=0' without a more specific entry for 'identity'.,speciﬁcally excluded by the Accept-Encoding header ﬁeld stating either 'identity;q=0' or '*;q=0' without a more speciﬁc entry for 'identity'.,requirement,hard,docs/rfc9110.pdf_chunk_402,docs/rfc9110.pdf,"According to the provided context, a representation is considered unacceptable under the following conditions:

1. If the `Accept-Encoding` header field in the request explicitly states ""identity;q=0"" or ""*;q=0"" without a more specific entry for ""identity,"" then representations with no content coding are not acceptable.
2. A Content-Range field value is invalid if it contains a range-resp that has a last-pos value less than its first-pos value, or a complete-length value less than or equal to its last-pos value. In such cases, the recipient may attempt to recombine the received content with a stored representation, but this does not directly indicate unacceptability; rather, it suggests an error in the range request.

These conditions outline when a server might determine that a requested representation is unacceptable based on the `Accept-Encoding` header and the validity of Content-Range headers.",1,0.25,1,0.6069853881835812,1,1,1,1,1,0
2d13ce02-5ca6-4905-9244-4e829e00a1e0,What are some of the responsibilities of a Data Governance Body?,"Responsibilities can include developing and implementing guidelines that support data modeling, quality, integrity, and the de-identification needs of personally identifiable information across the information life cycle as well as reviewing and approving applications to.","Responsibilities can include developing and implementing guidelines that support data modeling, quality, integrity, and the de-identification needs of personally identifiable information across the information life cycle as well as reviewing and approving applications to",procedure,hard,docs/NIST.SP.800-53r5.pdf_chunk_1329,docs/NIST.SP.800-53r5.pdf,"Some of the responsibilities of a Data Governance Body include developing and implementing guidelines that support data modeling, quality, integrity, and the de-identification needs of personally identifiable information across the information life cycle. They also review and approve applications to release data outside of the organization, archive the applications and the released data, and perform post-release monitoring to ensure that the assumptions made as part of the data release continue to be valid.",1,0.6,1,0.752313648260012,0,0,1,0,1,0
2ef27214-490e-422e-9aa8-77aeb819f2a0,What types of controls are related to this access control policy for mobile devices?,"CM-8, IR-4","[...Related Controls: CM-8, IR-4.]",identifier,easy,docs/NIST.SP.800-53r5.pdf_chunk_417,docs/NIST.SP.800-53r5.pdf,"The related controls to the access control policy for mobile devices include:

- AC-3, AC-4, AC-7, AC-11, AC-17, AC-18, AC-20
- CA-9
- CM-2, CM-6
- IA-2, IA-3
- MP-2, MP-4, MP-5, MP-7
- PL-4
- SC-7, SC-34, SC-43
- SI-3, SI-4

These controls are mentioned in the context provided as being related to access control for mobile devices.",0,0.043478260869565216,1,0.379594391802628,1,1,0,1,1,1
2f1092b2-b16f-4015-b32a-e4617f682f29,What does the AWS Well-Architected Framework suggest about manually changing standard security controls?,"Making changes to your standard security controls manually, through a web console or command-line interface.","• Making changes to your standard security controls manually, through a web console or command-line interface.",procedure,easy,docs/wellarchitected-framework.pdf_chunk_874,docs/wellarchitected-framework.pdf,"The AWS Well-Architected Framework suggests that manually changing standard security controls is not recommended. Specifically, it mentions anti-patterns such as making changes to your standard security controls manually through a web console or command-line interface, relying on individual workload teams to manually implement controls defined by a central team, and allowing the same individuals or teams to develop, test, and deploy security control automation scripts without proper separation of duties or checks and balances. These practices are considered anti-patterns because they can lead to inconsistencies, increased risk, and reduced predictability in your architecture.",1,0.2857142857142857,1,0.5036849335831131,1,1,1,1,1,0
2f8060fe-7cae-43b2-8ed6-b7d3b950c96f,What is an example discussed for when social security numbers may not need to be archived even though they were initially collected?,"Social security numbers may have been collected for record linkage, but the archived dataset may include the required elements from the linked records. In this case, it is not necessary to archive the social security numbers.","For example, social security numbers may have been collected for record linkage, but the archived dataset may include the required elements from the linked records. In this case, it is not necessary to archive the social security numbers.",example,easy,docs/NIST.SP.800-53r5.pdf_chunk_2155,docs/NIST.SP.800-53r5.pdf,"An example discussed in the context is when social security numbers are collected for record linkage but are not required after the dataset is archived. In this case, it is not necessary to archive the social security numbers since they are no longer needed.",0,1.0,1,0.9058746938156869,0,0,0,0,1,0
3616abab-b48e-4499-b919-ceaa65c57975,What is the purpose of maintaining a database in a computerized maintenance management system according to this text?,A computerized maintenance management system maintains a database of [not fully specified in given evidence].,A computerized maintenance management system maintains a database of,function,medium,docs/NIST.SP.800-53r5.pdf_chunk_1080,docs/NIST.SP.800-53r5.pdf,"According to the provided context, the purpose of maintaining a database in a computerized maintenance management system is to automate the processing of equipment condition data to trigger maintenance planning, execution, and reporting.",0,0.0,1,0.8612050994118103,1,1,0,1,1,0
3689dc23-3fbd-43b4-aa0c-1012ef235f16,What are the related controls mentioned in the text?,"CA-2, CP-4, IR-4, MA-2, MA-6, PE-16, PL-2, PM-9, PM-30, RA-3, RA-7, SA-8, SI-4","Related Controls: CA-2, CP-4, IR-4, MA-2, MA-6, PE-16, PL-2, PM-9, PM-30, RA-3, RA-7, SA-8, SI-4.",identifier,easy,docs/NIST.SP.800-53r5.pdf_chunk_2186,docs/NIST.SP.800-53r5.pdf,"The related controls mentioned in the text are:

- SC-12
- CONFIGURATION CHANGE CONTROL | REVIEW SYSTEM CHANGES

Additionally, it is noted that for some controls, there may be related controls identified for control enhancements that are not referenced in the base control. However, specific examples of these are not provided in the given context.",1,0.25,1,0.4211524721487808,1,1,1,1,1,1
3791de9e-e428-4d07-9e01-87681ca54bab,What protocol is mentioned as being used to establish confidential communication through a shared firewall proxy?,Transport Layer Security (TLS).,"""such as when Transport Layer Security (TLS, ) is used to establish conﬁdential communication through a shared ﬁrewall proxy.""",identifier,easy,docs/rfc9110.pdf_chunk_64,docs/rfc9110.pdf,Transport Layer Security (TLS) is mentioned as being used to establish confidential communication through a shared firewall proxy.,0,1.0,1,0.8335776871834475,0,0,0,0,1,0
37a3f5af-1581-4e5e-86ab-a8742515ae61,What are two common anti-patterns mentioned in the text?,"- You assume that all performance gains should be implemented, even if there are tradeoffs for implementation.
- You only evaluate changes to workloads when a performance issue has reached a critical point.","::: Common anti-patterns:
• You assume that all performance gains should be implemented, even if there are tradeoﬀs for implementation.
• You only evaluate changes to workloads when a performance issue has reached a critical point.",definition,hard,docs/wellarchitected-framework.pdf_chunk_2304,docs/wellarchitected-framework.pdf,"Two common anti-patterns mentioned in the text are:

1. Applications without real user monitoring (RUM):
   - Delayed issue detection
   - Lack of user experience insights

2. Applications without synthetic transactions:
   - Missed edge cases
   - Checking for issues when the application is not being used",1,0.0,1,0.5887950129095211,1,1,1,1,1,0
3934bfa5-6dca-48af-8d02-de4487b95afb,What does AWS IoT Core provide according to the provided text?,several options for network traffic encryption and authentication.,":::authorizer.
• For communication between your workload and IoT devices, consider AWS IoT Core, which provides several options for network traffic encryption and authentication.",factual,easy,docs/wellarchitected-framework.pdf_chunk_1361,docs/wellarchitected-framework.pdf,"According to the provided text, AWS IoT Core provides specialized support for provisioning, managing, and deploying PKI certificates to IoT devices. It also offers mechanisms for onboarding IoT devices into a public key infrastructure at scale.",0,0.0,1,0.6757075698180357,1,1,0,1,1,0
397f513d-6ff8-46ed-9ed8-50435afd71c1,What is the progression described by the Tiers in terms of managing cybersecurity risks?,"The Tiers describe a progression from informal, ad hoc responses to approaches that are agile, risk-informed, and adaptive.","The Tiers describe a progression from informal, ad hoc responses to approaches that are agile, risk-informed, and",procedure,medium,docs/NIST.CSWP.29.pdf_chunk_39,docs/NIST.CSWP.29.pdf,"The progression described by the Tiers in terms of managing cybersecurity risks starts from informal, ad hoc responses (Partial Tier 1) to more structured and agile approaches that are risk-informed and continuously improving (Adaptive Tier 4). Here’s a breakdown:

- **Tier 1: Partial** - This tier describes an organization with informal or ad hoc practices for managing cybersecurity risks. There is no formal policy, and the approach may not be consistent across the organization.

- **Tier 2: Risk Informed** - At this level, risk management practices are approved by management but may not yet be established as a formal organizational-wide policy. Cybersecurity activities and protection needs are prioritized based on risk objectives, threat environment, or business/mission requirements. There is an awareness of cybersecurity risks at the organizational level, though an organization-wide approach has not been fully established.

- **Tier 3: Repeatable** - This tier involves formally approved risk management practices expressed as policy. Risk-informed policies, processes, and procedures are defined, implemented as intended, and regularly reviewed. Organizational cybersecurity practices are updated based on the application of these risk management processes to changes in business/mission requirements, threats, and technological landscape.

- **Tier 4: Adaptive** - This is the highest tier, where there is an organization-wide approach to managing cybersecurity risks that uses risk-informed policies, processes, and procedures. The relationship between cybersecurity risks and organizational objectives is clearly understood, and decisions are made with this understanding in mind. Executives and personnel act upon these risks through mechanisms such as written agreements, governance structures (e.g., risk councils), and continuous monitoring and review.

This progression reflects a move from less structured to more structured and adaptive practices for managing cybersecurity risks.",1,0.8333333333333334,1,0.627441383469098,1,1,1,0,1,0
3a1ecf81-617b-496b-8ea9-545497277d07,What happens if long queue backlogs are allowed in the system?,Processing stale requests that a client has already given up on.,"However, do not allow a buildup of long queue backlogs that can result in processing stale requests that a client has already given up on.",procedure,easy,docs/wellarchitected-framework.pdf_chunk_1766,docs/wellarchitected-framework.pdf,"If long queue backlogs are allowed in the system, it can result in processing stale requests that a client has already given up on. This can lead to resource contention, timeouts, exceptions, or grey failures, making it difficult to achieve service level objectives. Additionally, it may cause insurmountable backlogs, which can negatively impact system performance and reliability.",0,0.1111111111111111,1,0.6653595352573283,1,1,0,1,1,0
3aaa635e-26ec-4512-9ce2-58c80643415d,How is 'unit' defined in relation to data fields according to the text?,A unit refers to a group of related data fields that can be accessed by a program and that contain a complete set of information on particular items.,"""intended. Also used to refer to units of related data fields (i.e., groups of data fields that can be accessed by a program and that contain a complete set of information on particular items).""",definition,medium,docs/NIST.SP.800-171r3.pdf_chunk_364,docs/NIST.SP.800-171r3.pdf,"I could not find the answer in the provided documents.

The context does not provide a specific definition of 'unit' in relation to data fields. The term ""range unit"" is mentioned in the context of HTTP headers and ranges, but it is not defined within the given text.",0,0.0,1,0.4822520957178747,1,1,0,1,1,1
3bcde618-6940-4da7-9baf-2eb06b175b11,"According to the text, what should be done with operational events?",Operational events should be prioritized based on business impact.,OPS10-BP03 Prioritize operational events based on business impact,requirement,easy,docs/wellarchitected-framework.pdf_chunk_713,docs/wellarchitected-framework.pdf,"According to the text, operational events should be managed by:

1. Prioritizing responses based on their business and customer impact.
2. Using established runbooks for well-understood events and playbooks for issues that require investigation and resolution.
3. Verifying that alerts raised in response to an event have associated processes with specifically identified owners.
4. Defining the personnel required to resolve an event and including escalation processes as needed based on urgency and impact.
5. Identifying and engaging individuals with the authority to make decisions on courses of action where there will be a business impact from an event response not previously addressed.
6. Communicating the operational status of workloads through dashboards and notifications.

These steps ensure that critical business functions receive attention first, minimizing potential damage, improving resource allocation during multiple concurrent events, and streamlining handling to maintain high service reliability and workload performance.",0,0.0,1,0.6406062840001621,1,1,0,1,1,0
3c15df79-c0b9-43be-88be-5b152df50096,What SHOULD NOT be a Content-Range value according to the text?,Content-Range: bytes */1234,"SHOULD NOT
Content-Range: bytes */1234",requirement,hard,docs/rfc9110.pdf_chunk_480,docs/rfc9110.pdf,"According to the provided context, a Content-Range field SHOULD NOT have an unsatisfiable range, such as:

Content-Range: bytes */1234

This format is explicitly stated in the document as ""MUST NOT"" and is an example of an unsatisfiable range.",0,0.5,1,0.650002166179421,0,0,0,0,1,0
3c7641c5-6c45-4264-af6c-16fa7ffa8829,What is the potential risk if best practices for establishing controls for sensitive data are not followed?,High,Level of risk exposed if this best practice is not established: High,factual,easy,docs/wellarchitected-framework.pdf_chunk_1254,docs/wellarchitected-framework.pdf,"If best practices for establishing controls for sensitive data are not followed, the potential risk is high. Specifically, this can lead to:

- Over-provisioning security controls for low-sensitivity data or insuffient protection of highly sensitive data.
- Not involving relevant stakeholders from security, compliance, and business teams in defining data protection controls.
- Overlooking the operational overhead and costs associated with implementing and maintaining data protection controls.
- Not conducting periodic data protection control reviews to maintain alignment with classification policies.
- Not having a complete inventory of where data resides at rest and in transit.

These issues can result in inadequate security measures, increased risk of data breaches, and non-compliance with regulatory requirements.",0,0.3333333333333333,1,0.44407615471295386,1,1,0,1,1,1
3e4c8bea-797a-4d6d-9175-8c91ba6ee743,What level of effort is required for the implementation plan?,The level of effort for the implementation plan is Medium.,Level of eﬀort for the implementation plan: Medium,requirement,easy,docs/wellarchitected-framework.pdf_chunk_782,docs/wellarchitected-framework.pdf,The level of effort required for the implementation plan is Medium.,0,1.0,1,0.7250886679053002,0,0,0,0,1,0
3ebf178e-3d4c-4b6a-9b16-78c2fd8a6b14,What is an important benefit of using CodeBuild for deployment?,An important benefit of using CodeBuild for deployment is that it handles the complexity of application updates without relying on error-prone manual deployments.,Set up a deployment service that automates application deployments and handles the complexity of application updates without reliance on error-prone manual deployments,requirement,easy,docs/wellarchitected-framework.pdf_chunk_1957,docs/wellarchitected-framework.pdf,"An important benefit of using CodeBuild for deployment, as mentioned in the context, is that it automates the compilation of source code, runs unit tests, and produces artifacts ready to deploy. This automation helps reduce errors caused by manual processes and increases the speed of delivery as changes are promoted through to production.",0,0.2,1,0.31399930356008804,1,1,0,1,1,1
3f7558fe-6db4-49d5-9b2b-ec7ebbd7126d,Which of the listed members are usernames only?,"The following members are represented solely by usernames: execjosh (execjosh), Alicja Kario (tomato42), Sidney Ribeiro (srjsoftware), Gabriel Marquet (Gby56), Drew Schulz (drschulz), bedirhan muralito Ronnie Flathers (ropnop), Philippe De Ryck (philippederyck), Malte (mal33), Andreas Falk (andifalk), Javi (javixeneize), Daniel Hahn (averell23), borislav-c Robin Wood (digininja), miro2ns, Jan Dockx (jandockx), vipinsaini434, priyanshukumar397, Nat Sakimura (sakimura), Benjamin Häublein (BenjaminHae), unknown-user-from Ali Ramazan TAŞDELEN (alitasdln), Pedro Escaleira (oEscal), Josh (josh-hemphill), Tim Würtele (SECtim), AviD (avidouglen) and SheHacksPurple (shehackspurple).",execjosh (execjosh) Alicja Kario ( tomato42) Sidney Ribeiro (srjsoftware) Gabriel Marquet (Gby56) Drew Schulz (drschulz) bedirhan muralito Ronnie Flathers (ropnop) Philippe De Ryck (philippederyck) Malte (mal33) Andreas Falk (andifalk) Javi (javixeneize) Daniel Hahn (averell23) borislav-c Robin Wood (digininja) miro2ns Jan Dockx (jandockx) vipinsaini434 priyanshukumar397 Nat Sakimura (sakimura) Benjamin Häublein (BenjaminHae) unknown-user-from Ali Ramazan TAŞDELEN (alitasdln) Pedro Escaleira (oEscal) Josh (josh-hemphill) Tim Würtele (SECtim) AviD (avidouglen) SheHacksPurple (shehackspurple),identifier,medium,docs/OWASP_Application_Security_Verification_Standard_5.0.0_en (1).pdf_chunk_420,docs/OWASP_Application_Security_Verification_Standard_5.0.0_en (1).pdf,"Based on the provided context, usernames are typically individual identifiers associated with system accounts assigned to individuals. The context does not explicitly list other members as usernames only, but it implies that usernames are used to uniquely identify and authenticate system users.

Therefore, based on the information given, usernames are the typical individual identifiers in this context.",0,1.0,1,0.17877176656076368,1,1,0,0,1,1
40f02d77-50cc-4404-9baa-5c54b06cf9a0,What is the reference number mentioned in this text?,03.05.03 Multi-Factor Authentication,03.05.03    Multi-Factor Authentication,identifier,easy,docs/NIST.SP.800-171r3.pdf_chunk_156,docs/NIST.SP.800-171r3.pdf,I could not find the answer in the provided documents.,1,0.0,1,0.19625085377514306,1,1,1,1,1,1
41a546e8-5de5-4538-bb07-d1a70d0aba15,What does IA-6 AUTHENTICATION FEEDBACK control NOT provide information about?,Authentication mechanisms that could be compromised by unauthorized individuals.,"""Authentication feedback from systems does not provide information that would allow unauthorized individuals to compromise authentication mechanisms.""",definition,hard,docs/NIST.SP.800-53r5.pdf_chunk_937,docs/NIST.SP.800-53r5.pdf,"IA-6 AUTHENTICATION FEEDBACK control is designed to obscure feedback of authentication information during the authentication process to protect it from possible exploitation and use by unauthorized individuals. Based on the context provided, this control does not provide information that would allow unauthorized individuals to compromise authentication mechanisms.

Therefore, IA-6 AUTHENTICATION FEEDBACK control does NOT provide information about:

- The specific content or details of the authentication credentials being entered (such as passwords).
- How the authentication process is being compromised.
- Information that could be used by adversaries to understand or exploit the authentication feedback mechanism.",0,1.0,1,0.7026050691700441,1,1,0,0,1,0
42ae0be8-adbb-496e-be8a-1ed1ae9ba24f,What actions does an organization take to ensure compliance with records retention policies during media sanitization?,"Review and approve media to be sanitized, track and document actions including personnel who reviewed and approved sanitization and disposal actions, types of media sanitized, files stored on the media, sanitization methods used, date and time of the sanitization actions, personnel who performed the sanitization, verification actions taken and personnel who performed the verification, and the disposal actions taken.","Organizations review and approve media to be sanitized to ensure compliance with records retention policies. Tracking and documenting actions include listing personnel who reviewed and approved sanitization and disposal actions, types of media sanitized, files stored on the media, sanitization methods used, date and time of the sanitization actions, personnel who performed the sanitization, verification actions taken and personnel who performed the verification, and the disposal actions taken.",procedure,medium,docs/NIST.SP.800-53r5.pdf_chunk_1107,docs/NIST.SP.800-53r5.pdf,"To ensure compliance with records retention policies during media sanitization, organizations take the following actions:

1. **Review and Approve Media**: Organizations review and approve media that are to be sanitized to ensure they comply with records retention policies.
2. **Track Actions**: Tracking involves maintaining a record of all sanitization activities.
3. **Document Actions**: Detailed documentation is kept for each sanitization action, including the personnel involved in reviewing and approving, types of media sanitized, files stored on the media, methods used for sanitization, dates and times of sanitization actions, personnel who performed the sanitization, verification actions taken, and personnel who performed the verification.
4. **Verify Effectiveness**: Organizations verify that the sanitization process was effective before disposing of or releasing the media for reuse.

These steps help ensure that all necessary records are properly managed according to organizational policies and legal requirements.",0,1.0,1,0.929871253190304,1,1,0,0,1,0
4474a568-39de-42bd-a3df-b2ac3ebe77e9,"What standard does NIST SP 800-53, REV. 5 reference for requirements engineering?","[ISO 29148] International Organization for Standardization/International Electrotechnical Commission/Institute of Electrical and Electronics Engineers (ISO/IEC/IEEE) 29148:2018, Systems and software engineering—Life cycle processes—Requirements engineering, November 2018.","[ISO 29148] International Organization for Standardization/International Electrotechnical Commission/Institute of Electrical and Electronics Engineers (ISO/IEC/IEEE) 29148:2018, Systems and software engineering—Life cycle processes—Requirements engineering, November 2018. https://www.iso.org/standard/72089.html",identifier,medium,docs/NIST.SP.800-53r5.pdf_chunk_2266,docs/NIST.SP.800-53r5.pdf,I could not find the answer in the provided documents.,0,0.0,1,0.3047465310727759,0,0,0,1,1,1
4512913b-6035-4e48-b863-e5bba8e417d1,What specific instances are mentioned for machine learning workloads?,"AWS Trainium, AWS Inferentia, and Amazon EC2 DL1 instances.","For machine learning workloads, take advantage of purpose-built hardware that is speciﬁc to your workload, such as AWS Trainium, AWS Inferentia, and Amazon EC2 DL1.",identifier,easy,docs/wellarchitected-framework.pdf_chunk_3147,docs/wellarchitected-framework.pdf,"The specific instances mentioned for machine learning workloads are AWS Trainium, AWS Inferentia, and Amazon EC2 DL1. Additionally, AWS Inferentia instances such as Inf2 instances offer up to 50% better performance per watt over comparable Amazon EC2 instances.",1,0.75,1,0.8038472167248416,1,1,1,0,1,0
45927b33-b331-4e1b-b3b9-2e8ef6009bad,What does the 402 status code indicate and when will it be used?,The 402 (Payment Required) status code is reserved for future use.,"MUST
15.5.3. 402 Payment Required 
The 402 (Payment Required) status code is reserved for future use.",requirement,medium,docs/rfc9110.pdf_chunk_543,docs/rfc9110.pdf,"The 402 status code is reserved for future use, as stated in the context provided. It currently indicates that this status code is reserved and its specific meaning has not been defined yet. Implementations often use three-digit integer values outside of the standard range (i.e., 600..999) for internal communication of non-HTTP status, but 402 specifically is reserved for future definition by the IETF.",1,0.25,1,0.6370364004339903,1,1,1,1,1,0
474bfa5f-7863-466f-8052-a9e8e64be52c,What does 'total available RI hours' refer to?,The text provided does not directly define or describe what 'total available RI hours' refers to.,,identifier,hard,docs/wellarchitected-framework.pdf_chunk_2664,docs/wellarchitected-framework.pdf,I could not find the answer in the provided documents.,0,0.0,1,0.0,0,0,0,1,1,1
47b8a502-0405-4145-acc9-2427c47bd5d6,What technologies are recommended to reduce downtime and improve availability?,"highly available DNS, content delivery networks (CDNs), API gateways, load balancing, or reverse proxies.","To achieve this, use highly available DNS, content delivery networks (CDNs), API gateways, load balancing, or reverse proxies.",identifier,medium,docs/wellarchitected-framework.pdf_chunk_1587,docs/wellarchitected-framework.pdf,"The context recommends several technologies and strategies to reduce downtime and improve availability:

1. **Automation**: Use automation for simulating different failure scenarios, which helps in testing recovery procedures before actual failures occur.

2. **Scale Horizontally**: Replace one large resource with multiple small resources to distribute the workload and reduce the impact of a single point of failure.

3. **Spot Instances**: Utilize AWS Spot Instances for cost-effective fault-tolerant and flexible applications like stateless web servers, API endpoints, big data and analytics applications, containerized workloads, CI/CD, etc.

4. **Elastic Database Services and Containers**: Use these to align development and test capacity with actual use, optimizing resource utilization.

5. **Hibernation**: Preserve the state of instances and rapidly bring them online only when needed, reducing idle time.

6. **Instance Types with Burst Capacity**: These can help manage varying workloads efficiently by providing additional resources during peak times.

7. **Optimization Techniques**: Continuously monitor and optimize workload components to reduce resource consumption where possible, especially for under-utilized or idle components.

These strategies collectively aim to enhance the resilience and availability of cloud-based workloads while managing costs effectively.",0,0.1111111111111111,1,0.1535144901341097,1,1,0,1,1,1
48710e89-dfbe-4e90-983e-bb87ff744df5,How do game days help with identifying dependencies?,"Game days can help identify and address the intricate dependencies between various systems, services, and components.","'Identify and address dependencies: Complex environments often involve intricate dependencies between various systems, services, and components. Game days can help you identify and address these dependencies, and verify that your critical systems and services are properly covered by your runbook procedures and can be scaled up or recovered in a timely manner.'",definition,medium,docs/wellarchitected-framework.pdf_chunk_2201,docs/wellarchitected-framework.pdf,"Game days help identify and address dependencies by simulating various scenarios in a production-like environment. This allows you to observe how different systems, services, and components interact under stress or failure conditions. By doing so, you can uncover any hidden dependencies that might not be immediately apparent during normal operations. This insight is crucial for ensuring that your critical systems and services are properly covered by your runbook procedures and can be scaled up or recovered in a timely manner.",0,0.6,1,0.8895885252692907,0,0,0,0,1,0
4b8d91db-5fd9-4d40-bf6b-f8b3670a9e50,Where should real-time scans of files from external sources be performed according to organizational policy?,endpoint; network entry and exit points,"real-time scans of files from external sources at [Selection (one or more): endpoint; network entry and exit points] as the files are downloaded, opened, or executed in accordance with organizational policy;",requirement,medium,docs/NIST.SP.800-53r5.pdf_chunk_2013,docs/NIST.SP.800-53r5.pdf,"According to the provided context, real-time scans of files from external sources should be performed at endpoint or network entry and exit points as the files are downloaded, opened, or executed in accordance with organizational policy.",0,1.0,1,0.937653540083726,0,0,0,0,1,0
4b949692-4da7-40f1-86ea-210ff45dd172,What should assessments performed for purposes other than to support?,The text does not provide a complete statement or answer. Further information is needed to formulate an accurate response based on the given text.,Assessments performed for purposes other than to support,factual,hard,docs/NIST.SP.800-53r5.pdf_chunk_603,docs/NIST.SP.800-53r5.pdf,"Assessments performed for purposes other than to support the system development life cycle should document assessment results in sufficient detail as deemed necessary by organizations. These assessments should determine the accuracy and completeness of the reports and whether the controls are implemented correctly, operating as intended, and producing the desired outcome with respect to meeting requirements.",0,0.0,1,0.6913744167302379,1,1,0,1,1,0
4c5b5c01-f00b-4f44-80ee-92195e3b47e4,What factors influence the selection of cryptographic mechanisms for protecting system backups?,"The selection is based on the need to protect the confidentiality and integrity of backup information, and the strength of the mechanisms selected is commensurate with the security category or classification of the information.",The selection of cryptographic mechanisms is based on the need to protect the confidentiality and integrity of backup information. The strength of mechanisms selected is commensurate with the security category or classification of the information.,procedural,medium,docs/NIST.SP.800-53r5.pdf_chunk_846,docs/NIST.SP.800-53r5.pdf,The selection of cryptographic mechanisms for protecting system backups is based on the need to protect the confidentiality and integrity of backup information. The strength of these mechanisms is commensurate with the security category or classification of the information. This ensures that the chosen cryptographic methods are adequate to safeguard the specific level of sensitivity associated with the data being backed up.,0,0.6666666666666666,1,0.9158934411534763,1,1,0,0,1,0
4c63d7ab-f288-44f2-ab8c-7e1ff41fce03,Why is it useful for an employee to know that one of the individuals on an email message is a contractor?,it provides information about the people with whom organizational personnel are communicating,Identifying the status of individuals by these characteristics provides information about the people with whom organizational personnel are communicating.,factual,easy,docs/NIST.SP.800-171r3.pdf_chunk_161,docs/NIST.SP.800-171r3.pdf,"It is useful for an employee to know that one of the individuals on an email message is a contractor because this information can help the employee understand the context and potential implications of the communication. Contractors may have different levels of access to organizational resources, different security clearances, or different roles within the organization compared to regular employees. This knowledge can aid in assessing the relevance, sensitivity, and appropriate handling of the email's content, as well as determining the appropriate response or actions needed based on the contractor's role and responsibilities.",0,1.0,1,0.4278021046730336,1,1,0,0,1,1
4e5dca50-8f38-426c-b6bc-bc9dfed2d933,What does the text imply about the original state of the AWS Well-Architected framework?,The original framework did not support multiple language versions.,minor ﬁxes to enable multiple language version of framework.,inference,hard,docs/wellarchitected-framework.pdf_chunk_253,docs/wellarchitected-framework.pdf,"The text implies that before the creation of the AWS Well-Architected Framework, experts at AWS assisted customers in architecting systems by making architectural trade-offs. These systems were then deployed into live environments where their performance and the consequences of those trade-offs were observed. Based on this knowledge and experience gained from working with customers, AWS developed the AWS Well-Architected Framework to provide a consistent set of best practices for evaluating architectures.",0,0.0,1,0.10478080707389326,1,1,0,1,1,1
4e7b10d3-e9d5-47f3-b370-1eee968a7db1,What can the If-Range header field be used for?,It can be used as a precondition to applying the Range header field.,"""The If-Range header ﬁeld (Section 13.1.5) can be used as a precondition to applying the Range header ﬁeld.""",definition,easy,docs/rfc9110.pdf_chunk_471,docs/rfc9110.pdf,"The If-Range header field can be used as a precondition to applying the Range header field. Specifically, it allows a client to ""short-circuit"" a second request when a representation has been modified since the last retrieval. Informally, its meaning is that if the representation is unchanged, send me the part(s) that I am requesting in Range; otherwise, send me the entire representation. This mechanism helps in reducing unnecessary network transfers and improving performance by potentially avoiding a full resource fetch when only partial updates are needed.",0,0.25,1,0.728799392596722,1,1,0,1,1,0
4ead8d99-fac3-4721-8dd8-d4162faea45e,What is the first step in verifying individual access authorizations before granting access to a facility?,Verifying individual access authorizations before granting access to the facility.,1. Verifying individual access authorizations before granting access to the facility; and,procedure,easy,docs/NIST.SP.800-53r5.pdf_chunk_1137,docs/NIST.SP.800-53r5.pdf,"The context provided does not explicitly detail the first step in verifying individual access authorizations before granting access to a facility under NIST SP 800-53, REV. 5. Therefore, I could not find the answer in the provided documents.",1,0.5,1,0.746245611271746,0,0,1,0,1,0
5075d8d5-505c-459f-a20e-d131423119d4,What is the purpose of Kubernetes Cluster Autoscaler?,To automatically scale Kubernetes clusters on AWS.,Kubernetes Cluster Autoscaler Use to automatically scale Kubernetes clusters on AWS.,definition,easy,docs/wellarchitected-framework.pdf_chunk_3001,docs/wellarchitected-framework.pdf,The purpose of the Kubernetes Cluster Autoscaler is to automatically scale Kubernetes clusters on AWS by ensuring that workloads can scale down quickly and easily during periods of low user load. This helps in optimizing resource utilization and cost efficiency by adding or removing worker nodes based on the demand for resources in the cluster.,0,0.5,1,0.8985295664051611,1,1,0,0,1,0
507bc3a0-ec1c-421e-bd08-14d5a3d20561,What should an application ensure when using different parsers for the same data type?,"Different parsers used in the application for the same data type (e.g., JSON parsers, XML parsers, URL parsers) should perform parsing in a consistent and secure manner.","#1.5.3 Verify that different parsers used in the application for the same data type (e.g., JSON parsers, XML parsers, URL parsers), perform parsing in a",requirement,hard,docs/OWASP_Application_Security_Verification_Standard_5.0.0_en (1).pdf_chunk_115,docs/OWASP_Application_Security_Verification_Standard_5.0.0_en (1).pdf,"An application should ensure that different parsers used in the application for the same data type (e.g., JSON parsers, XML parsers, URL parsers) perform parsing in a consistent way and use the same character encoding mechanism. This is to avoid issues such as JSON Interoperability vulnerabilities or different URI or file parsing behavior being exploited in Remote File Inclusion (RFI) or Server-side Request Forgery (SSRF) attacks.",0,0.6,1,0.6481714665356008,1,1,0,0,1,0
5117cb4b-c499-4da6-b072-dab2aa7cd7dc,What is the purpose of using CloudFormation according to the text?,"It allows you to have consistent, templated, sandbox development, test, and production environments with increasing levels of operations control.","Using CloudFormation allows you to have consistent, templated, sandbox development, test, and production environments with increasing levels of operations control.",definition,easy,docs/wellarchitected-framework.pdf_chunk_76,docs/wellarchitected-framework.pdf,I could not find the answer in the provided documents.,0,0.0,1,0.09492982167152593,1,1,0,1,1,1
552e5b60-cb65-4ea7-832a-2d2347a67b69,Who can generate the external ID according to the text?,You or the third party,You or the third party can generate the external ID.,identifier,medium,docs/wellarchitected-framework.pdf_chunk_1101,docs/wellarchitected-framework.pdf,"According to the provided context, you or the third party can generate the external ID.",0,1.0,1,0.9715896121688465,0,0,0,0,1,0
5770b400-232c-4e7d-91f1-93885668522d,What should be done if success criteria are not met during the CI/CD pipeline?,The pipeline is halted or rolled back.,"If success criteria are not met, the pipeline is halted or rolled back.",procedure,easy,docs/wellarchitected-framework.pdf_chunk_1925,docs/wellarchitected-framework.pdf,"If success criteria are not met during the CI/CD pipeline, the pipeline is halted or rolled back.",0,1.0,1,0.861588594601971,0,0,0,0,1,0
577734e9-f705-4e48-893f-22ec0beff48d,Which controls are related to the risk management process described?,"CA-5, IR-9, PM-4, PM-28, RA-2, RA-3, SR-2.","Related Controls: CA-5, IR-9, PM-4, PM-28, RA-2, RA-3, SR-2. Control Enhancements: None.",identifier,easy,docs/NIST.SP.800-53r5.pdf_chunk_1495,docs/NIST.SP.800-53r5.pdf,"The controls related to the risk management process described include:

- PM-29 Risk Management Program Leadership Roles:
  - Control a. Appoint a Senior Accountable Official for Risk Management
  - Control b. Establish a Risk Executive (function)

- PM-30 Supply Chain Risk Management Strategy:
  - Control a. Develop an organization-wide strategy for managing supply chain risks

Additionally, the context mentions that these controls are part of the System and Services Acquisition (SA) and Supply Chain Risk Management (SR) families, including specific SA and SR controls such as:

- SA-8, SA-10, SA-11, SA-15, SA-16, SA-17, SA-20, SA-21
- SR-3, SR-4, SR-5, SR-6, SR-7, SR-8, SR-9, and SR-11

These controls are aimed at managing risk in the development, acquisition, maintenance, and disposal of systems, system components, and system services.",1,0.0,1,0.34027004260443394,1,1,1,1,1,1
5781b0a2-b3ad-4d7c-b333-e98de3ab3719,What procedures must developers execute according to the given text?,"Ensure that security-relevant hardware, software, and firmware updates distributed to the organization are exactly as specified by the master copies.","Require the developer of the system, system component, or system service to execute procedures for ensuring that security-relevant hardware, software, and firmware updates distributed to the organization are exactly as specified by the master copies.",procedure,medium,docs/NIST.SP.800-53r5.pdf_chunk_1681,docs/NIST.SP.800-53r5.pdf,"According to the provided context, developers must execute several procedures:

1. Employ interactive application security testing tools to identify flaws and document the results.
2. Conduct various types of testing and evaluation such as manual code review, security architecture review, penetration testing, static analysis, dynamic analysis, binary analysis, or a hybrid of these approaches.
3. Use analysis approaches along with security instrumentation and fuzzing in a variety of tools and during source code reviews.
4. Carry out the specific activities planned for security and privacy assessments, which include types of analyses, testing, evaluation, and reviews; the degree of rigor to be applied; the frequency of ongoing testing and evaluation; and the types of artifacts produced.

These procedures are aimed at ensuring that the development process addresses security and privacy requirements effectively.",0,0.0,1,0.37290681063326725,1,1,0,1,1,1
5956a294-2908-4f6d-be2a-00a8d2bfe31d,What are examples of managed services according to the text?,"Managed services, such as Amazon RDS and Amazon DynamoDB, are higher level, or application level, AWS services.","""Managed services, such as Amazon RDS and Amazon DynamoDB, are higher level, or application level, AWS services.""",factual,easy,docs/wellarchitected-framework.pdf_chunk_2780,docs/wellarchitected-framework.pdf,I could not find the answer in the provided documents.,0,0.0,1,0.16767884502648375,1,1,0,1,1,1
59e48580-8e87-41db-a868-a047b437fef3,What do organizations consider when defining auditable events?,"creation, deletion, or modification of attributes","Organizations consider the creation, deletion, or modification of attributes when defining auditable events.",definition,easy,docs/NIST.SP.800-53r5.pdf_chunk_383,docs/NIST.SP.800-53r5.pdf,"When defining auditable events, organizations consider several factors:

1. **Performance Impact**: Organizations may determine that certain types of events (e.g., every file access) need to be logged but only activate this capability under specific circumstances to avoid a potential burden on system performance.

2. **Relevance and Need**: The set of logged events is reviewed and updated regularly to ensure they remain relevant and continue to support the organization's needs.

3. **Privacy Risks**: Organizations consider how logging events might reveal personally identifiable information (PII) or other sensitive data, which could pose privacy risks. They aim to mitigate such risks through appropriate measures.

4. **Audit Trail Details**: The detailed information included in audit records can vary but may include full text recordings of privileged commands and the identities of group account users.

5. **Time Stamping Accuracy**: Organizations define a level of tolerance for the relationship between time stamps in individual records within the audit trail to ensure reliable time ordering of records.

6. **Standardized Formats**: Producing system-wide audit trails in standardized formats promotes interoperability and facilitates analysis and correlation of event information.

7. **Policy and Procedures**: Developing an organization-defined audit and accountability policy that addresses purpose, scope, roles, responsibilities, management commitment, coordination among organizational entities, and compliance with applicable laws and regulations.

8. **Customizable Reports**: The ability to generate customizable reports based on specific fields within audit records can help in identifying events of interest more efficiently.

9. **Event Criteria**: Defining event criteria at any degree of granularity to identify events of interest, such as system resources involved, information objects accessed, identities of individuals, and event success or failure.",0,0.18181818181818182,1,0.6718165016635831,1,1,0,1,1,0
5ae65c16-05aa-44d1-9ea3-a0a42d02e139,What is the purpose of defining permissions according to user groups and attributes in the AWS Well-Architected Framework?,To reduce the number and complexity of IAM policy statements.,Deﬁning permissions according to user groups and attributes helps reduce the number and complexity of IAM policy statements.,definition,easy,docs/wellarchitected-framework.pdf_chunk_966,docs/wellarchitected-framework.pdf,"The purpose of defining permissions according to user groups and attributes in the AWS Well-Architected Framework is to assign permissions consistently and systematically across all users, preventing errors and inconsistencies. This approach helps manage permissions more efficiently by organizing them based on job-function, workload, and other relevant criteria. It also facilitates easier management when roles change, as access can be adjusted at the role or group level rather than reconfiguring individual user accounts.",0,0.3333333333333333,1,0.6705049123073179,0,0,0,1,1,0
5c3a95b2-0d8d-47af-bcac-3b12bec8a9dc,How should you determine a review frequency for each workload component?,"Based on cost, change effort, and external factors.","Use these indicators to determine a review frequency for each workload. For example, you may have webservers as a high cost, low change eﬀort, and high external factors, resulting in high frequency of review.",procedure,medium,docs/wellarchitected-framework.pdf_chunk_2962,docs/wellarchitected-framework.pdf,"To determine a review frequency for each workload component, you should break down the workload into components, assign an estimated cost of each component, and then list factors such as effort required, external market conditions, and change effort next to each component. Based on these indicators, you can decide on a review frequency. For example:

- High cost, low change effort, and high external factors might warrant a high frequency of review.
- Medium cost, high change effort, and low external factors would likely result in a medium frequency of review.

This approach helps balance the need for continuous optimization with practical constraints like resource availability and complexity.",0,0.2857142857142857,1,0.7436246917292915,1,1,0,1,1,0
5c77172b-c9fd-41d8-8cdc-259d022424ab,What should the test environments resemble according to AWS Well-Architected Framework?,The test environments should closely resemble the production configuration.,Your test environments should closely resemble the production conﬁguration.,definition,easy,docs/wellarchitected-framework.pdf_chunk_3173,docs/wellarchitected-framework.pdf,"According to the AWS Well-Architected Framework, test environments should closely resemble the production configuration. However, there are opportunities to use more cost-effective options such as instance types with burst capacity, Amazon EC2 Spot Instances, automatic scaling database services, containers, and serverless technologies to align development and test capacity with usage.",0,0.0,1,0.5762569371644104,1,1,0,1,1,0
5d0be7aa-20c2-4b73-89a7-a9d32bbd7d3a,What fields cannot be processed outside the header section?,Many fields cannot be processed outside the header section because their evaluation is necessary prior to receiving the content.,"Many ﬁelds cannot be processed outside the header section because their evaluation is necessary prior to receiving the content, such as those that describe message framing, routing, authentication, request modiﬁers, response controls, or content format.",definition,easy,docs/rfc9110.pdf_chunk_157,docs/rfc9110.pdf,"Based on the provided context, trailer fields cannot be processed outside the header section. The relevant excerpt states:

""Trailer fields have been further limited to allow generation as a trailer field only when the sender knows the field defines that usage and to allow merging into the header section only if the recipient knows the corresponding field definition permits and defines how to merge. In all other cases, implementations are encouraged either to store the trailer fields separately or to discard them instead of merging.""",1,0.0,1,0.49597244322532175,0,0,1,1,1,1
5d182223-ab21-4a64-a6b6-29a46246b3f7,What does a client expect when requesting ranges of content from the server?,"a client cannot rely on receiving the same ranges that it requested, nor the same order that it requested.","a client cannot rely on receiving the same ranges that it requested, nor the same order that it requested.",definition,medium,docs/rfc9110.pdf_chunk_514,docs/rfc9110.pdf,"When requesting ranges of content from the server, a client expects that the server will send one or more partial representations corresponding to the requested range-specifiers. However, the server might only be able to send a portion of the requested ranges first and may expect the client to re-request the remaining portions later if they are still desired. The client should inspect the Content-Type and Content-Range fields in a 206 response to determine what parts are enclosed and whether additional requests are needed.",0,0.25,1,0.608630979012494,1,1,0,1,1,0
5d7a16b0-f44a-418e-b778-76900d2ab2cd,How many items are listed in the text?,2,"Operate 231
• Improved resource allocation and support-level adjustments according to incident severity.
• Improved communication to stakeholders and customers.",identifier,easy,docs/wellarchitected-framework.pdf_chunk_745,docs/wellarchitected-framework.pdf,"The text lists several examples and rules but does not provide a specific count of distinct items. To answer how many items are listed in the text would require defining what constitutes an ""item."" If we consider each rule, example, or list as an item, there are multiple items listed. However, without a precise definition of ""items,"" it's challenging to give a definitive number.",0,1.0,1,0.11747970700076114,0,0,0,0,1,1
5dc52a72-3d2c-42c2-af57-4cb5e3bd1126,What are some of the hardware mechanisms used for implementing security function isolation according to the text?,Hardware ring architectures implemented within microprocessors and hardware-enforced address segmentation are mentioned as mechanisms.,Discussion: Hardware separation mechanisms include hardware ring architectures that are implemented within microprocessors and hardware-enforced address segmentation used to,procedure,hard,docs/NIST.SP.800-53r5.pdf_chunk_1786,docs/NIST.SP.800-53r5.pdf,"According to the provided context, some hardware mechanisms used for implementing security function isolation include:

1. **Hardware Ring Architectures**: These are implemented within microprocessors and involve hardware-enforced address segmentation that supports logically distinct storage objects with separate attributes (e.g., readable, writeable).

2. **Processor Rings or Processor Modes**: These are used to provide security kernels, which can help in code separation.

3. **File System Protections**: These protect the code on disk, ensuring that nonsecurity functions do not interfere with security functions.

4. **Address Space Protections**: These protect executing code and restrict access to ensure that one process cannot modify the executing code of another process.

These mechanisms are designed to create separate execution domains for processes, thereby isolating security functions from nonsecurity functions and enhancing overall system security.",1,0.42857142857142855,1,0.7079353186070123,1,1,1,1,1,0
5dde7126-14d3-4945-840d-158e758dd59d,Which controls are related to enforcing separation of duties according to the text?,"Account management activities in AC-2, access control mechanisms in AC-3, and identity management activities in IA-2, IA-4, and IA-12.","Separation of duties is enforced through the account management activities in AC-2, access control mechanisms in AC-3, and identity management activities in IA-2, IA-4, and IA-12.",identifier,hard,docs/NIST.SP.800-53r5.pdf_chunk_323,docs/NIST.SP.800-53r5.pdf,"The controls related to enforcing separation of duties according to the text include AC-2, AC-3, and IA-2, IA-4, IA-12.",0,0.8,1,0.7420611054592823,0,0,0,0,1,0
5f650e55-2cc5-4131-919b-d11caf2a768d,What are some common anti-patterns in recovery plans?,"Common anti-patterns include relying on failed or degraded components, requiring manual intervention like console access, automatically initiating recovery procedures during high-risk situations, and failing to include a mechanism to abort the procedure.","- You depend on components or mechanisms that are in a failed or degraded state as part of your recovery plan.
- Your recovery processes require manual intervention, such as console access (also known as click ops).
- You automatically initiate recovery procedures in situations that present a high risk of data loss or unavailability.
- You fail to include a mechanism to abort a recovery procedure (like an Andon cord or big red stop button) that is not working or that poses additional risks.",definition,medium,docs/wellarchitected-framework.pdf_chunk_2275,docs/wellarchitected-framework.pdf,"Some common anti-patterns in recovery plans include:

1. Depending on components or mechanisms that are in a failed or degraded state as part of the recovery plan.
2. Recovery processes requiring manual intervention, such as console access (also known as click ops).",0,1.0,1,0.8274447204391531,0,0,0,0,1,0
608f6f72-59bf-4636-865d-4cd4c0014a25,What aspect does trustworthiness ensure in an information system according to the provided text?,The degree to which an information system (including the information technology components that are used to build the system) can be expected to preserve the confidentiality,trustworthiness (system) The degree to which an information system (including the information technology components that are used to build the system) can be expected to preserve the confidentiality,definition,hard,docs/NIST.SP.800-53r5.pdf_chunk_2473,docs/NIST.SP.800-53r5.pdf,"According to the provided text, trustworthiness ensures that an information system can be expected to preserve the confidentiality, integrity, and availability of the information being processed, stored, or transmitted by the system across the full range of threats.",0,0.0,1,0.8599146082654622,0,0,0,1,1,0
60940533-24a9-494a-9af1-12c7069fe961,What does 'security-relevant' information refer to in this context?,Information within the system that can potentially impact the operation of security functions or the provision of security services in a manner that could result in failure to enforce the system security policy or maintain isolation of code and data.,"""security-relevant\ninformation\nInformation within the system that can potentially impact the operation of security functions or the provision of security services in a manner that could result in failure to enforce the system security policy or maintain isolation of code and data.""",definition,medium,docs/NIST.SP.800-53r5.pdf_chunk_2452,docs/NIST.SP.800-53r5.pdf,"In this context, ""security-relevant information"" refers to specific information within systems that can potentially impact the security posture of the system. The exact nature or definition of such information is organization-defined and not specified in the provided text.",0,0.5,1,0.7397302114468509,1,1,0,0,1,0
61b56049-26bf-442a-a949-e6e90971f642,What must be included in a cached POST response to make it reusable for later GET or HEAD requests?,explicit freshness information and a Content-Location header ﬁeld with the same value as the POST's target URI,Responses to POST requests are only cacheable when they include explicit freshness information (see ) and a Content-Location  header ﬁeld that has the same value as the POST's target URI (Section 8.7). A cached POST response can be reused to satisfy a later GET or HEAD request.,requirement,medium,docs/rfc9110.pdf_chunk_292,docs/rfc9110.pdf,A cached POST response can be reused to satisfy a later GET or HEAD request if it includes a Content-Location header field that has the same value as the POST's target URI.,0,0.5,1,0.9024595190863657,0,0,0,0,1,0
62c310d9-fa64-4f92-829e-d459f31bb77d,What are the benefits of establishing the best practice of manually performing changes to software for different environments?,"Increased confidence in the software release process, reduced risk of a failed change impacting business functionality, increased release cadence due to lower change risk, automatic rollback capability for unexpected events during deployment, and ability to cryptographically prove that the software that was tested is the software deployed.",• Increased conﬁdence in the software release process. • Reduced risk of a failed change impacting business functionality. • Increased release cadence due to lower change risk. • Automatic rollback capability for unexpected events during deployment. • Ability to cryptographically prove that the software that was tested is the software deployed.,factual,easy,docs/wellarchitected-framework.pdf_chunk_1494,docs/wellarchitected-framework.pdf,"I could not find the answer in the provided documents.

The context does not mention any benefits related to manually performing changes to software for different environments. Instead, it emphasizes automation and frequent, small, reversible changes as best practices to minimize risk and improve operational readiness.",0,0.75,1,0.5970591043442229,1,1,0,0,1,0
6309e1ea-f96e-4ff8-9ea0-ddbed7ccf8f1,What might influence which representation of information is chosen during content negotiation?,"Different users or user agents might have differing capabilities, characteristics, or preferences that could influence which representation, among those available, is chosen.","likewise, different users or user agents might have diﬀering capabilities, characteris- tics, or preferences that could inﬂuence which representation, among those available,",procedure,hard,docs/rfc9110.pdf_chunk_375,docs/rfc9110.pdf,"During content negotiation, the representation of information that is chosen can be influenced by several factors including:

- The user agent's characteristics and preferences (such as browser type, language settings, or device capabilities) sent in the request.
- The server's ability to determine the user agent's capabilities from examining the request.
- The available representations for the resource at the origin server.
- Quality values assigned to different representations, which indicate a preference order.
- Conditional content and active content that may involve scripts making additional (more specific) selections based on user agent parameters.

These factors can lead to proactive negotiation where the user agent encourages the server to select a preferred representation, or reactive negotiation where the server provides a list of alternatives for the user agent to choose from.",0,0.375,1,0.4720768124571314,1,1,0,1,1,1
664381bb-2454-4da0-ad77-90093a3c56f6,What conditions must be met to modify the material outside the IETF Standards Process?,"Without obtaining an adequate license from the person(s) controlling the copyright in such materials, this document may not be modified outside the IETF Standards Process, and derivative works of it may not be created outside the IETF Standards Process.","some of this material may not have granted the IETF Trust the right to allow modifications of such material outside the IETF Standards Process. Without obtaining an adequate license from the person(s) controlling the copyright in such materials, this document may not be modified outside the IETF Standards Process, and derivative works of it may not be created outside the IETF Standards Process, except to format it for publication as an RFC or to translate it into languages other than English.",requirement,medium,docs/rfc9110.pdf_chunk_4,docs/rfc9110.pdf,"To modify material extracted from this document outside the IETF Standards Process, an adequate license must be obtained from the person(s) controlling the copyright in such materials. Without such a license, modifications or derivative works cannot be created outside the IETF Standards Process.",0,1.0,1,0.8984297586069728,0,0,0,0,1,0
675772ea-3cc3-4427-b586-3f02216e99ac,What are some common anti-patterns in backup and recovery strategies?,"Not considering options to enable encryption by default settings, where supported. Not considering security events, in addition to operational events, when formulating an automated backup and recovery strategy.","Common anti-patterns:
• Not considering options to enable encryption by default settings, where supported.
• Not considering security events, in addition to operational events, when formulating an automated backup and recovery strategy.",identifier,easy,docs/wellarchitected-framework.pdf_chunk_1310,docs/wellarchitected-framework.pdf,"Some common anti-patterns in backup and recovery strategies include:

- Restoring a backup, but not querying or retrieving any data to check that the restoration is usable.
- Assuming that a backup exists.
- Assuming that the backup of a system is fully operational and that data can be recovered from it.
- You do not have a backup strategy for your data.
- You back up data that can be easily recreated.
- Documenting procedures but never exercising them.
- Excluding business decision makers in the test exercises.
- Running game days without informing all relevant stakeholders.
- Focusing solely on technical failures and not involving business stakeholders.
- Not incorporating lessons learned from game days into your recovery processes.
- Blaming teams for failures or bugs.",0,0.0,1,0.47747156082498066,1,1,0,1,1,1
6838d0be-1e5a-4dba-baa3-88dba35fdf08,What are some actions organizations should take for systems going into high-risk areas?,"Actions include determining whether the locations are of concern, defining the required configurations for the components, ensuring that the components are configured as intended before travel is initiated, and taking additional actions after travel is completed.","Actions include determining whether the locations are of concern, defining the required configurations for the components, ensuring that the components are configured as intended before travel is initiated, and taking additional actions after travel is completed.",procedure,medium,docs/NIST.SP.800-171r3.pdf_chunk_151,docs/NIST.SP.800-171r3.pdf,"Based on the provided context, organizations should take the following actions for systems going into high-risk areas:

1. Issue specific configurations to individuals traveling to locations deemed significant risk by the organization.
2. Apply organization-defined controls when individuals return from travel.

These actions are aimed at enhancing security measures for systems or components that may be exposed to increased threats while in high-risk environments.",0,0.3333333333333333,1,0.5898026098546019,0,0,0,1,1,0
6b40bdb0-2a50-4335-9db0-e5f93489e73f,When do organizations assess controls during continuous monitoring?,After the initial authorizations.,Organizations assess controls during continuous monitoring after the initial authorizations.,factual,medium,docs/NIST.SP.800-53r5.pdf_chunk_599,docs/NIST.SP.800-53r5.pdf,"During continuous monitoring, organizations assess controls on an ongoing basis according to the established system-level continuous monitoring strategy. This includes setting up metrics to be monitored, defining frequencies for both monitoring and assessment of control effectiveness, and conducting ongoing control assessments in accordance with this strategy. The frequency and nature of these assessments are organization-defined.",0,0.4,1,0.7737654230222437,1,1,0,1,1,0
6c11d093-1b59-4151-973f-8dc39fab2bd2,Who should have access authorizations before performing maintenance or diagnostic activities according to the text?,personnel,"Prior to initiating maintenance or diagnostic activities by personnel who do not have needed access authorizations, clearances or formal access approvals",identifier,easy,docs/NIST.SP.800-53r5.pdf_chunk_1067,docs/NIST.SP.800-53r5.pdf,"According to the provided context, individuals who do not have needed access authorizations, clearances, or formal access approvals for performing maintenance or diagnostic activities on the system must be escorted and supervised by approved organizational personnel who are fully cleared, have appropriate access authorizations, and are technically qualified. Prior to initiating such activities, all required access authorizations should be obtained.",0,0.3333333333333333,1,0.8633425352843572,1,1,0,1,1,0
6c5df1e0-a2b6-4e26-97fd-88f37e7455ff,What does AWS Lambda permit you to do without running an instance?,run code,AWS Lambda permits you to run code without running an instance.,factual,easy,docs/wellarchitected-framework.pdf_chunk_162,docs/wellarchitected-framework.pdf,"AWS Lambda permits you to run code without provisioning or managing servers. This means you can initiate functions or processes based on events or requests without the need to maintain any underlying infrastructure, as AWS handles the operating environment for you.",0,1.0,1,0.845659092108136,0,0,0,0,1,0
6e7fb48d-7dae-476c-9e40-0dd531875703,What is the recommended action for AWS Secret Keys embedded in source code according to the provided text?,Replace them with IAM roles associated with the necessary resources.,"b. For AWS Secret Keys that are embedded in source code, replace them with IAM roles associated with the necessary resources.",procedure,easy,docs/wellarchitected-framework.pdf_chunk_938,docs/wellarchitected-framework.pdf,"According to the provided context, the recommended action for AWS Secret Keys embedded in source code is to replace them with IAM roles associated with the necessary resources. If part of your workload is outside AWS but requires IAM credentials to access AWS resources, consider using IAM Roles Anywhere or AWS Systems Manager Hybrid Activations.",0,0.5,1,0.8366895394007197,1,1,0,0,1,0
6ec037bb-56c9-41ce-80eb-3365540a73db,What is included under Availability with redundancy?,"It is not explicitly defined in the text, but typically refers to ensuring system availability through redundant components or mechanisms.",Availability with redundancy,definition,medium,docs/wellarchitected-framework.pdf_chunk_1566,docs/wellarchitected-framework.pdf,"Based on the provided context, availability with redundancy includes several key components and practices:

1. **Alternate Processing Sites**: These are geographically distinct from primary processing sites and provide processing capability if the primary site is not available. They can be physical processing sites or cloud-based services.

2. **Multi-Region Architectures**: While multi-AZ architectures might suffice for some business requirements, a true multi-Region architecture can enhance fault tolerance and high availability by distributing workloads across multiple geographic locations.

3. **Redundant Deployments and Data Replication**: For example, using Amazon EMR, deploying nodes in multiple Availability Zones or storing data in Amazon S3 that is replicated across multiple Availability Zones or Regions to ensure data redundancy and accessibility even if one zone fails.

4. **Fault-Tolerance Mechanisms and Redundancy Measures**: Implementing strategies such as failover, fault-tolerant designs, and ensuring SLAs (Service Level Agreements) for dependencies are crucial.

5. **Loosely Coupled Designs**: Designing applications to operate correctly even when some components experience impairment can enhance overall system availability.

6. **Observability and Instrumentation**: These practices help in reducing Mean Time to Detection (MTTD) and Mean Time to Repair (MTTR), which are critical for maintaining service levels during failures.

7. **Redeployment Capabilities**: Ensuring that necessary infrastructure, applications, and data can be recreated or redeployed if needed, such as launching Amazon EMR clusters across multiple Availability Zones.

These elements collectively contribute to achieving high availability with redundancy in a system's architecture.",0,0.0,1,0.688956175660311,1,1,0,1,1,0
6ed9a3d8-c1dc-48f6-9696-187b72732be2,What must be done with the list of accepted external authenticators?,Document and maintain a list.,(b) Document and maintain a list of accepted external authenticators.,procedure,easy,docs/NIST.SP.800-53r5.pdf_chunk_943,docs/NIST.SP.800-53r5.pdf,"According to the context provided, you must document and maintain a list of accepted external authenticators.",0,1.0,1,0.8556345517651879,0,0,0,0,1,0
6f2ffa2e-3d56-453b-995e-0ad92eaad57d,What is the focus of the AWS re:Invent 2022 launch related to Trainium?,Accelerate deep learning and innovate faster,AWS re:Invent 2022 - Accelerate deep learning and innovate faster with AWS Trainium,requirement,easy,docs/wellarchitected-framework.pdf_chunk_2371,docs/wellarchitected-framework.pdf,I could not find the answer in the provided documents.,0,0.0,1,0.0842578182299242,1,1,0,1,1,1
702951cb-ab7b-4137-b2c3-2afc68184753,What is the order of elements within each family?,Controls and control enhancements are in numerical order.,"""controls and control enhancements within each family are in numerical order""",definition,easy,docs/NIST.SP.800-53r5.pdf_chunk_162,docs/NIST.SP.800-53r5.pdf,The controls and control enhancements within each family are in numerical order.,0,1.0,1,0.9044522445004527,0,0,0,0,1,0
70c3730c-c174-4790-a4d9-0caf66ea866a,Which standards references are related to cryptographic key management?,"[FIPS 140-3], [FIPS 186-4], [SP 800-34], [SP 800-130], [SP 800-152]","References:  [FIPS 140-3], [FIPS 186-4], [SP 800-34], [SP 800-130], [SP 800-152].",identifier,easy,docs/NIST.SP.800-53r5.pdf_chunk_847,docs/NIST.SP.800-53r5.pdf,"The following NIST standards references are related to cryptographic key management:

- NIST Special Publication (SP) 800-57 Part 1, Rev. 5: Recommendation for Key Management: Part 1 – General.
- NIST Special Publication (SP) 800-57 Part 2, Rev. 1: Recommendation for Key Management: Part 2 – Best Practices for Key Management Organizations.
- NIST Special Publication (SP) 800-57 Part 3, Rev. 1: Recommendation for Key Management, Part 3: Application-Specific Key Management Guidance.
- NIST Special Publication (SP) 800-130: Cryptographic Key Management Systems.
- NIST Special Publication (SP) 800-152: A Profile for U.S. Federal Cryptographic Key Management Systems (CKMS).

These references provide comprehensive guidance on cryptographic key management, including lifecycle management, policy development, and best practices.",0,0.0,1,0.15936909146068007,1,1,0,1,1,1
717c84cd-6773-41b0-8d96-39313818897a,What does the CM-9 control require regarding a configuration management plan?,"Develop, document, and implement a configuration management plan for the system that: addresses roles, responsibilities, and configuration management processes and procedures; establishes a process for identifying configuration items throughout the system.","Control: Develop, document, and implement a configuration management plan for the system that: a. Addresses roles, responsibilities, and configuration management processes and procedures; b. Establishes a process for identifying configuration items throughout the system",requirement,hard,docs/NIST.SP.800-53r5.pdf_chunk_747,docs/NIST.SP.800-53r5.pdf,"The CM-9 control requires that an organization develop, document, and implement a configuration management plan for the system. This plan must address several key aspects:

a. It should define roles, responsibilities, and the processes and procedures related to configuration management.
b. It needs to establish a process for identifying configuration items throughout the system development life cycle and managing these items' configurations.
c. The plan must specify the configuration items for the system and ensure that they are placed under configuration management.
d. It should be reviewed and approved by designated personnel or roles as defined by the organization.
e. Additionally, the plan must be protected from unauthorized disclosure and modification.",0,0.625,1,0.7678517846939611,1,1,0,0,1,0
71cfb4ec-59e1-4a60-a22a-a55b999675a4,What role-based training is required according to the text?,Provide [Assignment: organization-defined personnel or roles] with initial and [Assignment: organization-defined frequency] training in the employment and operation of physical security controls.,(2) ROLE-BASED TRAINING | PHYSICAL SECURITY CONTROLS Provide [Assignment: organization-defined personnel or roles] with initial and [Assignment: organization-defined frequency] training in the employment and operation of physical security controls.,requirement,easy,docs/NIST.SP.800-53r5.pdf_chunk_480,docs/NIST.SP.800-53r5.pdf,"According to the provided context, role-based training is required for a variety of roles within an organization. This includes:

1. Senior leadership and management officials such as head of agency/chief executive officer, chief information officer, senior accountable official for risk management, senior agency information security officer, and senior agency official for privacy.
2. System owners; authorizing officials; system security officers; and privacy officers.
3. Acquisition and procurement officials; enterprise architects; systems engineers; software developers; and systems security engineers; privacy engineers.
4. System, network, and database administrators.
5. Auditors.
6. Personnel conducting configuration management activities.
7. Personnel performing verification and validation activities.
8. Personnel with access to system-level software.
9. Control assessors.
10. Personnel with contingency planning and incident response duties.
11. Personnel with privacy management responsibilities.
12. Personnel with access to personally identifiable information.

The training is comprehensive, covering management, operational, and technical roles and responsibilities, including physical, personnel, and technical controls. It also includes policies, procedures, tools, methods, and artifacts for security and privacy roles defined by the organization.",1,0.11764705882352941,1,0.7078440215023653,1,1,1,1,1,0
72d8353e-bbbf-4f46-9a84-7ac6bab891c4,Which Amazon service can be used to set alarms for threshold breaches?,CloudWatch.,... Use CloudWatch or third-party solutions to set alarms that indicate when thresholds are breached.,identifier,easy,docs/wellarchitected-framework.pdf_chunk_2412,docs/wellarchitected-framework.pdf,"Amazon CloudWatch can be used to set alarms for threshold breaches. It allows you to create metric and composite alarms based on static thresholds, anomaly detection, and other criteria.",0,0.3333333333333333,0,0.8129574238298479,0,0,0,1,0,0
7363c602-09b7-407a-8510-0b039ed9f4f5,What type of reports does ITL produce?,"The Special Publication 800-series reports on ITL’s responsibilities, which include the development of management, administrative, technical, and physical standards and guidelines for the cost-effective security and privacy of other than national security-related information in federal information systems.","The Special Publication 800-series reports on ITL’s responsibilities, which include the development of management, administrative, technical, and physical standards and guidelines for the cost-effective security and privacy of other than national security-related information in federal information systems.",identifier,easy,docs/NIST.SP.800-171r3.pdf_chunk_10,docs/NIST.SP.800-171r3.pdf,"ITL produces Special Publication 800-series reports, which cover research, guidelines, and outreach efforts in information systems security and privacy, as well as collaborative activities with industry, government, and academic organizations.",1,0.3333333333333333,1,0.8841092672080829,0,0,1,1,1,0
74128f82-482d-4eec-9846-b853b8c3dc0f,What is an exposure finding in the context of Security Hub?,An exposure finding includes an assumed attack path based on vulnerabilities found in each resource.,"Correlated findings in Security Hub can result in a net-new finding, called an exposure finding, which includes an assumed attack path based on vulnerabilities found in each resource.",definition,medium,docs/wellarchitected-framework.pdf_chunk_1154,docs/wellarchitected-framework.pdf,I could not find the answer in the provided documents.,0,0.0,1,0.0593998903466089,1,1,0,1,1,1
741920fe-c7d4-4e38-a239-207741b9e271,Which document specifies the details of HTTP semantics?,RFC 9110 HTTP Semantics June 2022.,RFC 9110 HTTP Semantics June 2022,identifier,easy,docs/rfc9110.pdf_chunk_502,docs/rfc9110.pdf,"The document that specifies the details of HTTP semantics is RFC 9110 HTTP Semantics June 2022, as authored by Fielding, et al. This can be inferred from references within the provided context where it is repeatedly cited as the source for information on HTTP semantics.",0,0.3333333333333333,1,0.8432822168823941,1,1,0,1,1,0
760f13d4-e9f6-459e-a27c-adb15045e893,"What are the conditions for marking hardware components that process, store, or transmit public information?","Organizations may require markings for hardware components that process, store, or transmit public information to indicate that such information is publicly releasable.","However, organizations may require markings for hardware components that process, store, or transmit public information in order to indicate that such information is publicly releasable.",definition,easy,docs/NIST.SP.800-53r5.pdf_chunk_1200,docs/NIST.SP.800-53r5.pdf,"Marking of hardware components that process, store, or transmit public information is generally not required according to the provided context. However, organizations may still require markings in such cases to indicate that the processed, stored, or transmitted public information is publicly releasable. This decision can be influenced by applicable laws, executive orders, and organizational policies.",1,0.8,1,0.9257783050679247,1,1,1,0,1,0
76369abb-1b00-4b04-98b4-af1c808ecc8f,What systems should be verified according to the security requirements related to user session management?,all systems that create and manage user sessions as part of a federated identity management ecosystem (such as SSO systems) are.,"# Description Level
7.1.3 Verify that all systems that create and manage user sessions as part of a federated identity management ecosystem (such as SSO systems) are",requirement,easy,docs/OWASP_Application_Security_Verification_Standard_5.0.0_en (1).pdf_chunk_202,docs/OWASP_Application_Security_Verification_Standard_5.0.0_en (1).pdf,"According to the security requirements related to user session management, the following systems should be verified:

- Systems that create and manage user sessions as part of a federated identity management ecosystem (such as SSO systems) should be documented along with controls to coordinate session lifetimes, termination, and any other conditions that require re-authentication. This is specified in V7.1.3.

These verifications ensure that the session management system is tailored to the specific requirements of the application and that all aspects related to user sessions are securely managed, especially within federated identity environments.",0,0.25,1,0.8158209729958944,1,1,0,1,1,0
7667b81b-e737-4373-a9fd-349ae4e0c54e,What are the key factors in measuring the successful operation of a workload?,"Expected outcomes, success measurement methods, and metrics used for calculations.","Successful operation of a workload is measured by the achievement of business and customer outcomes. Deﬁne expected outcomes, determine how success will be measured, and identify metrics that will be used in those calculations to determine if your workload and operations are",identifier,medium,docs/wellarchitected-framework.pdf_chunk_80,docs/wellarchitected-framework.pdf,"The key factors in measuring the successful operation of a workload include:

1. **Business and Customer Outcomes**: Define expected outcomes that align with business goals and customer needs.

2. **Metrics Baselines**: Establish thresholds for metrics to monitor operational health, including both the workload's health and the success of supporting operations like deployment and incident response.

3. **Operational Health Metrics**: Collect and analyze metrics related to the operation of the workload to ensure it meets business requirements.

4. **Documentation and Runbooks**: Proper documentation and runbooks are crucial for effective troubleshooting and addressing failures, especially when workloads are handed off to separate operations teams.

5. **Real-Time Granular Data and Historical Reference**: Evaluate KPIs using real-time granular data and historical data for reference, creating dashboards that perform metric math to derive insights.

6. **Stakeholder Identification and Objectives Definition**: Identify key business stakeholders and define objectives of the workload, considering critical performance aspects such as throughput, response time, and cost.

7. **Industry Best Practices Review**: Review industry best practices to identify relevant KPIs aligned with your workload's needs.

8. **Risk Understanding**: Understand risks associated with the operation of the workload and make informed decisions regarding its production deployment.

9. **Feedback Loop for Continuous Improvement**: Use business and operational metrics as a feedback loop to continually drive improvement in the organization and workload operations.",0,0.3333333333333333,1,0.7034856484402148,1,1,0,1,1,0
76d70eb8-70e2-45a9-a641-bce6f5e45441,What does automatic environmental controls provide an immediate response to?,"environmental conditions that can damage, degrade, or destroy organizational systems or systems components.","[The implementation of automatic environmental controls provides an immediate response to environmental conditions that can damage, degrade, or destroy organizational systems or systems components.]",definition,easy,docs/NIST.SP.800-53r5.pdf_chunk_1184,docs/NIST.SP.800-53r5.pdf,"Automatic environmental controls provide an immediate response to environmental conditions that can damage, degrade, or destroy organizational systems or systems components.",0,1.0,1,0.9711456663189911,0,0,0,0,1,0
77f2809d-4443-4c19-8426-a9e36a50ce33,What must be done after this assignment is made?,Receive an acknowledgement from [Assignment: organization-defined personnel or roles] of this assignment.,(b) Receive an acknowledgement from [Assignment: organization-defined personnel or roles] of this assignment.,procedure,easy,docs/NIST.SP.800-53r5.pdf_chunk_747,docs/NIST.SP.800-53r5.pdf,"After the assignment of responsibilities, the following actions should be taken:

- Review and update incident response training content at an organization-defined frequency and following organization-defined events.
- Ensure that team members have the necessary permission levels, tools, and opportunities to practice the skills required for effective response.
- Define decision levels and conduct game days to verify understanding and demonstration of the process by all individual contributors.
- Clearly define responsibilities for specific activities on defined workloads and ensure these are documented and discoverable within the organization.
- Review and update responsibilities when organizational changes take place.
- Track and measure the performance of defect and inefficiency identification activities.
- Implement feedback mechanisms to track defects and improvements, supporting iterative improvement processes.",0,0.0,1,0.41415410558111004,1,1,0,1,1,1
78548838-0293-4752-9621-65c869f871c7,What is the approach suggested for handling old messages when they become irrelevant?,"When tolerable, drop old messages by comparing now to the message timestamp and discarding messages that are no longer relevant to the requesting client.","• Either retry or, when tolerable, drop old messages by comparing now to the message timestamp and discarding messages that are no longer relevant to the requesting client.",procedure,easy,docs/wellarchitected-framework.pdf_chunk_1774,docs/wellarchitected-framework.pdf,"The approach suggested for handling old messages that have become irrelevant is to either retry or drop them based on a comparison of ""now"" to the message timestamp. If the message is no longer relevant to the requesting client, it can be discarded.",0,1.0,1,0.8882446360817756,0,0,0,0,1,0
7878e886-a2e0-439c-9424-fab4c532ad43,What are some sources from which stakeholder protection needs and corresponding security and privacy requirements may be derived?,"laws, executive orders, directives, regulations, policies, standards, mission and business needs, or risk assessments.","[76, 120]: ""Stakeholder protection needs and the corresponding security and privacy requirements may be derived from many sources (e.g., laws, executive orders, directives, regulations, policies, standards, mission and business needs, or risk assessments).""",procedure,hard,docs/NIST.SP.800-53r5.pdf_chunk_152,docs/NIST.SP.800-53r5.pdf,"Stakeholder protection needs and corresponding security and privacy requirements may be derived from several sources, including laws, executive orders, directives, regulations, policies, standards, mission and business needs, or risk assessments.",0,1.0,0,0.9526509665777262,0,0,0,0,0,0
78e4c9eb-e0aa-422e-be63-8eeba70ef804,From where can this publication be accessed for free?,https://doi.org/10.6028/NIST.SP.800-53r5,This publication is available free of charge from: https://doi.org/10.6028/NIST.SP.800-53r5,identifier,easy,docs/NIST.SP.800-53r5.pdf_chunk_1922,docs/NIST.SP.800-53r5.pdf,"This publication can be accessed for free from the following URL:
https://doi.org/10.6028/NIST.SP.800-53r5",0,1.0,1,0.9411259847695967,0,0,0,0,1,0
794fdbb2-5d18-4b82-93cb-8578498d0f89,What factors can lead to the correction or deletion of personally identifiable information?,"It is inaccurate or outdated, incorrectly determined regarding impact, or incorrectly de-identified.","Correct or delete personally identifiable information that is inaccurate or outdated, incorrectly determined regarding impact, or incorrectly de-identified using [Assignment: organization-defined automated mechanisms].",requirement,easy,docs/NIST.SP.800-53r5.pdf_chunk_2141,docs/NIST.SP.800-53r5.pdf,"The context indicates that corrections or deletions of personally identifiable information can be based on several factors, including:

1. **Requests by Individuals**: Organizations are required to correct or delete personally identifiable information upon request by individuals or their designated representatives.
2. **Accuracy and Relevance**: Information may need to be corrected if it is inaccurate or outdated, as maintaining such data could cause problems for individuals in business functions where accurate information is critical.
3. **Adverse Decisions or Denial of Benefits/Services**: Inaccurate information can lead to adverse decisions or the denial of benefits and services, necessitating corrections.
4. **Stigmatization Risks**: The disclosure of certain personally identifiable information might cause stigmatization, leading organizations to consider removing such data.

These factors highlight the importance of maintaining accurate and relevant personal information while also respecting individual privacy concerns.",0,0.2,1,0.6733760963186051,1,1,0,1,1,0
796f20ea-d7cf-4537-b52f-0dbe379dc5ba,Which activities are included in CP-4(3)?,AUTOMATED TESTING,CP-4(3) AUTOMATED TESTING O √,definition,easy,docs/NIST.SP.800-53r5.pdf_chunk_2530,docs/NIST.SP.800-53r5.pdf,"According to the provided context, CP-4(3) refers to ""AUTOMATED TESTING."" This is part of the Contingency Plan Testing (CP-4) control.",0,0.5,1,0.6486467579890284,0,0,0,0,1,0
79964c5a-ca4b-4792-836f-82981604c6dd,What is the function of DNSSEC in network security?,Domain Name System Security Extensions,DNSSEC Domain Name System Security Extensions,definition,hard,docs/NIST.SP.800-53r5.pdf_chunk_2480,docs/NIST.SP.800-53r5.pdf,"DNSSEC (Domain Name System Security Extensions) serves the function of improving the authenticity and integrity of domain name system (DNS) data. Specifically, it provides a method to secure the Domain Name System by adding digital signatures to DNS responses, which helps ensure that the information being resolved is authentic and has not been tampered with during transmission. This is crucial for establishing the security status of child zones, as indicated by the use of delegation signer resource records in the DNS.",0,0.75,1,0.8514371294219353,1,1,0,0,1,0
7a7f63fe-1190-497f-8ad2-7621ecc509c7,What does RTO stand for in the context of recovery requirements?,RTO stands for Recovery Time Objective.,"RTO targets.
RTO targets are a trade-oò between reducing downtime and data loss (RTO and RPO) and the cost and complexity of implementing the strategy.",definition,easy,docs/wellarchitected-framework.pdf_chunk_2234,docs/wellarchitected-framework.pdf,RTO stands for Recovery Time Objective in the context of recovery requirements. It is defined as the maximum acceptable delay between the interruption of service and restoration of service.,0,1.0,1,0.6014705638998956,1,1,0,0,1,0
7b81aa21-67e4-43e5-bb7a-b1ca986ed4d8,How can you identify rightsizing opportunities on AWS?,Use the Rightsizing Recommendations in AWS Cost Explorer or AWS Compute Optimizer.,"""You can use the Rightsizing Recommendations in AWS Cost Explorer or AWS Compute Optimizer to identify rightsizing opportunities.""",procedure,easy,docs/wellarchitected-framework.pdf_chunk_3044,docs/wellarchitected-framework.pdf,I could not find the answer in the provided documents.,0,0.0,1,0.167679691808652,1,1,0,1,1,1
7ca2cf05-31ee-4b5e-b540-6ea877991a77,What should an origin server rely on according to the text?,"An origin server should not rely on private agreements to receive content, since participants in HTTP communication are often unaware of intermediaries along the request chain.","An origin server should not rely on private agreements to receive content, since participants in HTTP communication are often unaware of intermediaries along the request chain.",requirement,medium,docs/rfc9110.pdf_chunk_309,docs/rfc9110.pdf,"According to the provided context, an origin server should rely on the status code it chooses to indicate response semantics after processing a POST request. The origin server can choose almost all of the status codes defined by the specification for this purpose, except for 206 (Partial Content), 304 (Not Modified), and 416 (Range Not Satisfiable). Additionally, if resources are created as a result of successfully processing a POST request, the origin server should send a 201 (Created) response with a Location header field that provides an identifier for the primary resource created.",0,0.0,1,0.4602164160272005,1,1,0,1,1,1
7d8b09f3-7409-4d13-877c-5ffcd0f6e2dc,What are some benefits of establishing the best practice for credential management as mentioned by AWS Well-Architected Framework?,"Secrets are stored encrypted at rest and in transit, access to credentials is gated through an API, access to a credential (both read and write) is audited and logged, separation of concerns: credential rotation is performed by a separate component, which can be segregated from the rest of the architecture, secrets are automatically distributed on-demand to software components and rotation occurs in a central location.","Beneﬁts of establishing this best practice:
• Secrets are stored encrypted at rest and in transit.
• Access to credentials is gated through an API (think of it as a credential vending machine).
• Access to a credential (both read and write) is audited and logged.
• Separation of concerns: credential rotation is performed by a separate component, which can be segregated from the rest of the architecture.
• Secrets are automatically distributed on-demand to software components and rotation occurs in a central location.",factual,hard,docs/wellarchitected-framework.pdf_chunk_928,docs/wellarchitected-framework.pdf,"Some benefits of establishing the best practice for credential management as mentioned by AWS Well-Architected Framework include:

- Secrets are stored encrypted at rest and in transit.
- Access to credentials is gated through an API, similar to a credential vending machine.
- Access to credentials (both read and write) is audited and logged.
- Separation of concerns: credential rotation is performed by a separate component that can be segregated from the rest of the architecture.
- Secrets are automatically distributed on-demand to software components, with rotation occurring in a central location.
- Access to credentials can be controlled in a fine-grained manner.",0,0.8333333333333334,1,0.6744531831744706,0,0,0,0,1,0
7e92ab5d-9162-49ab-ac61-95c9171920ae,What does 'conditional content' refer to in the context of content negotiation?,The representation consists of multiple parts that are selectively rendered based on user agent parameters.,"""conditional content"", where the representation consists of multiple parts that are selectively rendered based on user agent parameters",definition,easy,docs/rfc9110.pdf_chunk_377,docs/rfc9110.pdf,Conditional content refers to a pattern of content negotiation where the representation consists of multiple parts that are selectively rendered based on user agent parameters.,0,1.0,1,0.8053388546650464,0,0,0,0,1,0
7efd9f1a-f2b4-4149-b6f4-64ecec149019,What factors guide the frequency and comprehensiveness of vulnerability monitoring in organizations?,Security categorization of information and systems guides the frequency and comprehensiveness of vulnerability monitoring.,Security categorization of information and systems guides the frequency and comprehensiveness of vulnerability monitoring (including scans).,definition,easy,docs/NIST.SP.800-53r5.pdf_chunk_1471,docs/NIST.SP.800-53r5.pdf,"The frequency and comprehensiveness of vulnerability monitoring in organizations are guided by several factors, including:

- Security categorization of information and systems
- The security category of the system 
- The criticality of the update (severity of the vulnerability)
- Organizational risk tolerance
- The mission supported by the system
- The threat environment

These factors help determine the required vulnerability monitoring for different system components to ensure no potential sources of vulnerabilities are overlooked.",0,0.375,1,0.8111103425667043,1,1,0,1,1,0
7f2648cf-146b-48f7-bb16-8f8ca0ed2fd0,What is the definition of mobile code technologies?,Software technologies that provide the mechanisms for the production and use of mobile code.,mobile code technologies Software technologies that provide the mechanisms for the production and use of mobile code.,definition,easy,docs/NIST.SP.800-53r5.pdf_chunk_2404,docs/NIST.SP.800-53r5.pdf,"Mobile code technologies include Java applets, JavaScript, HTML5, WebGL, and VBScript. These are software technologies that provide the mechanisms for the production and use of mobile code, which can be transmitted across a network and executed on a remote system without explicit installation or execution by the recipient.",0,0.125,1,0.8183044322950006,1,1,0,1,1,0
7f2fa59d-330c-4cff-befc-213f4236e984,"What does the text imply about the importance of backing up data, applications, and configuration?",The text implies that proper backup is required to meet specific recovery time and point objectives.,"Back up data, applications, and conﬁguration to meet your requirements for recovery time objecti ves (RTO) and recovery point objecti ves (RPO).",requirement,medium,docs/wellarchitected-framework.pdf_chunk_147,docs/wellarchitected-framework.pdf,"The text emphasizes the importance of backing up critical system software, other security-related information, and system-level information. It highlights that backup copies should be stored in a separate facility or fire-rated container to ensure separation from operational systems. Additionally, it stresses the need for testing restoration using sampling as part of contingency plan testing to ensure that system functions can be restored correctly.

The text also mentions that system backups should reflect requirements in contingency plans and other organizational requirements for backing up information, especially concerning legal and privacy requirements. This indicates a strong emphasis on ensuring data integrity through mechanisms like digital signatures and cryptographic hashes, and protecting backup information during transit.

Overall, the importance of backing up critical components is underscored to support organizational missions and ensure system resilience against potential disruptions.",0,0.2857142857142857,1,0.5193126403983752,1,1,0,1,1,0
8010db5d-0de4-4c59-b68f-e3e0358f802a,What is another term for dual authorization mentioned in this text?,Dual authorization may also be known as two-person control.,[Dual authorization may also be known as two-person control. ],identifier,easy,docs/NIST.SP.800-53r5.pdf_chunk_700,docs/NIST.SP.800-53r5.pdf,Another term for dual authorization mentioned in this text is two-person control.,0,1.0,1,0.9272939368701841,0,0,0,0,1,0
801db6aa-b93e-47b8-88f9-f4afd6e95a16,What benefits do the adopted approaches bring according to the text?,"These accelerate beneﬁcial changes entering production, limit issues deployed, and activate rapid identiﬁcation and remediation of issues introduced through deployment activities or discovered in your environments.","These accelerate beneﬁcial changes entering production, limit issues deployed, and activate rapid identiﬁcation and remediation of issues introduced through deployment activities or discovered in your environments.",factual,hard,docs/wellarchitected-framework.pdf_chunk_72,docs/wellarchitected-framework.pdf,"The adopted approaches bring several benefits as per the provided context:

1. **Developing Team Skills**: This is mentioned under ""greatest impact,"" indicating that certain practices help in enhancing team capabilities.
2. **Improving Workload Performance and Reducing Costs**: These are also noted as significant impacts, suggesting that the methods used lead to more efficient operations and lower expenses.
3. **Automating Runbooks and Enhancing Monitoring**: The text highlights these as areas where improvements can be made, implying better operational efficiency and real-time visibility into system performance.

Additionally, the context discusses benefits such as:

- **Collecting and Actively Using Customer Feedback**: This helps in validating investments in operations and ensuring that customer needs are met.
- **Implementing Backward Compatible Features**: This approach minimizes the need for customers to replace devices or upgrade equipment, which can reduce costs and improve user satisfaction.
- **Avoiding Unnecessary Prescriptiveness**: By recognizing multiple methods to achieve security objectives, organizations maintain flexibility without overregulation.

Lastly, the context also mentions benefits related to:

- **Reviewing Insights and Sharing Learnings Across Teams**: This fosters a collaborative environment where new insights are leveraged across different departments.
- **Publishing Data and Insights for Review by Other Teams**: Encourages transparency and ensures that all relevant stakeholders can benefit from new findings.

Overall, the approaches described aim to enhance operational efficiency, reduce costs, improve customer satisfaction, and foster a culture of continuous improvement and collaboration.",0,0.0,1,0.5123977367036034,1,1,0,1,1,0
804d9880-0181-4bf1-b592-634c4832674e,How many field lines can a field section contain?,any number of 'field lines',"Field sections are composed of any number of ""ﬁeld lines""",factual,easy,docs/rfc9110.pdf_chunk_106,docs/rfc9110.pdf,"A field section can contain any number of field lines, as indicated by the context: ""Field sections are composed of any number of 'field lines', each with a 'field name' (see Section 5.1) identifying the field, and a 'field line value' that conveys data for that instance of the field.""",0,1.0,1,0.862534694108569,0,0,0,0,1,0
808c4159-7d8a-4106-9b95-1e517a33859a,Under what circumstances does a server send a Content-Length header field in a response to a HEAD request?,unless its field value equals the decimal,A server send a Content-Length header ﬁeld in a response to a HEAD request ( Section 9.3.2); a server send Content-Length in such a response unless its ﬁeld value equals the decimal,factual,hard,docs/rfc9110.pdf_chunk_228,docs/rfc9110.pdf,A server sends a Content-Length header field in a response to a HEAD request unless its field value equals the decimal number of octets that would have been sent in the content of a response if the same request had used the GET method.,1,0.0,1,0.869347138147144,1,1,1,1,1,0
80a779b3-e7f6-40e5-840d-77dc54a25e5e,What kind of testing is most effective for conducting red team exercises?,"penetration testing agents and teams with knowledge of and experience with current adversarial tactics, techniques, procedures, and tools.","Red team exercises are most effective when conducted by penetration testing agents and teams with knowledge of and experience with current adversarial tactics, techniques, procedures, and tools.",requirement,medium,docs/NIST.SP.800-53r5.pdf_chunk_654,docs/NIST.SP.800-53r5.pdf,"Based on the provided context, penetration testing conducted by an independent penetration testing agent or team is most effective for conducting red team exercises. This type of testing is described as extending the objectives of traditional penetration testing to examine the security and privacy posture comprehensively and simulate adversary attempts to compromise organizational systems.",0,0.5,1,0.770970412807282,0,0,0,0,1,0
8217d045-55e5-4d50-aa62-311a6c59c890,What are the benefits of establishing a well-defined organizational unit (OU) structure in AWS according to the provided text?,"Decreased scope of impact if a workload is inadvertently accessed, Central governance of access to AWS services, resources, and Regions, Maintain security of the cloud infrastructure with policies and centralized administration of security services, Automated account creation and maintenance process, Centralized auditing of your infrastructure for compliance and regulatory requirements.","• Decreased scope of impact if a workload is inadvertently accessed.
• Central governance of access to AWS services, resources, and Regions.
• Maintain security of the cloud infrastructure with policies and centralized administration of security services.
• Automated account creation and maintenance process.
• Centralized auditing of your infrastructure for compliance and regulatory requirements.",factual,medium,docs/wellarchitected-framework.pdf_chunk_824,docs/wellarchitected-framework.pdf,"According to the provided context, establishing a well-defined organizational unit (OU) structure in AWS offers several benefits:

1. **Enhanced Visibility and Management**: OUs allow for better visibility into each linked account’s activity while maintaining a single management account.
2. **Cost Optimization**: Costs and usage are aggregated in the management account, enabling the maximization of service volume discounts and commitment discounts (Savings Plans and Reserved Instances).
3. **Governance Alignment**: AWS Control Tower can be used to quickly set up and configure multiple AWS accounts, ensuring governance aligns with organizational requirements.
4. **Security and Compliance**: OUs help in establishing granular preventative controls through Service Control Policies (SCPs) and proactive/detective controls using AWS Config.
5. **Simplified Permission Management**: A good design can reduce the number and complexity of security policies required to achieve desired security controls for each member account by leveraging inheritance.

These benefits collectively support a more organized, secure, and cost-effective management of multiple AWS accounts within an organization.",0,0.0,1,0.6602992548930008,1,1,0,1,1,0
82c6605f-2a90-4f0c-bba0-76357d513975,What AWS service is explained in the text?,Amazon EC2 Auto Scaling,What Is Amazon EC2 Auto Scaling?,identifier,medium,docs/wellarchitected-framework.pdf_chunk_1894,docs/wellarchitected-framework.pdf,"The AWS services explained in the text include:

1. AWS Managed Services (AMS)
2. AWS Professional Services
3. AWS Elastic Beanstalk
4. AWS Proton
5. AWS CloudFormation
6. AWS Well-Architected Framework
7. AWS Organizations
8. AWS Control Tower

These services are described in relation to helping customers automate operations, deploy applications, and manage their cloud environments more effectively.",0,0.0,1,0.4526997958715054,1,1,0,1,1,1
82fa36d0-a23a-44ae-8952-5654db27090d,What are the steps for using Amazon EC2 Image Builder?,1. Create an image pipeline and name it; 2. Define pipeline schedule and time zone; 3. Configure any dependencies. Choose a recipe: 4. Select existing recipe or create a new one; 5. Select image type; 6. Name and version your recipe.,"For Amazon EC2 Image Builder:
1. Using Amazon EC2 Image Builder, specify pipeline details:
a. Create an image pipeline and name it
b. Define pipeline schedule and time zone
c. Configure any dependencies
2. Choose a recipe:
a. Select existing recipe or create a new one
b. Select image type
c. Name and version your recipe",procedure,medium,docs/wellarchitected-framework.pdf_chunk_520,docs/wellarchitected-framework.pdf,"The steps for using Amazon EC2 Image Builder to automate creating secure, compliant, and hardened AMIs include:

1. **Select Your Base Image**: Choose a base image provided by AWS or an APN partner.
2. **Add Build Components and Add to Target Registry**:
   - Define pipeline schedule and time zone
   - Configure any dependencies
3. **Create an Image Pipeline and Name It**
4. **Choose a Recipe**:
   - Select existing recipe or create a new one
   - Select image type
   - Name and version your recipe

These steps help in automating the creation of secure images that can be used for EC2 instances, ensuring compliance with security standards like CIS Benchmarks or STIGs.",1,0.75,1,0.6435945776644748,0,0,1,0,1,0
83df32d3-58c7-4f16-bf0e-8bebe9f5a1ef,What are octet boundaries used for in HTTP range requests?,"Octet (a.k.a. byte) boundaries are a structural unit common to all representation data, allowing partitions of the data into subranges.","octet (a.k.a. byte) boundaries are a structural unit common to all representation data, allowing partitions of the",definition,easy,docs/rfc9110.pdf_chunk_457,docs/rfc9110.pdf,"Octet (a.k.a. byte) boundaries are used as structural units in HTTP range requests, allowing partitions of representation data to be identified as a range of bytes at some offset from the start or end of that data. This general notion of a ""range unit"" is used in the Accept-Ranges response header field to advertise support for range requests.",1,0.3333333333333333,1,0.7579984193904838,1,1,1,1,1,0
844ad331-e8fc-4167-855f-49020cbc826a,What does the term 'AWS Well-Architected Framework' refer to?,A framework provided by AWS for reviewing the architecture of IT systems.,AWS Well-Architected Framework Framework,definition,easy,docs/wellarchitected-framework.pdf_chunk_1985,docs/wellarchitected-framework.pdf,"The AWS Well-Architected Framework refers to a set of best practices for designing and operating reliable, secure, efficient, cost-effective, and sustainable systems in the cloud. It provides a structured approach to review existing or proposed architectures and includes a set of questions to help assess an architecture against these best practices. The framework aims to help users produce stable and efficient systems, allowing them to focus on their functional requirements while making informed decisions about building systems on AWS.",0,0.2,1,0.8432588994437885,1,1,0,1,1,0
85cf3179-7c8e-4331-a2a7-9a639c60d6d0,"What types of activities can organizations use to satisfy evidentiary requirements related to service provider contingency plan reviews, testing, and training?","Organizations may use disaster recovery exercises to satisfy evidentiary requirements related to service provider contingency plan reviews, testing, and training.","Organizations may use these types of activities to satisfy evidentiary requirements related to service provider contingency plan reviews, testing, and training.",factual,easy,docs/NIST.SP.800-53r5.pdf_chunk_833,docs/NIST.SP.800-53r5.pdf,"Organizations may use telecommunications service providers participating in ongoing disaster recovery exercises in coordination with the Department of Homeland Security and state and local governments to satisfy evidentiary requirements related to service provider contingency plan reviews, testing, and training.",1,0.3333333333333333,1,0.6475739487961065,1,1,1,1,1,0
860821e9-65b5-4c75-9697-ee3cbbf742c5,What are the considerations for resource sparing or resource static stability?,Considerations for resource sparing or resource static stability are not mentioned in the provided text.,,requirement,hard,docs/wellarchitected-framework.pdf_chunk_2132,docs/wellarchitected-framework.pdf,"The context discusses several key considerations for ensuring resource static stability, which is crucial to prevent bimodal behavior in workloads. Here are the main points:

1. **Critical Workload Assessment**: Assess critical workloads to determine which require resilience design. This involves reviewing each application component.

2. **Provisioning Adequate Resources**: For critical services like compute (Amazon EC2, EKS-EC2, ECS-EC2, EMR-EC2), databases (Amazon Redshift, Amazon RDS, Amazon Aurora), storage (Amazon S3, Amazon EFS, Amazon FSx), and load balancers under certain designs, ensure enough instances are provisioned in each Availability Zone or Region to handle the workload capacity if one were removed.

3. **Static Stability Design**: Build systems that operate in only one mode with static stability. This means provisioning sufficient resources across zones or regions to cover potential failures.

4. **Resource Quota Management**: Maintain space between resource quota and usage to prevent failing or inaccessible resources due to over-quota conditions. Verify quotas cover the overlap of inaccessible resources and their replacements, considering network failure, Availability Zone failure, or Regional failures.

5. **Avoiding Anti-Patterns**: Avoid common anti-patterns such as setting service quotas without accounting for failover scenarios, not considering static stability principles when calculating peak quota, assuming resources can always be provisioned regardless of the failure scope, trying to dynamically acquire resources during a failure, and only considering static stable designs for compute resources.

6. **Risk Management**: Establishing this best practice reduces the risk of medium-level failures in resources or resource accessibility within current service thresholds, including zone, network, and regional failures.

7. **Cost Considerations**: Weigh reliability against cost needs for your workload when implementing static stability architectures.

8. **Additional Resources Across Zones/Regions**: Implement a more statically stable design by adding more zones to reduce the need for additional compute resources for static stability.

By considering these factors, you can ensure that your workloads are designed to handle failures predictably and maintain service availability even under adverse conditions.",0,0.0,1,0.0,1,1,0,1,1,1
8654eaa9-8fbe-47b8-a84e-54b29b9e067d,What is an 'authorization boundary' according to OMB A-130?,All components of an information system to be authorized for operation by an authorizing official. This excludes separately authorized systems to which the information system is connected.,authorization boundary [OMB A-130] All components of an information system to be authorized for operation by an authorizing official. This excludes separately authorized systems to which the information system is connected.,definition,hard,docs/NIST.SP.800-53r5.pdf_chunk_2347,docs/NIST.SP.800-53r5.pdf,"According to OMB A-130, an authorization boundary is defined as ""All components of an information system to be authorized for operation by an authorizing official. This excludes separately authorized systems to which the information system is connected.""",0,1.0,1,0.9475956159170954,0,0,0,0,1,0
8730a007-41f9-42d0-af5f-8e71111d5dad,What is a requirement for employing supply chain controls according to this text?,Employ a diverse set of sources for the following system components and services: [Assignment: organization-defined system components and services].,(1) SUPPLY CHAIN CONTROLS AND PROCESSES | DIVERSE SUPPLY BASE Employ a diverse set of sources for the following system components and services: [Assignment: organization-defined system components and services].,requirement,medium,docs/NIST.SP.800-53r5.pdf_chunk_2194,docs/NIST.SP.800-53r5.pdf,"According to the provided context, one requirement for employing supply chain controls is to document the selected and implemented supply chain processes and controls in specified documents such as security and privacy plans, supply chain risk management plan, or an organization-defined document. Additionally, it involves coordination with designated supply chain personnel and the implementation of specific controls aimed at protecting against supply chain risks.",0,0.0,1,0.5989302919311883,1,1,0,1,1,0
87567a5a-100d-49d9-a8a7-ea1ac597a777,What should be periodically reviewed and refined in monitoring strategies?,Log analysis strategies to capture all relevant information.,"""Regular review and reﬁnement: Periodically review your log analysis strategies to capture all relevant information and continually optimize application performance.""",procedure,medium,docs/wellarchitected-framework.pdf_chunk_664,docs/wellarchitected-framework.pdf,"In monitoring strategies, key service-level indicators (SLIs) and application health indicators should be regularly reviewed and updated periodically, as well as after any significant events or changes. This ensures that the monitoring strategy remains relevant as the workload and business requirements evolve. Additionally, metrics collected for monitoring should be reviewed at regular intervals to verify their effectiveness in identifying, addressing, or preventing issues.",0,0.4,0,0.4785694319077204,1,1,0,1,0,1
8831c535-ddc2-490a-a040-3fd71454e47e,What are some examples of fail-safe procedures for handling failures as described in SI-17?,"Alerting operator personnel and providing specific instructions on subsequent steps to take, which may include doing nothing, reestablishing system settings, shutting down processes, restarting the system, or contacting designated organizational personnel.","""Fail-safe procedures include alerting operator personnel and providing specific instructions on subsequent steps to take. Subsequent steps may include doing nothing, reestablishing system settings, shutting down processes, restarting the system, or contacting designated organizational personnel.""",procedure,hard,docs/NIST.SP.800-53r5.pdf_chunk_2136,docs/NIST.SP.800-53r5.pdf,"Based on the provided context from SI-17, some examples of fail-safe procedures for handling failures include:

- Alerting operator personnel when a failure condition is detected.
- Providing specific instructions to subsequent steps that may involve doing nothing, reestablishing system settings, shutting down processes, restarting the system, or contacting designated organizational personnel.

These procedures are designed to ensure that the system can either recover gracefully while maintaining security or shut down securely to prevent further violations of security policies.",0,0.5,1,0.8834255777190886,0,0,0,0,1,0
885f2998-cd89-48f4-b6a3-7991f3e020ac,What is the requirement for using resources in the provided text?,Use automation to release GPU instances when not in use.,• Use automation to release GPU instances when not in use.,requirement,easy,docs/wellarchitected-framework.pdf_chunk_2370,docs/wellarchitected-framework.pdf,"The provided context does not explicitly state specific requirements for using resources. However, it mentions some general considerations:

1. Before starting your review process, follow your business’ requirements for workload, security, and data privacy to use specific services or Regions.
2. Performance requirements should be considered while following the agreed review process.
3. When decommissioning resources, verify that the identified resources are not being used by the organization.

These points suggest that using resources involves adhering to business requirements related to workload, security, data privacy, and performance, as well as ensuring that resources are not in use before decommissioning them.",0,0.25,1,0.18239501682386938,1,1,0,1,1,1
8948c922-faf7-48a9-8608-228f51276111,What must an identification and authentication policy address according to the provided text?,"Addresses purpose, scope, roles, responsibilities, management commitment, coordination among organizational entities, and compliance.","[Selection (one or more): Organization-level; Mission/business process-level; System-level] identification and authentication policy that: (a) Addresses purpose, scope, roles, responsibilities, management commitment, coordination among organizational entities, and compliance;",definition,easy,docs/NIST.SP.800-53r5.pdf_chunk_862,docs/NIST.SP.800-53r5.pdf,"According to the provided text, an identification and authentication policy must address the following:

- Purpose
- Scope
- Roles
- Responsibilities
- Management commitment
- Coordination among organizational entities
- Compliance

These elements are part of the organization-level identification and authentication policy that needs to be developed, documented, and disseminated as per the NIST SP 800-53, REV. 5 guidelines.",0,0.875,1,0.730843864781789,0,0,0,0,1,0
8adbbb2a-2a1c-4a89-8420-9bac1400d2ab,Where can this publication be accessed for free?,https://doi.org/10.6028/NIST.SP.800-53r5,This publication is available free of charge from: https://doi.org/10.6028/NIST.SP.800-53r5,identifier,easy,docs/NIST.SP.800-53r5.pdf_chunk_1202,docs/NIST.SP.800-53r5.pdf,This publication can be accessed for free at the following URL: https://doi.org/10.6028/NIST.SP.800-53r5,0,1.0,1,0.9465369234434103,0,0,0,0,1,0
8cf02878-d60d-4cd4-820a-2fd24e8b9dc9,What is the purpose of issuing temporary credentials?,To provide privileged access to system maintenance personnel who have not been previously identified as authorized maintenance personnel.,Organizations may choose to issue temporary credentials to these individuals based on their risk assessments. Temporary credentials may be for one-time use or for very limited time periods.,requirement,medium,docs/NIST.SP.800-171r3.pdf_chunk_191,docs/NIST.SP.800-171r3.pdf,"The purpose of issuing temporary credentials, as described in the context, is to significantly reduce the chances of credentials becoming compromised. This is achieved by limiting the duration for which these credentials are valid, thereby reducing the window during which they could be exposed or misused. Temporary credentials are particularly recommended to replace long-term credentials wherever possible, especially for both human and machine identities.",1,0.25,1,0.8193259828183768,0,0,1,1,1,0
8db80bfc-5392-43dd-9da8-0cb205026667,What does the text imply about the frequency of reviews for workloads with significant costs?,More frequent review is advantageous.,"If it is a workload of signiﬁcant cost, implementing new services sooner will maximize cost savings, so more frequent review can be advantageous.",factual,easy,docs/wellarchitected-framework.pdf_chunk_2819,docs/wellarchitected-framework.pdf,"The text implies that for workloads with significant costs, more frequent reviews can be advantageous. This is because implementing new services sooner may maximize cost savings.",0,1.0,1,0.8705929535453729,0,0,0,0,1,0
8e0c213b-0c7d-401d-8f19-6df4f183fb3b,What is client-side caching?,Client-side caching is a method where each client can store the results of their unique queries locally for a specified amount of time.,"With client-side caching, each client (an application or service that queries the backend datastore) can store the results of their unique queries locally for a speciﬁed amount of time.",definition,easy,docs/wellarchitected-framework.pdf_chunk_2423,docs/wellarchitected-framework.pdf,"Client-side caching refers to a strategy where each client (an application or service that queries the backend datastore) can store the results of their unique queries locally for a specified amount of time. This approach reduces the need for remote calls to the backend data source, thereby improving response times and overall application performance. Client-side caching helps in providing more consistent responses between clients, enhancing efficiency in stored data, and increasing the volume of cached data since storage space scales independently of the number of clients. However, it introduces a potential latency increase due to an additional network hop required to check the remote cache before querying the backend datastore.",0,0.16666666666666666,1,0.8434465014302802,1,1,0,1,1,0
8e0cf0e1-6d5e-4a15-b021-06612d8cd3bc,What are the steps involved in defining topics for discussion?,"Define the topics that are common across the teams, or will need a shared understanding.","• Deﬁne topics for discussion: Deﬁne the topics that are common across the teams, or will need a shared understanding.",definition,easy,docs/wellarchitected-framework.pdf_chunk_2582,docs/wellarchitected-framework.pdf,I could not find the answer in the provided documents.,0,0.0,0,0.00604934723292526,1,1,0,1,0,1
8e6a2d1a-d414-487a-9138-861a1ebfff22,Why does the media type registry disallow parameters named 'q'?,Use of the 'q' parameter name to control content negotiation would interfere with any media type parameter having the same name.,"""The use of the 'q' parameter name to control content negotiation would interfere with any media type parameter having the same name. Hence, the media type registry disallows parameters named 'q'.""",requirement,hard,docs/rfc9110.pdf_chunk_394,docs/rfc9110.pdf,"The media type registry disallows parameters named ""q"" because its use for controlling content negotiation would interfere with any media type parameter having the same name, and it is more easily deployed through new header fields. Senders using weights send ""q"" last (after all media-range parameters). Recipients process any parameter named ""q"" as weight, regardless of parameter ordering.",1,0.4,1,0.8253378291211453,0,0,1,1,1,0
8e819d57-f0d8-49f6-b0ea-8ffdb052d626,What method is used to confirm end-user logout?,"By obtaining explicit confirmation from the end-user or, if present, validating parameters in the logout request (initiated by the relying party), such as the ‘id_token_hint’.","logout. By obtaining explicit confirmation from the end-user or, if present, validating parameters in the logout request (initiated by the relying party), such as the 'id_token_hint'.",procedure,easy,docs/OWASP_Application_Security_Verification_Standard_5.0.0_en (1).pdf_chunk_258,docs/OWASP_Application_Security_Verification_Standard_5.0.0_en (1).pdf,"Based on the provided context, one method used to confirm end-user logout is by displaying an explicit logout message to users. This is discussed in the control enhancement ""SESSION TERMINATION | TERMINATION MESSAGE,"" which states that such messages can be displayed after authenticated sessions have been terminated.",1,0.0,1,0.7569770969160904,1,1,1,1,1,0
8e9acbf3-a78f-45d1-89ca-27f39dc64577,What condition must a server meet to omit sending a 100 (Continue) response?,"A server  omit sending a 100 (Continue) response if it has already received some or all of the content for the corresponding request, or if the framing indicates that there is no content.","A server  omit sending a 100 (Continue) response if it has already received some or all of the content for the corresponding request, or if the framing indicates that there is no content.",requirement,easy,docs/rfc9110.pdf_chunk_326,docs/rfc9110.pdf,"A proxy need not forward the corresponding 100 (Continue) response(s) if it itself requested the generation of the 1xx response. For example, if a proxy adds an ""Expect: 100-continue"" header field when it forwards a request, then it need not forward the corresponding 100 (Continue) response(s).",1,0.0,1,0.511582051457672,0,0,1,1,1,0
8fa4bfe6-abcd-4100-b430-136fb9ce97a0,Who should be alerted upon detection of unauthorized activities according to AU-9?,[Assignment: organization-defined personnel or roles].,"""b. Alert [Assignment: organization-defined personnel or roles] upon detection of unauthorized""",identifier,easy,docs/NIST.SP.800-53r5.pdf_chunk_540,docs/NIST.SP.800-53r5.pdf,"According to AU-9, the following personnel or roles should be notified when unauthorized components are detected:

(b) Take the following actions when unauthorized components are detected: [Selection (one or more): disable network access by such components; isolate the components; notify [Assignment: organization-defined personnel or roles]]. 

This indicates that the organization-defined personnel or roles should be alerted upon detection of unauthorized activities.",0,0.25,1,0.6556268330340466,1,1,0,1,1,0
8fdc00bd-e6f3-4db4-9c6b-153144671bba,What are some architectural patterns mentioned for supporting data access and storage characteristics?,"Global tables, data partitioning, and caching.","Understanding when to use global tables, data partitioning, and caching will help you decrease operational overhead and scale based on your workload needs.",identifier,medium,docs/wellarchitected-framework.pdf_chunk_3065,docs/wellarchitected-framework.pdf,"Some architectural patterns mentioned for supporting data access and storage characteristics include:

- Using a purpose-built data store that best supports your data access and storage requirements.
- Evaluating available configuration options for the data store.
- Collecting and recording performance metrics of the data store.
- Implementing strategies to improve query performance in the data store.
- Implementing data access patterns that utilize caching.

These practices help in selecting and optimizing the architecture based on data access and storage patterns, which can decrease development complexity and increase overall efficiency.",0,0.0,1,0.5306464572653938,1,1,0,1,1,0
91f5eeeb-3e37-456e-86db-b64af555a5b0,"What tool allows setting notifications and defining monthly budgets for AWS costs, usage, and commitment discounts?",AWS Budgets,"AWS Budgets allows you to set notiﬁcations and deﬁne monthly budgets for your AWS costs, usage, and commitment discounts (Savings Plans and Reserved Instances).",identifier,easy,docs/wellarchitected-framework.pdf_chunk_2692,docs/wellarchitected-framework.pdf,"The tool that allows setting notifications and defining monthly budgets for AWS costs, usage, and commitment discounts is AWS Budgets. This tool helps in tracking spending and usage awareness by configuring cost budgets within each account for smaller units based on your account structure, such as AWS Regions, workloads (using tags), or AWS services. It also supports configuring email distribution lists as recipients for notifications when an amount is exceeded or using forecasted budgets to notify on forecasted usage. Additionally, AWS Budgets can be used to set up budget actions that enforce specific IAM or SCP policies or stop target Amazon EC2 or Amazon RDS instances if needed.",0,0.16666666666666666,1,0.8635338424180291,1,1,0,1,1,0
9224f102-0043-4ec9-bb72-c5b244e183ca,What tool is recommended for staying up to date with security threats?,AWS Artifact,'Related tools: • AWS Artifact',identifier,easy,docs/wellarchitected-framework.pdf_chunk_857,docs/wellarchitected-framework.pdf,"The context recommends using AWS services that automatically incorporate new threat intelligence over time as a way to reduce overall effort and overhead in staying up to date. Specifically, Amazon GuardDuty is mentioned as an example of such a service that stays up to date with industry threat intelligence for detecting anomalous behaviors and threats.",0,0.0,1,0.45618778955949973,1,1,0,1,1,1
940b5e60-4ee9-4df3-9aee-83dc03c9e8aa,Who are the contributors mentioned in the text?,"Troy Marshall, Tanner Prynn, Nick K., Azeem Ilyas, Evo Stamatov, Tim Potter, Gavin Ray, monis, Marcin Hoppe, Grambulf, Jordan Pike, Jason Rogers, Ben Hall, JamesPoppyCock, WhiteHackLabs, Alex Gaynor, Filip van Laenen, jeurgen GraoMelo, Andreas Kurtz, Tom Tervoort, old man, Marco Schnüriger, stiiin infoseclearn, hljupkij Noe, Lyz, Martin Riedel, KIM Jaesuck, Barbara Schachner","Troy Marshall (troymarshall), Tanner Prynn (tprynn) Nick K. (nickific) raoul361 Azeem Ilyas (TheAxZim) Evo Stamatov (avioli) Tim Potter (timpotter87) Gavin Ray (GavinRay97) monis (demideus) Marcin Hoppe (MarcinHoppe) Grambulf (ramshazar) Jordan Pike (computersarebad) Jason Rogers (jason-invision) Ben Hall (benbhall) JamesPoppyCock (jamesly123) WhiteHackLabs Alex Gaynor (alex) Filip van Laenen (filipvanlaenen) jeurgen GraoMelo Andreas Kurtz (ay-kay) Tom Tervoort (TomTervoort) old man (deveras) Marco Schnüriger (marcortw) stiiin infoseclearn hljupkij Noe (nmarher) Lyz (lyz-code) Martin Riedel (mrtnrdl) KIM Jaesuck (tcaesvk) Barbara Schachner (bschach)",identifier,easy,docs/OWASP_Application_Security_Verification_Standard_5.0.0_en (1).pdf_chunk_423,docs/OWASP_Application_Security_Verification_Standard_5.0.0_en (1).pdf,"The contributors mentioned in the text include:

From the Application Security Verification Standard May 2025:
- Andrew van der Stock, Mike Boberski, Jeff Williams, and Dave Wichers (among numerous other contributors)
- Jim Manico

From AWS Well-Architected Framework:
- Brian Carlson, Ben Potter, Seth Eliot, Eric Pullen, Rodney Lester, Jon Steele, Max Ramsay, Callum Hughes, Ben Mergen, Chris Kozlowski, Alex Livingstone

From FISMA Implementation Project Leader and Joint Task Force Working Group:
- Victoria Pillitteri
- McKay Tolboe
- Dorian Pappas
- Kelley Dempsey
- Ehijele Olumese
- Lydia Humphries
- Daniel Faigin
- Naomi Lefkovitz
- Esten Porter
- Julie Nethery Snyder
- Christina Sames
- Christian Enloe
- David Black
- Rich Graubart
- Peter Duspiva
- Kaitlin Boeckl
- Eduardo Takamura
- Ned Goren
- Andrew Regenscheid
- Jon Boyens",1,0.0,1,0.2449753760953775,1,1,1,1,1,1
942f4650-e98d-4990-8413-99ca75083cf2,What monitoring methods should be established for resource constraints?,Establish monitoring and metrics methods to alert for resources reading close to their resource constraints.,• Establish monitoring and metrics methods to alert for resources reading close to their resource constraints. Leverage CloudWatch as appropriate for metrics or log monitoring.,procedure,easy,docs/wellarchitected-framework.pdf_chunk_1532,docs/wellarchitected-framework.pdf,"To establish monitoring methods for resource constraints, the following steps should be taken:

- **Leverage CloudWatch**: Use Amazon CloudWatch to monitor metrics and logs relevant to your resources. This tool provides detailed insights into how your AWS services are performing.

- **Set Alert Thresholds**: Define meaningful alert thresholds for each resource that has a constraint. These thresholds should be set based on the specific needs of the application or system, ensuring they provide adequate time to react when nearing capacity limits.

- **Create Workflows and Infrastructure Management Procedures**: Develop procedures to automatically change resource types if constraints are near utilization. This includes load testing new resource types as part of best practices to ensure that the transition does not negatively impact performance.

- **Monitor Independently**: Ensure that essential components of your workload are monitored independently so that failures can be detected and alerted on promptly, even when other parts of the system are functioning normally.

By implementing these monitoring methods, you can proactively manage resource constraints, reduce recovery times, and ensure high availability and performance of your workloads.",0,0.1111111111111111,1,0.7922833894325656,1,1,0,1,1,0
949763d6-412a-42d1-b307-353c85f4c762,What tools are mentioned for preventing data loss and leakage?,data loss and data leakage prevention tools,using data loss and data leakage prevention tools,identifier,easy,docs/NIST.SP.800-53r5.pdf_chunk_1823,docs/NIST.SP.800-53r5.pdf,"The context mentions several tools and techniques for preventing data loss and leakage:

1. **Data Loss and Data Leakage Prevention Tools**: These are explicitly stated as part of the methods to prevent data exfiltration.
2. **Traffic Profile Analysis**: This involves detecting deviations from expected traffic patterns, which can help in identifying potential data exfiltration attempts.
3. **Penetration Testing**: Conducting penetration tests can help identify vulnerabilities that could be exploited for data loss or leakage.
4. **Deep Packet Inspection Firewalls and XML Gateways**: These devices verify adherence to protocol formats at the application layer and can identify vulnerabilities not detectable by lower-layer devices, which is closely related to preventing exfiltration.

These tools and techniques work together to monitor and protect data both in transit and at rest, ensuring that sensitive information is safeguarded against unauthorized access or loss.",0,0.2,1,0.69624048951647,1,1,0,1,1,0
94a93634-0991-4279-b32d-e3ff77e25e26,How is account management addressed according to the text?,"This requirement focuses on account management for systems and applications. The definition and enforcement of access authorizations other than those determined by account type (e.g., privileged access, non-privileged access) are addressed in 03.01.02.","This requirement focuses on account management for systems and applications. The definition and enforcement of access authorizations other than those determined by account type (e.g., privileged access, non-privileged access) are addressed in 03.01.02.",requirement,medium,docs/NIST.SP.800-171r3.pdf_chunk_54,docs/NIST.SP.800-171r3.pdf,"According to the provided context, account management is addressed through several key processes and practices:

1. **Authorization of Access**: Access to the system should be authorized based on a valid access authorization, intended system usage, and any additional organization-defined attributes as required.

2. **Account Review for Compliance**: Accounts need to be reviewed regularly to ensure compliance with established account management requirements, at an organization-defined frequency.

3. **Change Management for Shared or Group Account Authenticators**: A process should be established and implemented for changing shared or group account authenticators when individuals are removed from the group.

4. **Alignment with Personnel Processes**: The account management processes should align with personnel termination and transfer processes to ensure smooth transitions in access rights.

5. **Account Types and Usage Conditions**: Different types of system accounts (individual, shared, group, etc.) are identified, and usage conditions for these accounts can be enforced based on organization-defined circumstances.

6. **Cost Management and Billing**: The context also discusses the use of AWS Organizations to manage multiple accounts effectively, including the use of management and payer accounts, cost allocation tags, and purchasing strategies like Reserved Instances (RI) and Savings Plans (SP).

7. **Security and Compliance**: There is an emphasis on validating authorizations and privileges with appropriate authorities to ensure compliance.

These practices collectively aim to maintain secure, compliant, and efficient account management within the organization's AWS environment.",0,0.0,1,0.6315078694300184,1,1,0,1,1,0
95f52bbe-6635-463f-8358-45dc87dbd48d,What does WebSocket provide in terms of communication?,WebSocket provides a simultaneous two-way communication channel over a single TCP connection.,WebSocket is a communications protocol that provides a simultaneous two-way communication channel over a single TCP connection.,definition,easy,docs/OWASP_Application_Security_Verification_Standard_5.0.0_en (1).pdf_chunk_155,docs/OWASP_Application_Security_Verification_Standard_5.0.0_en (1).pdf,"WebSocket provides a simultaneous two-way communication channel over a single TCP connection. This allows for real-time data exchange between the client and server, which is distinct from traditional HTTP, even though it can work over HTTP ports 443 and 80.",0,0.5,1,0.8780016169606174,1,1,0,0,1,0
9630eea4-6151-45e8-ace0-0f29fe91b4af,How does an effective incident handling capability involve coordination?,Among many organizational entities.,"""An effective incident handling capability includes coordination among many organizational entities""",procedure,medium,docs/NIST.SP.800-53r5.pdf_chunk_984,docs/NIST.SP.800-53r5.pdf,"An effective incident handling capability involves coordination among many organizational entities such as mission or business owners, system owners, human resources offices, procurement offices, personnel offices, physical security offices, senior agency information security officer, operations personnel, risk executive (function), senior agency official for privacy, and legal counsel. Additionally, organizations may require external support from federal, state, and local law enforcement agencies. Coordination is also necessary to correlate and share incident information with external organizations including mission or business partners, military or coalition partners, customers, developers, and other supply chain entities to achieve a cross-organization perspective on incident awareness and more effective incident responses.",0,0.0,1,0.8579601422754249,1,1,0,1,1,0
9870b095-6026-44ed-abc0-036808f59787,What are pre-defined IAM policies provided by AWS?,AWS Managed policies provide predeﬁned IAM policies that cover most common use cases.,AWS Managed policies provide predeﬁned IAM policies that cover most common use cases.,definition,easy,docs/wellarchitected-framework.pdf_chunk_982,docs/wellarchitected-framework.pdf,"Pre-defined IAM policies provided by AWS are known as AWS Managed Policies. These policies are predefined by AWS and can be attached to IAM users, groups, or roles to grant permissions for specific use cases or job functions. Examples of AWS Managed Policies include those designed for common tasks such as Amazon S3 bucket access, Amazon EC2 instance management, and more specialized roles like security administrators or data scientists.",0,0.4,1,0.8920529322981138,1,1,0,1,1,0
987ef914-f137-481b-af46-036680e75d23,How can you validate the integrity of your build environments?,You configure your pipelines to emit state so that the integrity of your build environments can be validated.,You configure your pipelines to emit state so that the integrity of your build environments can be validated.,procedure,easy,docs/wellarchitected-framework.pdf_chunk_1506,docs/wellarchitected-framework.pdf,"To validate the integrity of your build environments, you should:

1. **Validate Vendor Website Certificates**: Ensure that when downloading artifacts from vendor websites, their certificates are validated to ensure secure communication.

2. **Use Hashes for Integrity Verification**: Rely on hashes or digests provided by software developers and vendors to verify that downloaded artifacts have not been modified since the original version was released. However, note that this does not validate the source of the artifact.

3. **Sign Your Own Software, Code, or Libraries**: Even when these are only used in your own deployments, signing them can help safeguard against unauthorized running within your compute environments and secure your software supply chain.

4. **Use Trusted Registries for Dependencies**: Retrieve external dependencies such as container images and application libraries from trusted registries and verify their signatures. Store these in private registries to further protect your build infrastructure.

5. **Implement Secure One-Way Hashes**: Use developer-provided tools, techniques, and mechanisms to perform integrity checks on software and firmware components using secure one-way hashes.

6. **Establish Self-Analysis Mechanisms**: Implement self-analysis processes where lower-level components can attest to the trustworthiness of higher-level components in a hierarchical fashion. This helps establish a transitive chain of trust and detect unauthorized changes or errors.

By following these practices, you can significantly reduce the risk of executing malicious code or programs that contain unauthorized modifications.",0,0.0,1,0.5332136105699866,1,1,0,1,1,0
990346ec-cda2-4817-b224-f5f987c65ac5,What characteristics define a mobile device according to the provided text?,"A portable computing device that has a small form factor such that it can easily be carried by a single individual; is designed to operate without a physical connection (e.g., wirelessly transmit or receive information); possesses local, non-removable data storage; and is powered on for extended periods of time with a self-contained power source. Mobile devices may also include voice communication capabilities, on-board sensors that allow the device to capture (e.g., photograph, video, record, or determine location) information, and/or built-in features for synchronizing local data with remote locations.","mobile device A portable computing device that has a small form factor such that it can easily be carried by a single individual; is designed to operate without a physical connection (e.g., wirelessly transmit or receive information); possesses local, non-removable data storage; and is powered on for extended periods of time with a self-contained power source. Mobile devices may also include voice communication capabilities, on-board sensors that allow the device to capture (e.g., photograph, video, record, or determine location) information, and/or built-in features for synchronizing local data with remote locations.",definition,hard,docs/NIST.SP.800-53r5.pdf_chunk_2404,docs/NIST.SP.800-53r5.pdf,"According to the provided text, a mobile device is defined by several key characteristics:

1. It has a small form factor that allows it to be carried by a single individual.
2. It is designed to operate without a physical connection (e.g., can operate wirelessly).
3. It possesses local data storage that is either non-removable or removable.
4. It includes a self-contained power source.

These characteristics are consistent across multiple references in the provided context, emphasizing the portable nature and independent operation of mobile devices like smartphones and tablets.",0,0.6666666666666666,1,0.8570090578137844,0,0,0,0,1,0
9939a516-49b3-476a-878b-e0e9659237fd,How does the principle of reduced complexity apply in security analysis?,"For such analyses to be successful, a small and simple design is essential.","For such analyses to be successful, a small and simple design is essential.",procedure,hard,docs/NIST.SP.800-53r5.pdf_chunk_1747,docs/NIST.SP.800-53r5.pdf,"The principle of reduced complexity applies in security analysis by making the system design as simple and small as possible. This simplicity aids in understanding the correctness and completeness of system security functions, which is crucial for identifying potential vulnerabilities. A simpler design is easier to analyze, reducing the likelihood of errors and enabling more thorough security assessments. Consequently, such a design facilitates the identification of potential weaknesses, making it easier to ensure that the intended security policies are effectively implemented and maintained.",0,0.25,1,0.3719196448316741,1,1,0,1,1,1
9a22eb75-da5b-4af3-b7fc-d68965a9f839,Are manual procedures or automated mechanisms allowed for establishing and managing cryptographic keys according to NIST SP 800-171r3?,"Yes, both manual procedures and automated mechanisms supported by manual procedures are allowed.",Cryptographic keys can be established and managed using either manual procedures or automated mechanisms supported by manual procedures.,factual,easy,docs/NIST.SP.800-171r3.pdf_chunk_247,docs/NIST.SP.800-171r3.pdf,"According to NIST SP 800-171r3, cryptographic keys can be established and managed using either manual procedures or automated mechanisms supported by manual procedures. Organizations are required to satisfy key establishment and management requirements in accordance with applicable federal laws, Executive Orders, policies, directives, regulations, and standards that specify appropriate options, levels, and parameters.",0,0.0,1,0.8038800816248812,1,1,0,1,1,0
9a401a61-b885-4f5e-a5e8-67d6cfb22562,What is the purpose of automated flaw remediation status?,To determine if system components have applicable security-relevant software and firmware updates installed using [Assignment: organization-defined automated mechanisms] [Assignment: organization-defined frequency].,"[2, ""(2) FLAW REMEDIATION | AUTOMATED FLAW REMEDIATION STATUS\nDetermine if system components have applicable security-relevant software and firmware updates installed using [Assignment: organization-defined automated mechanisms] [Assignment: organization-defined frequency].""]",procedure,medium,docs/NIST.SP.800-53r5.pdf_chunk_2007,docs/NIST.SP.800-53r5.pdf,"Automated mechanisms can track and determine the status of known flaws for system components, which helps in measuring the time between flaw identification and remediation. This process is crucial for ensuring that security-relevant updates, such as patches and service packs, are applied promptly to address vulnerabilities. By incorporating flaw remediation into the organizational configuration management process, required actions can be tracked and verified, thereby enhancing overall cybersecurity posture.",0,0.2,1,0.6504538475565622,1,1,0,1,1,0
9af0c437-b4f3-48ec-bdbf-c8b030559684,What is required about the entropy of a reference token if it is used?,A reference token must possess at least 128 bits of entropy.,"# Description Level
7.2.3 Verify that if reference tokens are used to represent user sessions, they are unique and generated using a cryptographically secure pseudo-random number generator (CSPRNG) and possess at least 128 bits of entropy.",requirement,easy,docs/OWASP_Application_Security_Verification_Standard_5.0.0_en (1).pdf_chunk_204,docs/OWASP_Application_Security_Verification_Standard_5.0.0_en (1).pdf,"I could not find the answer in the provided documents.

The context does not provide specific information about the entropy requirements for a reference token. It discusses reference tokens generally, stating that they act as pointers or identifiers to state or metadata stored on a server and do not contain intrinsic information like self-contained tokens do. However, it does not specify any particular entropy requirements for reference tokens.",0,0.3333333333333333,1,0.618745451632728,1,1,0,1,1,0
9ca8f486-123b-43c7-982b-ffff782ad398,What might be needed if there is a requirement for managing throughput?,"If throughput management is needed, such devices are strategically located and deployed as part of an architecture.","If throughput management is needed, such devices are strategically located and deployed as part of an",factual,hard,docs/NIST.SP.800-53r5.pdf_chunk_2029,docs/NIST.SP.800-53r5.pdf,"If there is a requirement for managing throughput, approaches such as TCP tuning and optimized transfer protocols may be necessary. Additionally, using User Datagram Protocol (UDP) could be considered as it allows for high speed but does not offer retransmission or high reliability. These methods help in optimizing the application and end-user experience by selecting an appropriate protocol based on performance requirements.",0,0.0,1,0.46834732463300327,1,1,0,1,1,1
9d12fa51-d6e5-4c07-80e9-e799b3401d5d,"What document must contain approvals, consents, and detailed operational conditions regarding the use of foreign nationals for maintenance and diagnostic activities on classified systems?",Memoranda of Agreements.,"(b) Approvals, consents, and detailed operational conditions regarding the use of foreign nationals to conduct maintenance and diagnostic activities on classified systems are fully documented within Memoranda of Agreements.",identifier,easy,docs/NIST.SP.800-53r5.pdf_chunk_1072,docs/NIST.SP.800-53r5.pdf,"According to the context provided, approvals, consents, and detailed operational conditions regarding the use of foreign nationals to conduct maintenance and diagnostic activities on classified systems must be fully documented within Memoranda of Agreements.",0,1.0,1,0.9516864086391309,0,0,0,0,1,0
9eff5867-b9a9-4beb-ae1b-0934bfc9bc0c,What is defined as remote access in the discussion?,"Remote access is access to systems (or processes acting on behalf of users) that communicate through external networks, such as the internet.","Remote access is access to systems (or processes acting on behalf of users) that communicate through external networks, such as the internet.",definition,medium,docs/NIST.SP.800-171r3.pdf_chunk_83,docs/NIST.SP.800-171r3.pdf,"Remote access is defined as access to systems (or processes acting on behalf of users) that communicate through external networks, such as the internet. This type of network access involves communication through external networks and can increase the risk of unauthorized use and disclosure if not properly managed.",0,0.6666666666666666,1,0.9647227992159187,0,0,0,0,1,0
a05f5eb6-0a91-435a-bb5f-b31dbf608cf6,What is the first step recommended by AWS Well-Architected Framework for implementing access management?,Create permission sets in IAM Identity Center that represent different job roles or responsibilities within your organization.,5. Create permission sets in IAM Identity Center that represent diﬀerent job roles or responsibilities within your organization. Deﬁne the appropriate IAM policies and permissions for each permission set.,procedure,easy,docs/wellarchitected-framework.pdf_chunk_1065,docs/wellarchitected-framework.pdf,The first step recommended by AWS Well-Architected Framework for implementing access management is to receive only the access necessary to complete their tasks. This minimizes the risk associated with unauthorized access or misuse.,0,0.0,1,0.4115380837546518,0,0,0,1,1,1
a09b25c6-9d72-476f-b1f5-6bc2ff5a7390,"What conditions must be met for a client to use a validator in an If-Modified-Since, If-Unmodified-Since, or If-Range header field?",The client has a cache entry for the associated representation and that cache entry includes a Date value which is at least one second after the Last-Modified value and the client has reason to believe that they were generated by the same clock or that there is enough difference between the Last-Modified and Date values to make clock synchronization issues unlikely.,"Because the client has a cache entry for the associated representation, and That cache entry includes a Date value which is at least one second after the Last-Modified value and the client has reason to believe that they were generated by the same clock or that there is enough diﬀerence between the Last-Modiﬁed and Date values to make clock synchronization issues unlikely;",definition,medium,docs/rfc9110.pdf_chunk_256,docs/rfc9110.pdf,"For a client to use a validator in an If-Modified-Since, If-Unmodified-Since, or If-Range header field, the following conditions must be met according to the provided context:

1. **When the Validator is Used by a Client:**
   - The client has a cache entry for the associated representation.
   - That cache entry includes a Date value which is at least one second after the Last-Modified value.
   - The client has reason to believe that they were generated by the same clock or that there is enough difference between the Last-Modified and Date values to make clock synchronization issues unlikely.

2. **When an Intermediate Cache Compares Validators:**
   - The validator is being compared by an intermediate cache to the validator stored in its cache entry for the representation.
   - That cache entry includes a Date value which is at least one second after the Last-Modified value.
   - The cache has reason to believe that they were generated by the same clock or that there is enough difference between the Last-Modified and Date values to make clock synchronization issues unlikely.

These conditions ensure that the client or intermediate cache can effectively use validators in conditional requests, such as If-Modified-Since, If-Unmodified-Since, or If-Range, to optimize resource retrieval based on the last modification date of the representation.",1,0.375,1,0.672892615319008,1,1,1,1,1,0
a47a6574-98b8-4e90-8d90-a7d7733e8dd7,What are the two actions specified in AU-13 MONITORING FOR INFORMATION DISCLOSURE control?,a. Monitor [Assignment: organization-defined open-source information and/or information sites] [Assignment: organization-defined frequency] for evidence of unauthorized disclosure of organizational information; and b. If an information disclosure is discovered:,AU-13 MONITORING FOR INFORMATION DISCLOSURE Control: a. Monitor [Assignment: organization-defined open-source information and/or information sites] [Assignment: organization-defined frequency] for evidence of unauthorized disclosure of organizational information; and b. If an information disclosure is discovered:,procedure,hard,docs/NIST.SP.800-53r5.pdf_chunk_568,docs/NIST.SP.800-53r5.pdf,"According to the context provided, under the AU-13 MONITORING FOR INFORMATION DISCLOSURE control, the following two actions are specified:

a. Monitor [Assignment: organization-defined open-source information and/or information sites] [Assignment: organization-defined frequency] for evidence of unauthorized disclosure of organizational information; and

b. If an information disclosure is discovered:
1. Notify [Assignment: organization-defined personnel or roles]; and  
2. Take the following additional actions: [Assignment: organization-defined additional actions].",0,0.3333333333333333,1,0.8788329540294261,0,0,0,1,1,0
a4d5881c-d57a-4dc3-9fbf-8dccb202ccfc,What determines the frequency at which certain aspects are reviewed?,organization-defined frequency,"[Assignment: organization-defined frequency] to determine if the process, standards, tools, tool options and tool configurations selected and employed can satisfy the following security and privacy requirements.",definition,easy,docs/NIST.SP.800-53r5.pdf_chunk_1713,docs/NIST.SP.800-53r5.pdf,"The frequency at which certain aspects are reviewed is determined by factors such as:

- The importance to the organization, measured in terms of revenue or brand.
- The total cost of running the workload (including operation and resource costs).
- The complexity of the workload.
- How easy it is to implement a change.
- Any software licensing agreements.
- Whether a change would incur significant increases in licensing costs due to implementation.

Additionally, specific security requirements may also dictate different monitoring frequencies.",0,0.14285714285714285,1,0.6221964042329893,1,1,0,1,1,0
a59aac82-c711-4356-af2f-1dcb0d48ab09,What does OPSEC refer to in this context?,"OPSEC is Operations Security, which may be required for supply chain information.",Supply chain OPSEC may require,identifier,hard,docs/NIST.SP.800-53r5.pdf_chunk_2227,docs/NIST.SP.800-53r5.pdf,"In this context, OPSEC refers to Operations Security, which is a systematic process aimed at protecting unclassified information related to sensitive organizational activities. The primary goal of OPSEC is to deny potential adversaries information that could be used against the organization by identifying, controlling, and protecting critical information. This process involves five steps: identification of critical information, analysis of threats, analysis of vulnerabilities, assessment of risks, and application of appropriate countermeasures.

In the context of supply chains, OPSEC expands its scope to include suppliers and potential suppliers, focusing on safeguarding information that could be exploited by adversaries. It involves identifying critical supply chain information, analyzing friendly actions related to operations, determining indicators that adversaries might use to derive harmful information, and implementing safeguards or countermeasures to protect the confidentiality of this information.",0,1.0,1,0.6805778336995412,1,1,0,0,1,0
a65e6e79-1045-4691-b382-f872b987af6b,What must be identified before setting agreements between teams based on OPS02-BP02 and OPS02-BP03?,Process ownership and operations activities ownership,"""OPS02-BP02 Processes and procedures have identiﬁed owners - Process ownership must be 
identiﬁed before setting agreements between teams.""

""OPS02-BP03 Operations activities have identiﬁed owners responsible for their performance - 
Operations activities ownership must be identiﬁed before setting agreements between teams""",definition,medium,docs/wellarchitected-framework.pdf_chunk_366,docs/wellarchitected-framework.pdf,"Before setting agreements between teams, process ownership and operations activities ownership must be identified according to the best practices OPS02-BP02 and OPS02-BP03.",0,1.0,1,0.8525800725085839,0,0,0,0,1,0
a759b7ef-6bb5-4fc5-b569-f06fff66c33a,What must an organization do when it provides for the operation of a system of records to accomplish an organizational mission or function?,"The organization, consistent with its authority, causes the requirements of the [PRIVACT] to be applied to the system of records.","When, by contract, an organization provides for the operation of a system of records to accomplish an organizational mission or function, the organization, consistent with its authority, causes the requirements of the [PRIVACT] to be applied to the system of records.",requirement,easy,docs/NIST.SP.800-53r5.pdf_chunk_1548,docs/NIST.SP.800-53r5.pdf,"When an organization provides for the operation of a system of records to accomplish an organizational mission or function, the organization, consistent with its authority, causes the requirements of the [PRIVACT] (Privacy Act) to be applied to the system of records.",0,1.0,1,0.8152563674275829,0,0,0,0,1,0
a797d00c-aedc-492d-ad31-198fd381709d,Where can one find instructions for using temporary credentials with AWS resources?,Using temporary credentials with AWS resources in the IAM User Guide.,Following the instructions in Using temporary credentia ls with AWS resources in the IAM User Guide.,procedure,easy,docs/wellarchitected-framework.pdf_chunk_105,docs/wellarchitected-framework.pdf,"Instructions for using temporary credentials with AWS resources can be found in the following documents:

- For the AWS CLI: ""Login for AWS local development"" in the AWS Command Line Interface User Guide.
- For AWS SDKs, tools, and AWS APIs: ""IAM Identity Center authentication"" in the AWS SDKs and Tools Reference Guide.
- For AWS CLI to use AWS IAM Identity Center: ""Conﬁguring the AWS CLI to use AWS IAM Identity Center"" in the AWS Command Line Interface User Guide.
- For AWS SDKs, tools, and AWS APIs: ""IAM Identity Center authentication"" in the AWS SDKs and Tools Reference Guide.",1,0.2,1,0.6694390976239405,1,1,1,1,1,0
a7d1c55f-cc07-4d8b-bde5-591aca191733,How can separation of costs be achieved in AWS?,AWS Organizations or AWS Control Tower,"In AWS, you create an account structure with AWS Organizations or AWS Control Tower, which provides separation and assists in allocation of your costs and usage.",procedure,medium,docs/wellarchitected-framework.pdf_chunk_189,docs/wellarchitected-framework.pdf,"Separation of costs in AWS can be achieved through several methods as described in the context:

1. **AWS Cost Categories**: This feature allows you to categorize your spending based on specific criteria, helping to separate costs across different projects or teams.

2. **Using VPC Sharing for a Cost-Eﬀective Multi-Account Microservice Architecture**: By sharing Virtual Private Clouds (VPC) among multiple accounts, you can better manage and separate the costs associated with each microservice architecture.

3. **AWS Cost Explorer**: This tool provides detailed cost analysis and helps in separating costs by various dimensions such as services, regions, and more.

4. **Implementing AWS Budgets**: By setting up budgets for different accounts or workloads using tags, you can monitor and control spending across multiple accounts, effectively separating costs.

5. **Savings Plans and Reserved Instances**: These purchasing options allow you to commit to usage in exchange for discounts, which can be applied separately based on the needs of different teams or projects.

6. **Third-Party Solutions**: Utilizing third-party tools designed for cost management can also help in separating costs by providing detailed insights and reports tailored to specific business requirements.

By leveraging these methods, you can achieve a more granular separation of costs within your AWS environment, making it easier to track and manage expenses across different projects or teams.",0,0.125,1,0.6483568548490974,1,1,0,1,1,0
a860e37f-b4c7-4963-97d9-3db6035e2344,What is least privilege?,"Least privilege refers to a security practice where users are granted only those permissions necessary for their role or task, with no more.","least privilege.
Implementation steps",definition,easy,docs/wellarchitected-framework.pdf_chunk_1064,docs/wellarchitected-framework.pdf,"Least privilege is a security principle designed to ensure that each entity, including users and system processes, is granted the minimum system resources and authorizations necessary to perform its function. This approach minimizes potential damage from unauthorized access or malicious actions by limiting the scope of an entity's capabilities.

In practice, organizations apply least privilege in various aspects such as establishing system accounts with appropriate privileges, installing software, configuring access authorizations, setting up audit mechanisms, and managing vulnerability scanning parameters. The principle is also applied to system processes, ensuring they operate at the lowest necessary privilege level to accomplish organizational missions or business functions without exceeding those needs.

To achieve least privilege, organizations may create additional processes, roles, and accounts as needed. This ensures that security-relevant information such as threat and vulnerability data, configuration parameters for security services, cryptographic key management details, access control lists, and audit information are handled securely and efficiently.

The principle of least privilege is a fundamental aspect of secure system design, reflecting in all components' interfaces being available only to specific subsets of the user population. This ensures that each component's actions are limited to what is necessary for its function, thereby reducing the security impact of potential failures or misuse.",0,1.0,0,0.7084299367975871,1,1,0,0,0,0
a8c64722-9e97-4efc-af06-5fef53e6f966,What should teams do to ensure their members have the authority to take action when there is a predefined level of risk?,Acknowledge and create awareness that team members have authority to take action.,b. Acknowledge and create awareness that team members have authority to take action when the outcome has a predeﬁned level of risk.,requirement,easy,docs/wellarchitected-framework.pdf_chunk_386,docs/wellarchitected-framework.pdf,"Teams should define the series of people with increasing authority to take or approve action, as well as each stakeholder's contact information. This helps ensure that team members know who can help facilitate decentralized decisions and escalate risks appropriately until the team member is satisfied that the risk has been mitigated through actions driven from leadership.",0,0.0,1,0.7209533983684804,0,0,0,1,1,0
acc4f41a-ac27-4730-8132-c40884535768,What should be included as part of emergency access processes according to SEC10-BP02?,Emergency access processes should be included as part of your incident management plans.,• Include emergency access processes as part of your incident management plans (SEC10-BP02).,requirement,easy,docs/wellarchitected-framework.pdf_chunk_1014,docs/wellarchitected-framework.pdf,"According to SEC10-BP02, the following should be included as part of emergency access processes:

- Document how emergency events are tracked and communicated within the organization, including peer teams, leadership, customers, and business partners.
- Define the emergency access request process in existing service request workflows, ensuring it can be uniformly tracked with incident management systems.
- Verify that only authorized users can initiate emergency access processes, which should require approvals from peers or management as appropriate.
- Implement robust logging, monitoring, and alerting mechanisms for tracking emergency access attempts.",0,0.0,1,0.7982950907389316,1,1,0,1,1,0
ad65598c-ec0f-4d6e-b547-a8999df43133,What methods can personnel use to identify potentially suspicious emails?,"Receiving an unexpected email, receiving an email containing strange or poor grammar, or receiving an email from an unfamiliar sender that appears to be from a known sponsor or contractor.","Personnel are trained to look for indications of potentially suspicious email (e.g., receiving an unexpected email, receiving an email containing strange or poor grammar, or receiving an email from an unfamiliar sender that appears to be from a known sponsor or contractor).",identifier,easy,docs/NIST.SP.800-53r5.pdf_chunk_469,docs/NIST.SP.800-53r5.pdf,"Personnel can identify potentially suspicious emails by looking for several indicators, including:

- Receiving an unexpected email
- Receiving an email containing strange or poor grammar
- Receiving an email from an unfamiliar sender that appears to be from a known sponsor or contractor

These are the key methods mentioned in the context for identifying potentially suspicious emails.",0,1.0,1,0.914326651313185,0,0,0,0,1,0
ae60a31a-f508-47d5-9395-8dd4f3e108ec,What are some domains where security controls should be implemented according to the text?,"Security controls should be implemented across domains such as identity and access management (authentication and authorization), data protection (at rest and in transit), infrastructure security, logging, and monitoring.","For security control mitigations for the AWS services themselves, you want to consider implementing security controls across domains, including domains such as identity and access management (authentication and authorization), data protection (at rest and in transit), infrastructure security, logging, and monitoring.",factual,medium,docs/wellarchitected-framework.pdf_chunk_891,docs/wellarchitected-framework.pdf,"According to the provided context, a security domain is defined as ""a domain that implements a security policy and is administered by a single authority."" The text does not explicitly list specific domains but implies that security controls should be implemented across various information systems and organizations. Therefore, while the exact domains are not specified, it can be inferred that security controls should be implemented in any environment or system where a security policy needs to be enforced and managed by a single authority.",0,0.5,1,0.5720108222544021,1,1,0,0,1,0
ae750b63-f88a-47a0-bb6f-85f5b592b394,What are security and privacy attributes according to the given text?,Security and privacy attributes can be explicitly or implicitly associated with the information contained in organizational systems or system components. Attributes are abstractions that represent the basic properties or characteristics of an entity with respect to security and privacy.,[Discussion: Security and privacy attributes can be explicitly or implicitly associated with the information contained in organizational systems or system components. Attributes are abstractions that represent the basic properties or characteristics of an entity with respect to],definition,hard,docs/NIST.SP.800-53r5.pdf_chunk_1882,docs/NIST.SP.800-53r5.pdf,"According to the given text, security and privacy attributes represent the basic properties or characteristics of an entity with respect to protecting information or managing personally identifiable information. These attributes can be explicitly or implicitly associated with the information contained in organizational systems or system components. They are used to implement access control and information flow control policies, reflect special dissemination, management, or distribution instructions, including permitted uses of personally identifiable information, and support other aspects of information security and privacy policies. Privacy attributes may be used independently or in conjunction with security attributes.",0,0.16666666666666666,1,0.9437389588210037,1,1,0,1,1,0
aeacbe7e-3a51-4dcb-a61a-ab00af16cb80,What are the adverse impacts of skewed utilization in either direction?,"degraded performance due to over-utilization, or wasted AWS expenditures (due to over-provisioning)","A skewed utilization metric in either direction has an adverse impact on your organization, in either operational costs (degraded performance due to over-utilization), or wasted AWS expenditures (due to over-provisioning).",definition,easy,docs/wellarchitected-framework.pdf_chunk_200,docs/wellarchitected-framework.pdf,"Skewed utilization in either direction can have adverse impacts on your organization. Specifically:

- Over-utilization can degrade performance due to excessive strain on resources, potentially leading to service disruptions or poor user experience.
- Underutilization can result in wasted AWS expenditures as you are paying for resources that are not being fully utilized, which is a form of cost inefficiency.

Both scenarios can negatively affect operational costs and overall resource efficiency.",0,1.0,1,0.8838949933075351,0,0,0,0,1,0
af9b3926-8540-4867-aa83-15b7e104781a,What are the potential risks when a client ignores the server's identity?,it must be understood that this leaves a connection open to active attack.,"In special cases, it might be appropriate for a client to simply ignore the server's identity, but it must be understood that this leaves a connection open to active attack.",factual,hard,docs/rfc9110.pdf_chunk_100,docs/rfc9110.pdf,"If a client simply ignores the server's identity, it leaves the connection open to active attack. This means that an attacker could potentially impersonate the server and conduct malicious activities without the client being able to verify the server's authenticity.",0,1.0,1,0.9229192829959593,0,0,0,0,1,0
b17803e6-9c1f-4ae6-aee8-683caf2c0cd5,What specific measure does the text suggest for Java Naming and Directory Interface (JNDI) queries?,The application should appropriately sanitize untrusted input before use in Java Naming and Directory Interface (JNDI) queries.,Verify that the application appropriately sanitizes untrusted input before use in Java Naming and Directory Interface (JNDI) queries and that JNDI is configured securely to prevent JNDI injection attacks.,procedure,easy,docs/OWASP_Application_Security_Verification_Standard_5.0.0_en (1).pdf_chunk_110,docs/OWASP_Application_Security_Verification_Standard_5.0.0_en (1).pdf,I could not find the answer in the provided documents.,0,1.0,1,0.10929262770248568,0,0,0,0,1,1
b17e16e1-5853-4587-bf42-376d3a48dcbb,What is the purpose of the Via header field in a TRACE request?,It acts as a trace of the request chain.,"""The value of the Via header field (Section 7.6.3) is of particular interest, since it acts as a trace of the request chain.""",definition,easy,docs/rfc9110.pdf_chunk_320,docs/rfc9110.pdf,"The Via header field in a TRACE request indicates the presence of intermediate protocols and recipients between the client and the server (on requests) or between the origin server and the client (on responses). It helps in tracking message forwards, avoiding request loops, and identifying the protocol capabilities of senders along the request/response chain.",0,0.16666666666666666,1,0.7557336721689352,1,1,0,1,1,0
b40ef491-9213-451c-8eed-02dabbe2e374,How should field access be considered in relation to user permissions?,this should be considered in the context of the field-level access control requirement in the Authorization chapter,"Where field access depends on a user’s permissions, this should be considered in the context of the field-level access control requirement in the Authorization chapter.",requirement,medium,docs/OWASP_Application_Security_Verification_Standard_5.0.0_en (1).pdf_chunk_319,docs/OWASP_Application_Security_Verification_Standard_5.0.0_en (1).pdf,"Field access should be considered in the context of field-level access control requirements. This means that where field access depends on a user's permissions, this should be integrated into the overall authorization framework. Specifically, attribute-based access control policies can be used to define which users have permission to modify certain data fields. The application must ensure that data fields that should not be writable are not modified by user input (mass assignment) and that the API is selective about what data fields get returned based on the user's permissions. This aligns with broader authorization principles where access control decisions are enforced based on predefined attributes and rules.",0,0.5,1,0.7983178016763017,1,1,0,0,1,0
b6eb09c5-ec36-4793-826b-7befb4aef0d1,What does the term 'user agent' refer to?,any of the various client programs that initiate a request,"""The term ""user agent"" refers to any of the various client programs that initiate a request""",definition,easy,docs/rfc9110.pdf_chunk_54,docs/rfc9110.pdf,"The term ""user agent"" refers to any client program that initiates a request. This includes familiar entities like general-purpose Web browsers, as well as less obvious examples such as spiders (web-traversing robots), command-line tools, billboard screens, household appliances, scales, light bulbs, firmware update scripts, mobile apps, and communication devices in various forms.",0,0.6363636363636364,1,0.8623519386538718,1,1,0,0,1,0
b8b1d5d2-0848-44ad-b084-63a5cc361372,What is the fundamental design objective of minimizing specific portions of systems that provide information security?,The specific portions of systems that provide information security are of minimal size and complexity.,The fundamental design objective is that the specific portions of systems that provide information security are of minimal size and complexity.,definition,easy,docs/NIST.SP.800-53r5.pdf_chunk_1789,docs/NIST.SP.800-53r5.pdf,"The fundamental design objective of minimizing specific portions of systems that provide information security is to make those specific portions as minimal in size and complexity as possible. This focus on reducing complexity helps designers and implementers concentrate only on functions necessary for providing the desired security capability, typically related to access enforcement. By doing so, it reduces the amount of code that needs to be trusted to enforce security policies, thereby contributing to increased understandability and security.",0,1.0,1,0.8025353132060263,1,1,0,0,1,0
b92ca9b8-812e-4bf6-b273-e1a867f35904,Which character set was historically used for field content in HTTP?,ISO-8859-1,"Historically, HTTP allowed ﬁeld content with text in the ISO-8859-1 charset , supporting other charsets only through use of  encoding.",definition,medium,docs/rfc9110.pdf_chunk_113,docs/rfc9110.pdf,"Historically, HTTP allowed field content with text in the ISO-8859-1 charset, supporting other charsets only through use of encoding.",0,1.0,1,0.9467371060197929,0,0,0,0,1,0
bba3adfd-5180-4aac-9782-f42c0f096386,What is a trust anchor in cryptographic systems with a hierarchical structure?,"A trust anchor is an authoritative source (i.e., a certificate authority) for which trust is assumed and not derived.","In cryptographic systems with a hierarchical structure, a trust anchor is an authoritative source (i.e., a certificate authority) for which trust is assumed and not derived.",definition,easy,docs/NIST.SP.800-53r5.pdf_chunk_1888,docs/NIST.SP.800-53r5.pdf,"A trust anchor in cryptographic systems with a hierarchical structure is an authoritative source (i.e., a certificate authority) for which trust is assumed and not derived. A root certificate for a PKI system is an example of a trust anchor.",0,1.0,1,0.931120436055107,0,0,0,0,1,0
bbcc16b5-46eb-4129-8967-96332f865de8,What type of software is recommended to reduce licensing costs according to the text?,Open-source software.,"Open-source software eliminates software licensing costs, which can contribute signiﬁcant costs to workloads.",definition,easy,docs/wellarchitected-framework.pdf_chunk_2806,docs/wellarchitected-framework.pdf,"According to the text, open-source software is recommended to reduce licensing costs. The passage suggests reviewing license options for available software and favoring open-source versions that offer the required functionality at a lower cost. Additionally, it mentions using open-source software on AWS to minimize license costs and notes that this can have a significant impact on workload costs as the size of the workload scales.",0,0.2,1,0.7606813648387146,0,0,0,1,1,0
bca99061-a902-4d0c-8f1a-3b1953908609,What types of examinations are included in a technical surveillance countermeasures survey?,"Visual, electronic, and physical examinations.","[... include visual, electronic, and physical examinations of surveyed facilities, internally and externally. ...]",factual,easy,docs/NIST.SP.800-53r5.pdf_chunk_1491,docs/NIST.SP.800-53r5.pdf,"A technical surveillance countermeasures survey includes visual, electronic, and physical examinations of surveyed facilities, both internally and externally. These surveys also provide evaluations of the technical security posture of organizations and facilities, which can be useful for risk assessments and identifying potential organizational exposure to adversaries.",0,0.5714285714285714,1,0.5306106257371254,1,1,0,0,1,0
bebb9b70-a5c2-441c-bf1f-ab01bd5d5499,What tool is mentioned for monitoring end-to-end tracing in the AWS Well-Architected Framework?,Amazon CloudWatch Dashboards,Using Amazon CloudWatch Dashboards,identifier,easy,docs/wellarchitected-framework.pdf_chunk_1868,docs/wellarchitected-framework.pdf,The tool mentioned for monitoring end-to-end tracing in the AWS Well-Architected Framework is AWS X-Ray.,0,0.0,1,0.4500193624875552,1,1,0,1,1,1
bfba75de-e2f6-4264-bfad-7ed72b79fa06,What is the condition for some material in this document to be under a different license than the IETF Trust's?,The person(s) controlling the copyright in some of this material may not have granted the IETF Trust the right to allow modifications of.,"This document may contain material from IETF Documents or IETF Contributions published or made publicly available before November 10, 2008. The person(s) controlling the copyright in some of this material may not have granted the IETF Trust the right to allow modiùfications of",procedure,hard,docs/rfc9110.pdf_chunk_3,docs/rfc9110.pdf,"The condition for some material in this document to be under a different license than the IETF Trust's is that it was extracted from IETF Documents or IETF Contributions published or made publicly available before November 10, 2008. Specifically, the document states: ""This document may contain material from IETF Documents or IETF Contributions published or made publicly available before November 10, 2008. The person(s) controlling the copyright in some of this material may not have granted the IETF Trust the right to allow modifications of such material outside the IETF Standards Process.""",0,0.6666666666666666,1,0.8835685699114634,0,0,0,0,1,0
c0522fa3-d8e2-4864-bd8f-a6338884a1ff,What does the establishment of specific configuration settings become part of?,the system’s configuration baseline,subsequently derive specific configuration settings for the system. The established settings become part of the system’s configuration baseline.,factual,easy,docs/NIST.SP.800-171r3.pdf_chunk_132,docs/NIST.SP.800-171r3.pdf,The establishment of specific configuration settings becomes part of the configuration baseline for the system.,0,1.0,1,0.9063263940261488,0,0,0,0,1,0
c32b8a17-036a-47d1-a62d-4de76fe7ec81,What is the purpose of SR-08 Notification Agreements as stated in the text?,,SR-08 Notification Agreements NCO —,requirement,hard,docs/NIST.SP.800-171r3.pdf_chunk_412,docs/NIST.SP.800-171r3.pdf,"The purpose of SR-8 Notification Agreements, as stated in the text, is to establish agreements and procedures with entities involved in the supply chain for the system, system component, or system service. These agreements facilitate communications among supply chain entities and are essential for early notification of compromises and potential compromises that could potentially adversely affect organizational systems or components. This helps organizations effectively respond to such incidents.",0,0.0,1,0.6964621882431489,1,1,0,1,1,0
c3862bcb-e4d5-4cb2-a0bf-ab0fbedad3b0,What is one way to manage capacity as mentioned in the provided text?,"Establishing selected usage priorities, quotas, partitioning, or load balancing","Managing capacity includes establishing selected usage priorities, quotas, partitioning, or load balancing.",procedure,easy,docs/NIST.SP.800-53r5.pdf_chunk_1800,docs/NIST.SP.800-53r5.pdf,"One way to manage capacity, as mentioned in the provided text, is to rightsize instances using the rightsizing recommendations from AWS tools. This involves making adjustments on your workload using tools like AWS Cost Explorer or AWS Compute Optimizer to identify opportunities for optimization.",0,0.0,1,0.6018579974509325,1,1,0,1,1,0
c41e2227-f151-4a5a-a9ba-f8e930cf26e0,What is AWS Health used for in the context of AWS Well-Architected best practices?,AWS Health is the authoritative source of information about planned lifecycle events and other action-required events that affect the health of your AWS Cloud resources.,'AWS Health is the authoritative source of information about planned lifecycle events and other action-required events that aﬀect the health of your AWS Cloud resources.',definition,medium,docs/wellarchitected-framework.pdf_chunk_513,docs/wellarchitected-framework.pdf,"AWS Health is used as an authoritative source of information about planned lifecycle events and other action-required events that affect the health of your AWS Cloud resources. This helps in maintaining the overall status and performance of workloads, ensuring they remain compliant with governance requirements and addressing potential risks proactively.",0,0.4,1,0.9286041046383854,0,0,0,1,1,0
c4a2cdb2-1cbc-4327-997b-b0138efc8172,What type of blog post is the 'Build private and secure enterprise generative AI apps with Amazon Q Business and AWS IAM Identity Center' reference?,not explicitly stated in the text,Build private and secure enterprise generative AI apps with Amazon Q Business and AWS IAM Identity Center,requirement,hard,docs/wellarchitected-framework.pdf_chunk_312,docs/wellarchitected-framework.pdf,"The context provided does not specify the exact type of blog post for ""Build private and secure enterprise generative AI apps with Amazon Q Business and AWS IAM Identity Center."" Therefore, I could not find the answer in the provided documents.",0,0.0,1,0.9047600677484591,0,0,0,1,1,0
c4c015a8-5616-4adb-8aac-3d040488dad6,What is the purpose of using Amazon CloudWatch Logs Live Tail?,Use Amazon CloudWatch Logs Live Tail to view log data in real-time.,4. Monitor logs in real-time with Live Tail: Use Amazon CloudWatch Logs Live Tail to view log data in real-time.,definition,easy,docs/wellarchitected-framework.pdf_chunk_663,docs/wellarchitected-framework.pdf,"The purpose of using Amazon CloudWatch Logs Live Tail is to view log data in real-time, allowing for active monitoring of your application's operational activities as they occur. This provides immediate visibility into system performance and potential issues.",0,0.3333333333333333,1,0.8743395613312648,1,1,0,1,1,0
c520c893-9559-4b6f-9962-ba5a569de9be,What does the text suggest about data consistency across different systems?,enforces consistency of the data across different systems.,enforces consistency of the data across diﬀerent systems.,definition,easy,docs/wellarchitected-framework.pdf_chunk_3107,docs/wellarchitected-framework.pdf,"The text suggests that communication protocols and distributed data consistency mechanisms help to ensure consistent policy enforcement across a distributed system. This is important for maintaining security policies when implementing them in a distributed or system-of-systems environment, as it can lead to unexpected or emergent results if not properly managed.",0,0.0,1,0.6480846083578039,1,1,0,1,1,0
c521054a-b233-4f48-b047-a2d29913fb04,What should be included in a code review checklist or guidelines according to the AWS Well-Architected Framework?,"The evidence is not explicitly provided in the text, but it would include what should be reviewed.","""3. Deﬁne a code review checklist and guidelines:
• Create a code review checklist or guidelines that outline what should be reviewed. Consider""",identifier,hard,docs/wellarchitected-framework.pdf_chunk_1483,docs/wellarchitected-framework.pdf,"According to the AWS Well-Architected Framework, a code review checklist or guidelines should outline what should be reviewed and consider factors such as:

- Code quality
- Security vulnerabilities
- Adherence to coding standards
- Performance

These elements are crucial for ensuring that the code meets both functional requirements and security best practices during the development process.",0,0.0,1,0.6464713116022786,1,1,0,1,1,0
c534ea0c-4253-47ba-bcb2-22e40834b88b,What are the steps to set up a regular cycle for cost optimization according to the text?,"Set up a regular cycle to discuss and analyze the efficiency of the workload. Using the metrics established, report on the metrics achieved and the cost of achieving them. Identify and fix any negative trends, and identify positive trends to promote.","""Report on cost optimization: Set up a regular cycle to discuss and analyze the eﬃciency of the workload. Using the metrics established, report on the metrics achieved and the cost of achieving them. Identify and ﬁx any negative trends, and identify positive trends to promote""",procedure,hard,docs/wellarchitected-framework.pdf_chunk_2617,docs/wellarchitected-framework.pdf,"Based on the provided context, setting up a regular cycle for cost optimization involves several key steps:

1. **Identify Organization Requirements**: Understand your organization's business needs and existing commitments.
2. **Perform Cost Modeling**: Create an overall cost model of the workload and each of its components.
3. **Benchmark Activities**: Run benchmark activities under different predicted loads to compare costs.
4. **Use Cost Management Tools**: Apply recommendations from cost management tools, possibly supplemented with custom business rules to achieve high returns.
5. **Analyze Each Component**: Determine if components will run for extended periods (for commitment discounts) or be dynamic and short-running (for spot or on-demand).
6. **Implement Pricing Models**: Ensure all components of the workload have appropriate pricing models applied.
7. **Work with Teams**: Collaborate with your teams to choose regions based on cost, select third-party agreements with cost-efficient terms, and implement these strategies effectively.

These steps should be regularly revisited as part of a continuous improvement process to ensure ongoing cost optimization.",1,0.1111111111111111,1,0.6017878299143135,1,1,1,1,1,0
c61bc529-7501-47ca-9c57-a94fcd0c9518,What does unstructured data refer to?,Unstructured data refers to digital information without a data structure or with a data structure that does not facilitate the development of rule sets to address the impact or classification level of the information conveyed by the data or the flow enforcement decisions.,Unstructured data refers to digital information without a data structure or with a data structure that does not facilitate the development of rule sets to address the impact or classification level of the information conveyed by the data or the flow enforcement decisions.,definition,easy,docs/NIST.SP.800-53r5.pdf_chunk_294,docs/NIST.SP.800-53r5.pdf,"Unstructured data refers to digital information without a data structure or with a data structure that does not facilitate the development of rule sets to address the impact or classification level of the information. Examples include bitmap objects that are inherently non-language-based (such as image, video, or audio files) and textual objects based on written or printed languages.",0,0.3333333333333333,1,0.9399787686490169,0,0,0,1,1,0
c62c0a59-ab2b-41e3-a427-2d537d14539c,What regular actions should be taken regarding the team size and skills?,"Regularly evaluate team size and skills as operating conditions and the workload change, adjust team size and skills to match operational requirements, and verify the ability and capacity to address planned lifecycle events, unplanned security issues, and other events.","3. Perform the following on a regular basis:
• Evaluate team size and skills as operating conditions and the workload change.
• Adjust team size and skills to match operational requirements.
• Verify ability and capacity to address planned lifecycle events, unplanned security, and",factual,medium,docs/wellarchitected-framework.pdf_chunk_598,docs/wellarchitected-framework.pdf,I could not find the answer in the provided documents.,0,0.0,1,0.14477409442593997,1,1,0,1,1,1
c667e930-6879-4194-bd44-c08917dea68e,What are some criteria mentioned for authorization and personnel screening?,"Authorization and personnel screening criteria include clearances, background checks, citizenship, and nationality.","Authorization and personnel screening criteria include clearances, background checks, citizenship, and nationality.",definition,easy,docs/NIST.SP.800-53r5.pdf_chunk_1764,docs/NIST.SP.800-53r5.pdf,"Some criteria mentioned for authorization and personnel screening include:

1. **Screening Prior to Authorization**: Individuals must be screened before being authorized access to the system.
2. **Rescreening Based on Defined Conditions**: Rescreening is required in accordance with organization-defined conditions that necessitate rescreening, along with the frequency of such rescreening.
3. **Valid Access Authorizations**: Individuals must have valid access authorizations demonstrated by assigned official government duties.
4. **Personnel Security Criteria**: Individuals must satisfy personnel security criteria which reflect applicable laws, executive orders, directives, regulations, policies, standards, and guidelines.
5. **Nondisclosure Agreements**: Individuals must read, understand, and sign a nondisclosure agreement.
6. **Additional Screening Criteria for Special Protection Information**: For information requiring special protection, individuals must also satisfy organization-defined additional personnel screening criteria.

These criteria are essential to ensure the trustworthiness of individuals accessing systems that process, store, or transmit sensitive information.",0,0.3333333333333333,1,0.7460619375252596,1,1,0,1,1,0
c67154c0-7578-4a9a-964d-3e2fd6a75a5f,What is an example of a technology that can support both reads and writes with frequent access patterns?,Amazon S3,"Type Technology Key characteristics
Object storage Amazon S3 An object storage service with unlimited scalabili",identifier,hard,docs/wellarchitected-framework.pdf_chunk_3080,docs/wellarchitected-framework.pdf,"An example of a technology that can support both reads and writes with frequent access patterns is Amazon DynamoDB. It supports strongly consistent reads and can scale dynamically, making it suitable for workloads with high read and write frequencies.",0,0.0,1,0.4389279130763956,1,1,0,1,1,1
c6734bcc-79eb-49d0-9d71-b48a627d11ed,What type of credentials are considered the most secure according to the provided text?,"Credentials that do not have to be stored, managed, or handled.","The most secure credential is one that you do not have to store, manage, or handle.",definition,easy,docs/wellarchitected-framework.pdf_chunk_930,docs/wellarchitected-framework.pdf,"According to the provided context, cryptographically protected passwords, which include salted one-way cryptographic hashes of passwords, are considered more secure compared to shorter passwords. The context suggests that longer passwords are preferable over shorter ones and that enforced composition rules provide marginal security benefits while decreasing usability. However, organizations may choose to establish certain rules for password generation under certain circumstances and can enforce this requirement in IA-5(1)(h).",0,0.0,1,0.28675023093271257,1,1,0,1,1,1
c697d53b-d6b0-40ef-b802-42a142cf8ce0,What is required to be designated according to the text for managing physical and environmental protection policy and procedures?,An [Assignment: organization-defined official] must be designated.,"[b. Designate an [Assignment: organization-defined official] to manage the development, documentation, and dissemination of the physical and environmental protection policy and procedures;]",requirement,easy,docs/NIST.SP.800-53r5.pdf_chunk_1127,docs/NIST.SP.800-53r5.pdf,"According to the provided context, an organization-defined official needs to be designated to manage the development, documentation, and dissemination of the physical and environmental protection policy and procedures.",0,1.0,1,0.8232887398908313,0,0,0,0,1,0
c7167110-b305-456a-9d82-53b2821102c6,What is one of the processes suggested for improvement opportunities according to the text?,Automate where appropriate.,"• Explore improvement opportunities in your systems and processes, and automate where appropriate.",factual,easy,docs/wellarchitected-framework.pdf_chunk_799,docs/wellarchitected-framework.pdf,"One of the processes suggested for improvement opportunities according to the text is to explore best practices, patterns, and prescriptive guidance to simplify and standardize improvements.",0,0.0,1,0.5744711807570732,1,1,0,1,1,0
c7ae8472-ee14-4326-bc5b-9b656192fd7a,Under which condition should the RWS rule be used according to the text?,At least one linear whitespace octet is required to separate field tokens.,"""The RWS rule is used when at least one linear whitespace octet is required to separate field tokens.""",requirement,medium,docs/rfc9110.pdf_chunk_123,docs/rfc9110.pdf,"According to the context, the RWS rule should be used when at least one linear whitespace octet is required to separate field tokens.",0,1.0,1,0.9380754944359463,0,0,0,0,1,0
c820bbb5-948b-47b7-82bb-d462a68321f5,What are two functions that accountability and traceability serve?,tracing actions to particular entities and providing additional information for event analysis.,"""Associating specific actions with system entities, and ultimately with users, and making the audit trail secure against unauthorized access and modifications provide non-repudiation because once an action is recorded, it is not possible to change the audit trail. Another important function that accountability and traceability serves is in the routine and forensic analysis of events associated with the violation of security policy.""",procedure,hard,docs/NIST.SP.800-53r5.pdf_chunk_1620,docs/NIST.SP.800-53r5.pdf,"Accountability and traceability serve two primary functions:

1. They enable tracing security-relevant actions to the entity on whose behalf the action is being taken.
2. They provide non-repudiation by recording details about actions that affect system security, making it difficult or impossible to change the audit trail once an action is recorded.",0,0.5,1,0.9028468675182593,0,0,0,0,1,0
c8fcd449-b62e-4c60-b04e-5a06cb906666,What are some common anti-patterns in implementing security controls according to AWS Well-Architected Framework?,The text does not provide specific examples of common anti-patterns.,"""Common anti-patterns:""",identifier,hard,docs/wellarchitected-framework.pdf_chunk_850,docs/wellarchitected-framework.pdf,"Some common anti-patterns in implementing security controls according to the AWS Well-Architected Framework include:

1. Making changes to standard security controls manually, through a web console or command-line interface.
2. Relying on individual workload teams to manually implement controls defined by a central team.
3. Relying on a central security team to deploy workload-level controls at the request of a workload team.
4. Allowing the same individuals or teams to develop, test, and deploy security control automation scripts without proper separation of duties or checks and balances.

These anti-patterns can lead to inconsistencies, increased risk, and reduced effectiveness in securing workloads.",0,0.0,1,0.3917669709364925,1,1,0,1,1,1
c99e05ac-b3c2-459d-953c-4ddde0578f89,What is the purpose of selecting specific locations for resources in terms of network performance?,Selection of this location influences network latency and throughput from a given user location.,Selection of this location influences network latency and throughput from a given user location.,factual,easy,docs/wellarchitected-framework.pdf_chunk_2488,docs/wellarchitected-framework.pdf,"The purpose of selecting specific locations for resources in terms of network performance is to reduce latency and improve throughput, thereby providing an optimal user experience by reducing page load and data transfer times. By placing workloads close to their users, you can decrease the distance that network traffic must travel, which helps in delivering a better experience to remote users. This practice also decreases data movement across the network and reduces environmental impact.",0,0.625,1,0.7210155495506746,1,1,0,0,1,0
caa40ac7-e906-4056-993f-b0f78c9f1870,What is an example of a riskier approach some clients might take when attempting automatic retries?,"automatically retry a POST request if the underlying transport connection closed before any part of a response is received, particularly if an idle persistent connection was used.","Some clients take a riskier approach and attempt to guess when an automatic retry is possible. For example, a client might automatically retry a POST request if the underlying transport connection closed before any part of a response is received, particularly if an idle persistent connection was used.",definition,hard,docs/rfc9110.pdf_chunk_279,docs/rfc9110.pdf,"Some clients take a riskier approach and attempt to guess when an automatic retry is possible. For example, a client might automatically retry a POST request if the underlying transport connection closed before any part of a response was received, particularly if an idle persistent connection was used.",0,1.0,1,0.9996669083399987,0,0,0,0,1,0
cb030ca1-6b86-4d94-b8d3-848ed8cc5ed5,What uncertainty exists when deploying infrastructure as code (IaC)?,Uncertainty if the IaC runs successfully or causes impact to the resources.,• Your release contains infrastructure as code (IaC) that updates existing resources. You are unsure if the IaC runs successfully or causes impact to the resources.,factual,easy,docs/wellarchitected-framework.pdf_chunk_565,docs/wellarchitected-framework.pdf,"When deploying infrastructure as code (IaC), the uncertainty primarily lies in manual estimation of capacity to meet anticipated demand and implementing inflexible scaling policies. These practices do not adapt well to changing business requirements, traffic patterns, or new resource types, which can lead to potential issues such as under-provisioning or over-provisioning resources. This can result in suboptimal performance, increased costs, or even service disruptions if the infrastructure is unable to handle varying loads effectively.",0,0.0,1,0.568150841971983,0,0,0,1,1,0
cce322a5-501f-478d-b6c2-9459e463296c,Can a 404 response be cached?,"A 404 response is heuristically cacheable; i.e., unless otherwise indicated by the method definition or explicit cache controls.","A 404 response is heuristically cacheable; i.e., unless otherwise indicated by the method deﬁnition or explicit cache controls (see ).Section 4.2.2 of [CACHING]",definition,medium,docs/rfc9110.pdf_chunk_545,docs/rfc9110.pdf,"A 404 response can be heuristically cached, as indicated in the provided context. This means that unless otherwise indicated by the method definition or explicit cache controls, a 404 response is allowed to be stored by a cache for potential reuse in answering subsequent requests.",0,1.0,1,0.9302864380256436,0,0,0,0,1,0
ccf03490-4bce-4753-9ed7-587eef7eaaef,What type of keys does AWS manage and use on behalf of the user?,controlled AWS KMS keys,"""controlled AWS KMS keys are managed and used on your behalf by AWS""",definition,easy,docs/wellarchitected-framework.pdf_chunk_1303,docs/wellarchitected-framework.pdf,"AWS manages both long-term and temporary security credentials for its users.

Long-term credentials, also known as long-term access keys, are used by IAM users or the AWS account root user. Temporary security credentials are recommended for API and CLI requests to AWS services, especially when federating to an AWS identity or assuming an IAM identity to make requests to AWS services. These temporary credentials should be used for machine identities running in your AWS environment, such as Amazon EC2 instances or AWS Lambda functions, as well as for managing programmatic access from external parties.

AWS also manages keys for encryption purposes through AWS Key Management Service (KMS). These KMS keys can be customer-managed or AWS-managed. Access to these KMS keys is controlled using key policies and IAM policies.",1,0.2,1,0.6790386680578073,1,1,1,1,1,0
cf618347-dfeb-4c51-bd1c-267e84077657,What can the analysis of behaviors in a deception environment provide?,"insight into adversarial tactics, techniques, and procedures.","If the organization maintains a deception environment, an analysis of behaviors in that environment, including resources targeted by the adversary and timing of the incident or event, can provide insight into adversarial tactics, techniques, and procedures.",definition,hard,docs/NIST.SP.800-53r5.pdf_chunk_1004,docs/NIST.SP.800-53r5.pdf,"The analysis of behaviors in a deception environment, including resources targeted by the adversary and the timing of the incident or event, can provide insight into adversarial tactics, techniques, and procedures.",0,1.0,1,0.9205660402133246,0,0,0,0,1,0
d4ef5144-44f2-46a5-b245-53a9b3d28626,Which controls are related to the given context?,"AC-3, AC-4, AC-25, SA-4, SA-5","Related Controls:  AC-3, AC-4, AC-25, SA-4, SA-5.",identifier,easy,docs/NIST.SP.800-53r5.pdf_chunk_1742,docs/NIST.SP.800-53r5.pdf,"Based on the provided context, the related controls section is stated as ""Control enhancements may also include a separate discussion section when the discussion information is applicable only to a specific control enhancement. The related controls section provides a list of controls from the control catalog that impact or support the implementation of a particular control or control enhancement, address a related security or privacy capability, or are referenced in the discussion section.""

However, the context explicitly states: ""Related Controls: None.""

Therefore, according to the given information, there are no specific controls related to the provided context.",1,0.0,1,0.3879208725855641,1,1,1,1,1,1
d5ea8f3d-0eab-4dab-8974-3d30da9607b5,What is a 'reverse proxy'?,reverse proxy,reverse proxy,identifier,easy,docs/rfc9110.pdf_chunk_738,docs/rfc9110.pdf,"A ""gateway"" (also known as a ""reverse proxy"") acts as an origin server for outbound connections but translates received requests and forwards them inbound to another server or servers. This type of intermediary is often used to encapsulate legacy or untrusted information, such as when Transport Layer Security (TLS) is used to establish confidential communication through a shared firewall proxy.",1,0.0,1,0.5160399567678476,1,1,1,1,1,0
d5faedcb-61fc-4259-9e74-44dbfb89aadc,What additional recovery flows are available to log into the AWS root user account?,access to the email address and phone number associated with your account,"""In addition to the normal authentication flow to log into your root user using a username, password, and multi-factor authentication (MFA) device, there are account recovery flows to log into your AWS account root user given access to the email address and phone number associated with your account""",factual,medium,docs/wellarchitected-framework.pdf_chunk_837,docs/wellarchitected-framework.pdf,"Additional recovery flows available to log into the AWS root user account include access using the email address and phone number associated with your account, in addition to the normal authentication flow which involves a username, password, and multi-factor authentication (MFA) device.",0,1.0,1,0.9562461214248732,0,0,0,0,1,0
d8789fe4-5aa4-42aa-a7b0-d9cde8c66ac2,What control is related to the concept of security certification?,CA-4 SECURITY CERTIFICATION,CA-4 SECURITY CERTIFICATION [Withdrawn: Incorporated into CA-2.],identifier,easy,docs/NIST.SP.800-53r5.pdf_chunk_619,docs/NIST.SP.800-53r5.pdf,I could not find the answer in the provided documents.,0,0.0,1,0.26920771948516237,0,0,0,1,1,1
da2bb590-b7fc-4c31-815a-162d0fbc7167,How are trailer fields processed when multiple lines with the same name are received?,Multiple trailer field lines with the same name have the equivalent semantics as appending the multiple values as a list of members.,"Like header fields, trailer fields with the same name are processed in the order received; multiple trailer field lines with the same name have the equivalent semantics as appending the multiple values as a list of members.",factual,easy,docs/rfc9110.pdf_chunk_160,docs/rfc9110.pdf,"When a field name is repeated within the trailer section, its combined field value consists of the list of corresponding field line values within that section, concatenated in order, with each field line value separated by a comma. For example, if there are two field lines for ""Example-Field"" in the trailer section, and their values are ""Foo, Bar"" and ""Baz"" respectively, then the combined field value for ""Example-Field"" would be ""Foo, Bar, Baz"".",1,1.0,1,0.7827729822797611,0,0,1,0,1,0
dabdf504-c1c9-4712-bce2-bb0814d6f7fe,What are some characteristics of a 204 response?,"A 204 response is terminated by the end of the header section; it cannot contain content or trailers. It is heuristically cacheable; i.e., unless otherwise indicated by the method definition or explicit cache controls.","A 204 response is terminated by the end of the header section; it cannot contain content or trailers. A 204 response is heuristically cacheable; i.e., unless otherwise indicated by the method definition or explicit cache controls (see ).Section 4.2.2 of [CACHING]",definition,medium,docs/rfc9110.pdf_chunk_504,docs/rfc9110.pdf,"Some characteristics of a 204 response include:

- It indicates that the server has successfully fulfilled the request.
- There is no additional content to send in the response content, hence it implies that the user agent does not need to traverse away from its current ""document view"" (if any).
- The response allows a server to indicate success while implying that the user agent should provide some indication of the success according to its own interface.
- It is commonly used with document editing interfaces corresponding to a ""save"" action, where the document remains available for further editing.
- Metadata in the response header fields refer to the target resource and its selected representation after the requested action was applied.",1,0.2,1,0.7707864909869551,1,1,1,1,1,0
dbd6f789-1e4f-4c84-b550-41740b5dd15a,What are the features of AWS Global Infrastructure?,The text does not provide a specific definition or description for the features of AWS Global Infrastructure.,AWS Global Infrastructure,factual,hard,docs/wellarchitected-framework.pdf_chunk_3115,docs/wellarchitected-framework.pdf,"AWS Global Infrastructure includes several key features designed to enhance performance, availability, and cost efficiency:

1. **Regions**: These are geographic areas where AWS operates data centers. Choosing the right Region can impact performance, cost, and compliance.

2. **Availability Zones (AZs)**: Within each Region, AZs provide fault isolation and ensure high availability of applications by distributing resources across multiple locations within a single AWS Region.

3. **AWS Global Accelerator**: This service helps reduce initial connection setup time for TCP/UDP workloads by establishing a TCP connection between the client and the AWS edge location closest to the client, thereby improving performance and providing quick failover capabilities in multi-Region architectures.

4. **Local Zones (LZs)**: These are data centers located closer to end users within an existing AWS Region, offering ultra-low latency for applications that require high responsiveness.

5. **AWS Outposts**: This service brings the full suite of AWS services on premises or at the edge, allowing customers to run their workloads in a local data center environment while still benefiting from the global reach and capabilities of AWS.

6. **AWS Wavelength Zones (WZs)**: These are dedicated slices of compute capacity within 5G networks, enabling developers to deploy applications with ultra-low latency requirements directly at the edge.

7. **Multi-Region Deployments**: By deploying workloads across multiple Regions, you can improve resilience and performance for global users, ensuring that your application remains available even if one Region experiences an outage.

8. **AWS CloudFront**: A content delivery network (CDN) service that helps to distribute your web content globally with low latency and high transfer speeds.

9. **Amazon Route 53**: A highly available and scalable DNS web service that can help you route end users to the applications or resources best suited for them, based on location, performance, or other criteria.

10. **AWS Global Network Infrastructure**: This encompasses a wide range of services and tools designed to optimize traffic routing, reduce latency, and improve overall application performance across multiple Regions and Points of Presence (PoPs).

These features collectively form the backbone of AWS's global infrastructure, enabling customers to build highly available, scalable, and performant applications regardless of their location or scale.",0,0.0,1,0.7111375447084313,1,1,0,1,1,0
dcca52db-cae7-46ce-8b66-c38fc2fea283,"What does NIST SP 800-53, REV. 5 require regarding remote access disconnection?",Provide the capability to disconnect or disable remote access to the system within [Assignment: organization-defined time period].,"This publication is available free of charge from: https://doi.org/10.6028/NIST.SP.800-53r5
Provide the capability to disconnect or disable remote access to the system within [Assignment: organization-defined time period].",requirement,easy,docs/NIST.SP.800-53r5.pdf_chunk_401,docs/NIST.SP.800-53r5.pdf,"NIST SP 800-53, REV. 5 requires the capability to disconnect or disable remote access to the system within an organization-defined time period. This is discussed in the context of managing the speed of system disconnect or disablement based on the criticality of missions or business functions and the need to eliminate immediate or future remote access to systems.",0,0.3333333333333333,1,0.7551073762336602,0,0,0,1,1,0
dd1a7762-99c4-4764-aebd-b3189b7cda8b,What are the entities that provide supply chain governance according to the text?,Federal Acquisition Security Council (FASC),Entities that provide supply chain governance include the Federal Acquisition Security Council (FASC).,identifier,easy,docs/NIST.SP.800-53r5.pdf_chunk_1017,docs/NIST.SP.800-53r5.pdf,"According to the provided context, the entity that provides supply chain governance is the Federal Acquisition Security Council (FASC).",0,1.0,1,0.9775163357838311,0,0,0,0,1,0
dd909141-476b-47ea-a0da-72ab70e87753,What should be maintained to serve as a reference for future incidents and prevention efforts?,a repository of lessons learned from incident analyses,Maintain a repository of lessons learned from incident analyses. This institutional knowledge can serve as a reference for future incidents and prevention eﬀorts.,requirement,easy,docs/wellarchitected-framework.pdf_chunk_2146,docs/wellarchitected-framework.pdf,"To serve as a reference for future incidents and prevention efforts, a repository of lessons learned from incident analyses should be maintained. This institutional knowledge can help other workloads mitigate risks and implement necessary mitigations or automated recoveries before similar incidents occur.",0,0.5,0,0.933836050698375,0,0,0,0,0,0
df1b8b39-37e1-40af-8c16-c0d4beb7b608,What types of controls do organizations use to ensure software performs only intended functions?,"organizations rely on other types of controls, including secure coding practices, configuration management and control, trusted procurement processes, and monitoring practices","organizations rely on other types of controls, including secure coding practices, configuration management and control, trusted procurement processes, and monitoring practices to ensure that software does not perform functions other than the functions intended.",definition,easy,docs/NIST.SP.800-53r5.pdf_chunk_2018,docs/NIST.SP.800-53r5.pdf,"Organizations use several types of controls to ensure that software performs only intended functions:

1. **Secure Coding Practices**: These practices help in writing code that minimizes the risk of introducing vulnerabilities, including malicious code.

2. **Configuration Management and Control**: Ensuring that software configurations are managed securely can prevent unauthorized changes that might introduce malicious functionality.

3. **Trusted Procurement Processes**: This involves vetting software before deployment to ensure it does not contain malicious code or backdoors.

4. **Monitoring Practices**: Continuous monitoring of software execution can help detect when a program is performing functions other than intended.

5. **Least Functionality and Registration Compliance**: Ensuring that only necessary functionalities are enabled, and compliance with registration requirements for various components (functions, ports, protocols, services) helps in limiting the potential attack surface.

6. **Design and Implementation Information Requirements**: Requiring developers to provide detailed design and implementation information can help organizations understand how controls are implemented and ensure they meet security standards.

These controls work together to mitigate risks associated with unauthorized code execution and ensure that software operates as intended.",0,0.7142857142857143,1,0.8072279852740822,0,0,0,0,1,0
df935005-4cbe-45d4-bf17-e43a03804fc2,What is the definition of a nonfederal system?,A nonfederal system is any system that does not meet the criteria for a federal information system.,5 A nonfederal system is any system that does not meet the criteria for a federal information system.,definition,easy,docs/NIST.SP.800-171r3.pdf_chunk_29,docs/NIST.SP.800-171r3.pdf,A nonfederal system is defined as a system that does not meet the criteria for a federal information system.,0,1.0,1,0.8578964988633985,0,0,0,0,1,0
e2031d77-cb5f-4c9c-90d5-ae5b06f66345,What is the purpose of using automation according to the AWS Well-Architected Framework?,To reduce the level of effort to deploy new features and limit errors caused by manual processes.,• Use automation: Automate updates to reduce the level of eﬀort to deploy new features and limit errors caused by manual processes.,definition,easy,docs/wellarchitected-framework.pdf_chunk_3170,docs/wellarchitected-framework.pdf,"According to the AWS Well-Architected Framework, the purpose of using automation includes:

- Reducing the risk of unauthorized access and use of compute resources.
- Preventing misconfigurations from making their way into production environments.
- Detecting and fixing misconfigurations if they occur.
- Detecting unauthorized access and use of compute resources to reduce potential security risks.

Automation is also mentioned as a cornerstone in AWS services, supported internally across various services and features. It helps in change management, compliance, and control through services like AWS CloudTrail, Amazon EventBridge, AWS Lambda, AWS Systems Manager, AWS Step Functions, and AWS Service Catalog.",0,0.0,1,0.38061953181431196,1,1,0,1,1,1
e2f3e537-9d9f-447a-b4ac-758ad581f783,Which services do Gateway VPC endpoints support according to the text?,Amazon S3 and Amazon DynamoDB,"Gateway VPC endpoints have no hourly charges, and support Amazon S3 and Amazon DynamoDB.",factual,easy,docs/wellarchitected-framework.pdf_chunk_2914,docs/wellarchitected-framework.pdf,"According to the provided context, Gateway VPC endpoints support Amazon S3 and Amazon DynamoDB.",0,1.0,1,0.8377510582396713,0,0,0,0,1,0
e34f1b12-1f6c-444a-a9c4-ac70f5917053,Who must organizations consult with to address privacy concerns when deploying asset location technologies?,The Office of the General Counsel and senior agency official.,'Organizations consult with the Office of the General Counsel and senior agency official for privacy regarding the deployment and use of asset location technologies to address potential privacy concerns.',requirement,medium,docs/NIST.SP.800-53r5.pdf_chunk_1195,docs/NIST.SP.800-53r5.pdf,"Based on the provided context, organizations should consult with the senior agency official for privacy and legal counsel regarding privacy concerns when deploying asset location technologies. This is mentioned in the discussion section related to PE-20 ASSET MONITORING AND TRACKING control, where it states that ""Organizations consult with the senior agency official for privacy and legal counsel regarding such authority.""",0,0.5,1,0.8716776772740523,1,1,0,0,1,0
e3b07137-ebd1-4362-b24a-e615520e2ae5,Which physical access control requirement includes monitoring equipment?,PE-06(01),PE-06(01) Monitoring Physical Access | Intrusion Alarms and Surveillance Equipment,requirement,medium,docs/NIST.SP.800-171r3.pdf_chunk_393,docs/NIST.SP.800-171r3.pdf,"The requirement that includes monitoring equipment is described in the context under ""PE-6 MONITORING PHYSICAL ACCESS."" Specifically, it states:

b. Review physical access logs [Assignment: organization-defined frequency] and upon occurrence of [Assignment: organization-defined events or potential indications of events].

This indicates that organizations are required to monitor physical access points by reviewing logs at a defined frequency and responding to specific events or potential indications of events.",0,0.3333333333333333,1,0.6270201080480522,1,1,0,1,1,0
e3cba716-e9c2-4adc-924d-f3d119befd1a,What type of packets should the media server verify it can process continuously?,Secure Real-time Transport Protocol (SRTP) packets.,"17.2.4 Verify that the media server is able to continue processing incoming media traffic when encountering malformed Secure Real‑time Transport Protocol (SRTP) packets.
17.2.5 Verify that the media server is able to continue processing incoming media traffic during a flood of Secure Real-time Transport Protocol (SRTP) packets from legitimate users.",factual,easy,docs/OWASP_Application_Security_Verification_Standard_5.0.0_en (1).pdf_chunk_346,docs/OWASP_Application_Security_Verification_Standard_5.0.0_en (1).pdf,The media server should be able to continue processing incoming media traffic when encountering malformed Secure Real-time Transport Protocol (SRTP) packets and during a flood of SRTP packets from legitimate users. This includes verifying continuous processing for both malformed packets and excessive legitimate packets to prevent denial-of-service conditions or other attacks.,0,0.75,1,0.925752529784308,0,0,0,0,1,0
e45908bc-1718-48ec-877d-f6af83c8b6f2,What does simply restating controls not constitute?,an organizational policy or procedure.,Simply restate controls does not constitute an organizational policy or procedure.,definition,easy,docs/NIST.SP.800-53r5.pdf_chunk_1777,docs/NIST.SP.800-53r5.pdf,Simply restating controls does not constitute an organizational policy or procedure.,0,1.0,1,0.9809831977868329,0,0,0,0,1,0
e712a685-a97e-4aa0-89dd-6246aa1cd7e3,What protocol should be allowed by a security group to an application load balancer or Amazon EC2 instance according to the latest standards?,HTTPS,"For example, conﬁgure a security group to only allow the HTTPS protocol to an application load balancer or Amazon EC2 instance.",requirement,easy,docs/wellarchitected-framework.pdf_chunk_1346,docs/wellarchitected-framework.pdf,"I could not find the answer in the provided documents.

The context does discuss protocols and security settings, but it does not explicitly state what specific protocol should be allowed by a security group to an Application Load Balancer (ALB) or an Amazon EC2 instance. The context focuses more on best practices for configuring secure protocols, using SSL/TLS offloading, and routing algorithms rather than detailing the exact protocol that should be allowed in a security group.",0,0.0,0,0.6672094039934418,0,0,0,1,0,0
e734a450-832d-4c84-9475-d30e3d56e484,What is the consequence of not removing unused assets according to AWS Well-Architected Framework?,Removing unused assets frees resources and improves the overall efficiency of the workload.,"• You do not remove assets that are redundant or no longer required.
Beneﬁts of establishing this best practice: Removing unused assets frees resources and improves 
the overall eﬃciency of the workload.",factual,medium,docs/wellarchitected-framework.pdf_chunk_3013,docs/wellarchitected-framework.pdf,"According to the AWS Well-Architected Framework, if you do not remove unused assets, there can be resource waste. Specifically, unused assets consume cloud resources like storage space and compute power. This leads to inefficient use of resources in your workload.",1,0.3333333333333333,1,0.7463396251624372,0,0,1,1,1,0
e82cd60b-2e91-467c-acd5-9d887e771d2d,What mechanism should a third party provide to automate and ensure an auditable setup of cross-account roles?,A role policy document or automated setup mechanism that uses an AWS CloudFormation template or an equivalent.,"""The third party must provide a role policy document or automated setup mechanism that uses an AWS CloudFormation template or an equivalent for you.""",procedure,medium,docs/wellarchitected-framework.pdf_chunk_1102,docs/wellarchitected-framework.pdf,"A third party should provide an automated, auditable setup mechanism. Specifically, they should use a role policy document outlining the necessary access and integrate this with an automated setup process that can be managed through an AWS CloudFormation template or an equivalent tool. This approach helps reduce errors associated with manual policy creation and provides an auditable trail for compliance and security purposes.",0,0.3333333333333333,1,0.8382956689710085,0,0,0,1,1,0
e85fe87f-2c6b-4ca5-852f-465ea47f31b8,What standards provide information on security architecture and design?,"[ISO 15408-2], [ISO 15408-3], and [SP 800-160-1] provide information on security architecture and design.","[ISO 15408-2], [ISO 15408-3], and [SP 800-160-1] provide information on security architecture and design, including formal policy models, security-relevant components, formal and informal correspondence, conceptually simple design, and structuring for least privilege and testing.",factual,easy,docs/NIST.SP.800-53r5.pdf_chunk_1734,docs/NIST.SP.800-53r5.pdf,"The context mentions that [ISO 15408-2], [ISO 15408-3], and [SP 800-160-1] provide information on security engineering principles, which help in developing trustworthy, secure, and resilient systems. Specifically, [SP 800-160-1] provides guidance on the use of security architectures as part of the system development life cycle process.",0,0.3333333333333333,1,0.8239704615566649,1,1,0,1,1,0
e86c5f56-800a-462a-bcb1-80334b31943c,What must workloads with high availability requirements be architected for?,Resiliency,Workloads with a requirement for high availability and low mean time to recovery (MTTR) must be architected for resiliency.,requirement,easy,docs/wellarchitected-framework.pdf_chunk_2059,docs/wellarchitected-framework.pdf,"Workloads with high availability requirements must be architected to handle changes in demand or requirements, and they must be designed to detect failure and automatically heal themselves. Additionally, these workloads should consider the following aspects:

- Where control planes are used in the workload.
- How fault tolerance is implemented within the workload.
- Design patterns for scaling, automatic scaling, redundancy, and highly available components.
- Requirements for data consistency and availability.
- Considerations for resource sparing or resource static stability.
- Service dependencies and their SLAs.

These considerations help ensure that the workload can maintain high availability even under varying conditions and potential failures.",0,0.0,1,0.6557721452529365,1,1,0,1,1,0
e894d0f8-5e20-474f-93a7-561b6ab949e8,What is the current state of knowledge management within the organization?,People are still authoring their runbooks locally and sharing them on an organizational cloud share.,"people are still authoring their runbooks locally and sharing them on an organizational cloud share, making it diﬃcult to ﬁnd knowledge pertinent to supported workloads.",factual,easy,docs/wellarchitected-framework.pdf_chunk_391,docs/wellarchitected-framework.pdf,"Based on the context provided, it seems that the current state of knowledge management within the organization is not fully established or adopted. There are a few indicators suggesting this:

1. **Lack of Probing Questions**: During cloud transformation program status meetings, executive leaders do not ask enough probing questions to identify issues and blockers. This suggests a lack of transparency and possibly a culture that does not encourage open discussion about challenges.

2. **Limited Adoption of New System**: The new knowledge management system has been implemented but is not being widely adopted by application teams. People are still authoring their runbooks locally and sharing them on an organizational cloud share, making it difficult to find pertinent knowledge. This indicates resistance or lack of enthusiasm towards the new system.

3. **Resource Investment vs. Usage**: The company invested one year and several million dollars in implementing this new knowledge management system, but its usage is not as expected. This suggests that while resources were allocated for implementation, there might be a gap between investment and actual use.

4. **Leadership Attitude**: Leadership seems to prefer hearing only good news during status meetings, which could indicate a reluctance or avoidance of discussing challenges openly. The CIO's preference for positive feedback might also reflect an organizational culture that does not fully embrace the need for knowledge management systems.

Overall, while there is a desire and investment in establishing a robust knowledge management system, the current state appears to be underutilized and not fully integrated into daily operations.",1,0.25,1,0.4577552254646532,1,1,1,1,1,1
e9200fd2-fd2e-474f-8514-cf09a887f8c3,What must be required for users to assume the dedicated incident response IAM roles?,users in the security account and authenticated using MFA,"""These roles must be conﬁgured to only be assumable by users in the security account, and the trust relationship must require that the calling principal has authenticated using MFA""",requirement,medium,docs/wellarchitected-framework.pdf_chunk_1415,docs/wellarchitected-framework.pdf,"For users to assume the dedicated incident response IAM roles, the account configuration must enforce a strong password policy and multi-factor authentication (MFA). Additionally, if the incident response playbooks only require access to the AWS Management Console, the user should not have access keys configured and should be explicitly disallowed from creating access keys. This can be configured with IAM policies or service control policies.",0,0.2,1,0.3953168656610529,1,1,0,1,1,1
e9c6ae6f-71d2-4e73-992c-948b0f6d0961,What should be implemented if issues are detected during a canary deployment?,Implement rollback mechanisms to revert to the previous stable version.,Implement rollback mechanisms to revert to the previous stable version if issues are detected during the canary deployment.,procedure,easy,docs/wellarchitected-framework.pdf_chunk_1502,docs/wellarchitected-framework.pdf,"If issues are detected during a canary deployment, rollback mechanisms should be implemented to revert to the previous stable version.",0,1.0,0,0.9728644136552747,0,0,0,0,0,0
e9fe237c-5a77-42b1-8efb-a13d5d5b9379,What is the potential risk if the best practice of configuring billing and cost management tools according to AWS Well-Architected Framework is not established?,High level of risk.,Level of risk exposed if this best practice is not established: High,factual,easy,docs/wellarchitected-framework.pdf_chunk_2738,docs/wellarchitected-framework.pdf,"If the best practice of configuring billing and cost management tools according to the AWS Well-Architected Framework is not established, the potential risk is high. This could lead to unawareness and further pain points in managing cloud spending effectively.",0,0.0,1,0.26033077459722526,0,0,0,1,1,1
ea333a2f-e183-4d89-a9b2-d8233e0682f0,What steps should be taken when assigning personnel for operating and supporting a workload?,"Assign an adequate number of personnel to operate and support your workload, including on-call rotations.","1. Assign an adequate number of personnel to operate and support your workload, including on-call rotations.",procedure,easy,docs/wellarchitected-framework.pdf_chunk_597,docs/wellarchitected-framework.pdf,"When assigning personnel for operating and supporting a workload, the following steps should be taken based on the provided context:

1. **Ensure Personnel Capability**: Have a mechanism to validate that you have the appropriate number of trained personnel to support the workload. This includes ensuring they are trained on the platform and services that make up your workload.

2. **Provide Training**: Provide training for your personnel on the software and services that make up your workload. This ensures that team members are well-equipped to operate and support the workload effectively.

3. **Sufficient Personnel Availability**: Ensure there are enough trained personnel to support the normal operation of the workload and troubleshoot any incidents that occur. This also means having sufficient personnel for on-call rotations and managing vacations to avoid burnout.

4. **Shared Understanding**: Establish a shared understanding of the business functions of the workload, the roles of each team in operating the workload, and how these factors support your shared business goals across internal and external customers. Involving key stakeholders such as business, development, and operations teams can help achieve this.

5. **Use Tools and Resources**: Provision the right amount of proficient team members and provide tools and resources to support your workload needs. This includes investing in automation to scale the effectiveness of your team without requiring additional capacity.

6. **Knowledge Management**: Ensure that team members have the information necessary to operate and support the workload through effective knowledge management practices.

By following these steps, you can effectively assign personnel for operating and supporting a workload while minimizing risks and maximizing efficiency.",0,0.5714285714285714,1,0.6818082056622614,1,1,0,0,1,0
ea7c7bbf-25fe-450b-8681-8d04896498c1,What is recommended for ensuring complex or critical recovery paths work in production?,You still need to regularly exercise that failure in production.,"If you have a complex or critical recovery path, you still need to regularly exercise that failure in production to convince yourself that the recovery path works.",procedure,hard,docs/wellarchitected-framework.pdf_chunk_2261,docs/wellarchitected-framework.pdf,"Based on the provided context, it is recommended to test recovery processes as discussed in REL13-BP03. This involves regularly testing how workloads recover from failures and ensuring that automated recovery mechanisms are functioning correctly. Additionally, building playbooks as a fallback process for faults that cannot be automatically recovered from, and involving relevant stakeholders and teams across the organization in recovery operations, also contribute to ensuring complex or critical recovery paths work in production.",0,0.4,1,0.5992225386134171,1,1,0,1,1,0
ebae81e0-11ad-4e25-b399-fd93d926ee26,Where does GuardDuty pull independent data streams directly from?,"GuardDuty pulls independent data streams directly from CloudTrail, VPC Flow Logs, DNS query logs, and Amazon EKS.","GuardDuty pulls independent data streams directly from CloudTrail, VPC Flow Logs, DNS query logs, and Amazon EKS.",factual,easy,docs/wellarchitected-framework.pdf_chunk_1121,docs/wellarchitected-framework.pdf,"GuardDuty pulls independent data streams directly from CloudTrail, VPC Flow Logs, DNS query logs, and Amazon EKS Audit logs.",1,0.75,1,0.9919878014530547,0,0,1,0,1,0
ebe167b1-0a12-49cd-bf90-95c87d731b8d,What is the purpose of reviewing and revising protection needs according to the provided text? ,"to counter threats to organizations, individuals, systems, and the Nation through the compromise","""Discussion: Protection needs are technology-independent capabilities that are required to counter threats to organizations, individuals, systems, and the Nation through the compromise""",definition,medium,docs/NIST.SP.800-53r5.pdf_chunk_1286,docs/NIST.SP.800-53r5.pdf,"The provided context does not explicitly state the purpose of reviewing and revising protection needs. Therefore, I could not find the answer in the provided documents.",0,0.0,1,0.4886246144946793,1,1,0,1,1,1
ec326bda-58f3-4438-a493-1f0713e7a50b,What must the application ensure when using objects to represent data items and accepting these via external APIs?,The application must ensure that data fields that should not be modified are protected.,"It also considers the risks associated with using objects to represent data items and accepting and
returning these via external APIs. In this case, the application must ensure that data fields that should
not be modified by client code are protected.",requirement,medium,docs/OWASP_Application_Security_Verification_Standard_5.0.0_en (1).pdf_chunk_318,docs/OWASP_Application_Security_Verification_Standard_5.0.0_en (1).pdf,"The application must ensure that data fields that should not be writable are not modified by user input (mass assignment) and that the API is selective about what data fields get returned. Additionally, where field access depends on a user’s permissions, this should be considered in the context of the field-level access control requirement in the Authorization chapter.",0,0.3333333333333333,1,0.6831417572685863,1,1,0,1,1,0
ec5e142c-93e4-4659-8620-f20bc0f904b7,What does a Content-Location field in a 2xx response indicate about the relationship between the Content-Location value and the target URI?,Content-Location is not a replacement for the target URI.,The Content-Location value is not a replacement for the target URI (Section 7.1). It is representation metadata.,factual,medium,docs/rfc9110.pdf_chunk_234,docs/rfc9110.pdf,"In a 2xx response, if the Content-Location field includes a URI that refers (after conversion to absolute form) to the same URI as the target URI, then the recipient should consider the content to be a current representation of that resource at the time indicated by the Content-Location value. This means that if you were to perform a GET request on the URI specified in the Content-Location field at the time this message was generated, it would return the same representation as is enclosed within the response message.

If the Content-Location field's value refers to a different URI than the target URI, then the sender asserts that the content is a representation of the resource identified by the Content-Location field value. However, such an assertion cannot be trusted unless it can be verified by other means, as this specification does not provide a way to programmatically determine if both URIs share the same resource owner.",1,0.0,1,0.6069733594946509,1,1,1,1,1,0
ecd9efd0-31f4-4058-94a6-84f63673074d,What is a common anti-pattern related to IP range conflicts in VPCs?,"Using the same IP range in your VPC as you have on premises, in your corporate network, or other cloud providers.","- Using the same IP range in your VPC as you have on premises, in your corporate network, or other cloud providers",definition,medium,docs/wellarchitected-framework.pdf_chunk_1633,docs/wellarchitected-framework.pdf,"A common anti-pattern related to IP range conflicts in VPCs is using the same IP range in your VPC as you have on premises, in your corporate network, or other cloud providers.",0,1.0,1,0.6979083839508904,0,0,0,0,1,0
ece0d573-9894-4b72-bb0d-908f5b5e1b5d,What does AWS Service Quotas refer to in the provided text?,AWS Service Quotas (formerly referred to as service limits),• AWS Service Quotas (formerly referred to as service limits),definition,easy,docs/wellarchitected-framework.pdf_chunk_1555,docs/wellarchitected-framework.pdf,"AWS Service Quotas refers to an AWS service that helps you manage your quotas for over 250 AWS services from one location. It allows you to look up quota values, request and track quota increases, and monitor these values programmatically using the AWS SDK or through the AWS Management Console. Additionally, it provides tools like AWS Trusted Advisor to check service quotas and display usage and quotas for some aspects of certain services.",0,0.0,1,0.8221512965570041,1,1,0,1,1,0
ee03816e-2ca0-4c80-8258-4059cf46729a,What is the definition of counterfeit provided in SP 800-161?,"An unauthorized copy or substitute that has been identified, marked, and/or altered by a source other than the item's legally authorized source and has been misrepresented to be an authorized item of the legally authorized source.","[SP 800-161] An unauthorized copy or substitute that has been identified, marked, and/or altered by a source other than the item's legally authorized source and has been misrepresented to be an authorized item of the legally authorized source.",definition,easy,docs/NIST.SP.800-53r5.pdf_chunk_2365,docs/NIST.SP.800-53r5.pdf,"According to SP 800-161, a counterfeit is defined as:

>An unauthorized copy or substitute that has been identified, marked, and/or altered by a source other than the item's legally authorized source and has been misrepresented to be an authorized item of the legally authorized source.",0,1.0,1,0.6847704809784322,0,0,0,0,1,0
f23aad70-71a0-4c48-8bcd-b59b1b545942,Which family includes 'Personnel Security' as a member control?,PL Planning,"PL Planning
... PL Personnel Security ...",factual,medium,docs/NIST.SP.800-53r5.pdf_chunk_159,docs/NIST.SP.800-53r5.pdf,The 'Personnel Security' control is included in the PS (Personnel Security) family.,0,0.0,1,0.4731559586712676,1,1,0,1,1,1
f54aa13b-d9fd-4d8c-8231-0cb926012110,What distinguishes the focus of PL-8 from that of developer security and privacy architecture and design?,"PL-8 focuses on ensuring that organizations develop a security and privacy architecture and design for internal developers, while developer security and privacy architecture and design are directed at external developers with potential application to internal development.","['Developer security and privacy architecture and design are directed at external developers, although they could also be applied to internal (in-house) development.', 'In contrast, PL-8 is directed at internal developers to ensure that organizations develop a security and privacy']",factual,medium,docs/NIST.SP.800-53r5.pdf_chunk_1732,docs/NIST.SP.800-53r5.pdf,"PL-8 focuses on ensuring organizations develop a security and privacy architecture for a system, with an emphasis on integrating these architectures with or tightly coupling them to the enterprise architecture. It is primarily directed at internal developers within organizations. In contrast, developer security and privacy architecture and design are directed more towards external developers, although they can also apply to internal development. PL-8 ensures that the architectures developed for systems are consistent with the organization’s broader enterprise architecture and security and privacy objectives.",1,0.5,1,0.8999219940606575,0,0,1,0,1,0
f5883289-8019-4037-8051-d39271af025b,How can deployment processes be tested according to the AWS Well-Architected Framework's guidance?,Testing your deployment steps in a pre-production environment that mirrors production as closely as possible.,"Implementation guidance
Testing your deployment process is as important as testing the changes that result from your deployment. This can be achieved by testing your deployment steps in a pre-production environment that mirrors production as closely as possible.",procedure,medium,docs/wellarchitected-framework.pdf_chunk_566,docs/wellarchitected-framework.pdf,"According to the AWS Well-Architected Framework's guidance, deployment processes can be tested by following these steps:

1. **Test in Pre-Production Environments**: Deploy and test your changes in a pre-production environment that closely mirrors the production environment. This helps in identifying issues early before they reach production.

2. **Use Infrastructure as Code (IaC)**: Automate the deployment of test environments using IaC to help reduce the amount of manual effort required for setup, thereby minimizing errors from manual procedures.

3. **Automated Testing**: Run automated tests during the deployment process to catch issues early. This includes:
   - **Unit Tests**: Validate that the code behaves as desired and API contracts are honored.
   - **Integration Tests**: Ensure that the system operates according to specified requirements and verify the intended working order of components such as user interfaces, APIs, databases, and source code.

4. **Test Deployment Steps Thoroughly**: Test your deployment steps in a pre-production environment that mirrors production as closely as possible. This helps catch common issues like incomplete or incorrect deployment steps, or misconfigurations before they impact production.

5. **Test Recovery Steps**: In addition to testing the deployment process itself, test recovery steps to ensure that rollback procedures are effective if needed.

By following these practices, you can minimize the potential impact of deployments on production and increase confidence in your release processes.",0,0.3333333333333333,1,0.6927180064299236,1,1,0,1,1,0
f5a7f1db-1903-42bf-a207-b745de0d60bb,What is the purpose of Experiment with failure using resilience testing?,to build recovery preparedness,• Experiment with failure using resilience testing to build recovery preparedness,definition,easy,docs/wellarchitected-framework.pdf_chunk_1936,docs/wellarchitected-framework.pdf,"The purpose of experimenting with failure using resilience testing is to identify weak points in your system that could lead to failure. By consciously introducing failures and observing how your workload functions during these disruptive scenarios, you can build confidence in your system's ability to withstand degradation in production. This process helps you improve your system to automatically and efficiently mitigate failure and ensure minimal impact on users.",0,0.25,1,0.7433292643345565,0,0,0,1,1,0
f5e272bb-4a87-4e8f-8faf-25c72e971a2e,What can ASVS be used as a basis for during application development?,The ASVS can be used as a basis for preparing a secure coding reference during application development.,"As a Specialized Secure Coding Reference
The ASVS can be used as a basis for preparing a secure coding reference during application devel‑",procedure,easy,docs/OWASP_Application_Security_Verification_Standard_5.0.0_en (1).pdf_chunk_69,docs/OWASP_Application_Security_Verification_Standard_5.0.0_en (1).pdf,"The ASVS can be used as a basis for preparing a secure coding reference during application development, helping developers to make sure that they keep security in mind when they build software.",0,0.5,1,0.9202345348341437,1,1,0,0,1,0
f69b2626-cd1b-4c0c-9928-ce2941718751,What are the roles defined in OAuth?,"The following roles are defined in OAuth: [This is an identifier question since the exact roles aren't specified, but they can be found in the original text.]",The following roles are defined in OAuth:,identifier,hard,docs/OWASP_Application_Security_Verification_Standard_5.0.0_en (1).pdf_chunk_230,docs/OWASP_Application_Security_Verification_Standard_5.0.0_en (1).pdf,"The roles defined in OAuth include:

- The **OAuth client**: This is the application that attempts to obtain access to server resources, such as calling an API using an issued access token. It can be either a confidential client or a public client.
  - A **confidential client** is capable of maintaining the confidentiality of the credentials it uses to authenticate itself with the authorization server.
  - A **public client** cannot maintain the confidentiality of its credentials for authenticating with the authorization server and thus only identifies itself using a `client_id` parameter.

- The **OAuth resource server (RS)**: This is the server API exposing resources to OAuth clients.

- The **OAuth authorization server (AS)**: This is a server application that issues access tokens to OAuth clients. These access tokens allow OAuth clients to access RS resources, either on behalf of an end-user or on their own behalf. The AS can be separate from the resource server but may also be integrated into it if appropriate.

- The **resource owner (RO)**: This is the end-user who authorizes OAuth clients to obtain limited access to resources hosted on the resource server on their behalf.",0,0.3076923076923077,1,0.7766665284961817,1,1,0,1,1,0
f838bf7c-bc4a-4fb4-80cb-650be13665d2,What does the term 'id_token_hint' refer to in the context of logout requests?,"The evidence provided does not explicitly define what 'id_token_hint' is, but it suggests that this parameter can be validated in the logout request.","validating parameters in the logout request (initiated by the relying party), such as the ‘id_token_hint’.",identifier,hard,docs/OWASP_Application_Security_Verification_Standard_5.0.0_en (1).pdf_chunk_258,docs/OWASP_Application_Security_Verification_Standard_5.0.0_en (1).pdf,"The term 'id_token_hint' refers to a parameter that can be included in the logout request initiated by the relying party. It is used for obtaining explicit confirmation from the end-user or, if present, validating parameters in the logout request to mitigate denial of service through forced logout.",0,0.5,1,0.7713298852187247,1,1,0,0,1,0
f937b512-7063-4dbf-80e2-239c755b6ade,What action is taken if the DTLS certificate does not match the Session Description Protocol (SDP) fingerprint attribute?,The media stream is terminated.,"# Description Level
17.2.8 Verify that the Datagram Transport Layer Security (DTLS) certificate is checked against the Session Description Protocol (SDP) fingerprint attribute, terminating the media stream if the check fails, to ensure the authenticity of the media stream.",requirement,easy,docs/OWASP_Application_Security_Verification_Standard_5.0.0_en (1).pdf_chunk_347,docs/OWASP_Application_Security_Verification_Standard_5.0.0_en (1).pdf,"If the DTLS certificate does not match the Session Description Protocol (SDP) fingerprint attribute, the media stream is terminated to ensure the authenticity of the media stream.",0,1.0,1,0.897702995097301,0,0,0,0,1,0
faa67ce0-c41f-487b-b269-bbb1ab667ccd,"Where can NIST SP 800-53, REV. 5 be obtained for free?",From https://doi.org/10.6028/NIST.SP.800-53r5,This publication is available free of charge from: https://doi.org/10.6028/NIST.SP.800-53r5,identifier,easy,docs/NIST.SP.800-53r5.pdf_chunk_1417,docs/NIST.SP.800-53r5.pdf,NIST Special Publication 800-53 REV. 5 can be obtained for free from the following URL: https://doi.org/10.6028/NIST.SP.800-53r5,0,1.0,1,0.8222711280033254,0,0,0,0,1,0
fc95b2b2-aa2e-4d69-8a2c-27de5e0ea04c,What is the purpose of interactive application security testing according to the provided text?,Interactive (also known as instrumentation-based) application security testing is a method of detecting vulnerabilities by observing applications as they run during testing.,"(9) DEVELOPER TESTING AND EVALUATION | INTERACTIVE APPLICATION SECURITY TESTING Require the developer of the system, system component, or system service to employ interactive application security testing tools to identify flaws and document the results. Discussion: Interactive (also known as instrumentation-based) application security testing is a method of detecting vulnerabilities by observing applications as they run during testing.",definition,medium,docs/NIST.SP.800-53r5.pdf_chunk_1705,docs/NIST.SP.800-53r5.pdf,"According to the provided text, the purpose of interactive application security testing is to detect vulnerabilities by observing applications as they run during testing. This method relies on direct measurements of actual running applications and uses access to code, user interaction, libraries, frameworks, backend connections, and configurations to directly measure control effectiveness. It can identify a broad range of potential vulnerabilities and confirm control effectiveness when combined with analysis techniques. Interactive application security testing works in real time and can be used continuously throughout the system development life cycle.",1,0.4,1,0.8597813245717006,0,0,1,1,1,0
fdbf0ee3-6a89-4a90-b987-22aa7d7a51fa,What is a method for refining Permissions in the context of IAM?,Reﬁning Permissions using last accessed information.,'Reﬁning Permissions using last accessed information',procedure,easy,docs/wellarchitected-framework.pdf_chunk_1003,docs/wellarchitected-framework.pdf,"A method for refining permissions in the context of IAM is to use IAM Access Analyzer policy generation. This helps create fine-grained permission policies based on an IAM user or role's access activity. Additionally, testing permissions across lower environments before production can also help refine permissions by starting with more relaxed permissions in less critical sandbox and development environments and progressively tightening them as they move through testing, quality assurance, and staging environments before applying to production.",0,0.0,1,0.4405372603476136,1,1,0,1,1,1
fe783737-b5bb-4cb0-9cb1-8675b62481ae,What scenario does 'on behalf of (an agency)' describe?,"A situation that occurs when: (i) a non-executive branch entity uses or operates an information system or maintains or collects information for the purpose of processing, storing, or transmitting Federal information; and (ii)","A situation that occurs when: (i) a non-executive branch entity uses or operates an information system or maintains or collects information for the purpose of processing, storing, or transmitting Federal information; and (ii)",definition,hard,docs/NIST.SP.800-171r3.pdf_chunk_359,docs/NIST.SP.800-171r3.pdf,I could not find the answer in the provided documents.,0,0.0,1,0.11389618644859698,1,1,0,1,1,1
fea09291-1313-47e3-a015-5eca5da3bd8c,Is the TSP program only in effect during major disasters or attacks?,"No, it is always in effect regardless of cause",The TSP program is always in effect and not contingent on a major disaster or attack taking place.,factual,medium,docs/NIST.SP.800-53r5.pdf_chunk_828,docs/NIST.SP.800-53r5.pdf,"No, the TSP program is always in effect and not contingent on a major disaster or attack taking place.",0,1.0,1,0.9030549739323596,0,0,0,0,1,0
fea513e1-fd66-4aee-863f-79442f2c71cf,What document is related to ensuring idempotency in this context?,Amazon EC2: Ensuring Idempotency.,"""Related documents:\n• Amazon EC2: Ensuring Idempotency""",identifier,easy,docs/wellarchitected-framework.pdf_chunk_1708,docs/wellarchitected-framework.pdf,"The context provided does not specify a particular document title or name but discusses best practices and guidelines for ensuring idempotency across services and components. The information appears to be derived from general architectural and cybersecurity principles, possibly from a technical guide or whitepaper on service architecture and idempotency practices.",0,0.5,1,0.4627830558052448,1,1,0,0,1,1
fef1ce58-6610-4dfb-bae4-8580a8760f2d,What can the identification of the control implementation approach result in for organizations?,can result in significant savings to organizations in implementation and assessment costs and a more consistent application of the controls organization-wide.,Identifying the control implementation approach can result in significant savings to organizations in implementation and assessment costs and a more consistent application of the controls organization-wide.,definition,easy,docs/NIST.SP.800-53r5.pdf_chunk_187,docs/NIST.SP.800-53r5.pdf,The identification of the control implementation approach can result in significant savings to organizations in implementation and assessment costs and a more consistent application of the controls organization-wide.,0,1.0,1,0.9740999719900445,0,0,0,0,1,0
ff0b2992-b20d-42b0-86c6-6869df3fb706,What actions should be taken regarding privileged role or attribute assignments according to the provided text?,Monitor privileged role or attribute assignments; Monitor changes to roles or attributes; and Revoke access when privileged role or attribute assignments are no longer appropriate.,"(b) Monitor privileged role or attribute assignments;
(c) Monitor changes to roles or attributes;
(d) Revoke access when privileged role or attribute assignments are no longer appropriate.",procedure,easy,docs/NIST.SP.800-53r5.pdf_chunk_233,docs/NIST.SP.800-53r5.pdf,"According to the provided text, the following actions should be taken regarding privileged role or attribute assignments:

(a) Monitor privileged role or attribute assignments;
(c) Monitor changes to roles or attributes; and 
(d) Revoke access when privileged role or attribute assignments are no longer appropriate.",0,1.0,1,0.8989791746494831,0,0,0,0,1,0
ff8371e1-f554-4444-85e5-c25d1ce8a6aa,What does the text suggest about understanding networking for performance?,Analyze and understand how network-related decisions impact your workload to provide efficient performance and improved user experience.,"""PERF04-BP01 Understand how networking impacts performance\nAnalyze and understand how network-related decisions impact your workload to provide eﬃcient\nperformance and improved user experience""",procedure,easy,docs/wellarchitected-framework.pdf_chunk_2431,docs/wellarchitected-framework.pdf,"The text suggests that understanding how networking impacts workload performance is crucial. It helps in identifying potential bottlenecks, improving user experience, increasing reliability, and lowering operational maintenance as workloads change. This understanding is part of adopting a culture focused on performance efficiency in cloud workloads.",0,0.3333333333333333,1,0.5026274510276075,0,0,0,1,1,0
fff7c7dc-b91a-4108-a5ae-2d4f05a3a5d6,What is the purpose of implementing a process for plans of action and milestones according to PM-4?,"The purpose is to ensure that plans of action and milestones are developed and maintained, document remedial actions to respond to risks, and reported in accordance with established requirements.","Control: a. Implement a process to ensure that plans of action and milestones for the information security, privacy, and supply chain risk management programs and associated organizational systems: 1. Are developed and maintained; 2. Document the remedial information security, privacy, and supply chain risk management actions to adequately respond to risk to organizational operations and assets, individuals, other organizations, and the Nation; and 3. Are reported in accordance with established reporting requirements.",requirement,medium,docs/NIST.SP.800-53r5.pdf_chunk_1265,docs/NIST.SP.800-53r5.pdf,"According to PM-4, the purpose of implementing a process for plans of action and milestones is to ensure that plans of action and milestones for information security, privacy, and supply chain risk management programs and associated organizational systems are developed and maintained.",0,1.0,1,0.4088723099308393,0,0,0,0,1,1
