id,question,difficulty,question_type,source_doc,baseline,selfcheck,similarity,ragas
741920fe-c7d4-4e38-a239-207741b9e271,Which document specifies the details of HTTP semantics?,easy,identifier,docs/rfc9110.pdf,0.0,1,0.8432822168823941,
2877f7fb-7d11-4db3-9e45-46c7be5fc563,How often should the penetration testing be conducted according to the text?,easy,factual,docs/NIST.SP.800-53r5.pdf,0.0,1,0.7207797863770862,0.5
2f1092b2-b16f-4015-b32a-e4617f682f29,What does the AWS Well-Architected Framework suggest about manually changing standard security controls?,easy,procedure,docs/wellarchitected-framework.pdf,1.0,1,0.5036849335831131,0.2857142857142857
a759b7ef-6bb5-4fc5-b569-f06fff66c33a,What must an organization do when it provides for the operation of a system of records to accomplish an organizational mission or function?,easy,requirement,docs/NIST.SP.800-53r5.pdf,0.0,1,0.8152563674275829,1.0
ff8371e1-f554-4444-85e5-c25d1ce8a6aa,What does the text suggest about understanding networking for performance?,easy,procedure,docs/wellarchitected-framework.pdf,0.0,1,0.5026274510276075,0.3333333333333333
1ac915e3-3c15-4955-906a-9478e28c42ce,What does evidence #6.8.2 suggest about the presence and integrity of digital signatures on authentication?,easy,factual,docs/OWASP_Application_Security_Verification_Standard_5.0.0_en (1).pdf,0.0,1,0.7241796330164746,0.0
949763d6-412a-42d1-b307-353c85f4c762,What tools are mentioned for preventing data loss and leakage?,easy,identifier,docs/NIST.SP.800-53r5.pdf,0.0,1,0.69624048951647,0.2
78e4c9eb-e0aa-422e-be63-8eeba70ef804,From where can this publication be accessed for free?,easy,identifier,docs/NIST.SP.800-53r5.pdf,0.0,1,0.9411259847695967,1.0
3e4c8bea-797a-4d6d-9175-8c91ba6ee743,What level of effort is required for the implementation plan?,easy,requirement,docs/wellarchitected-framework.pdf,0.0,1,0.7250886679053002,1.0
e3cba716-e9c2-4adc-924d-f3d119befd1a,What type of packets should the media server verify it can process continuously?,easy,factual,docs/OWASP_Application_Security_Verification_Standard_5.0.0_en (1).pdf,0.0,1,0.925752529784308,0.75
7f2648cf-146b-48f7-bb16-8f8ca0ed2fd0,What is the definition of mobile code technologies?,easy,definition,docs/NIST.SP.800-53r5.pdf,0.0,1,0.8183044322950006,0.125
8010db5d-0de4-4c59-b68f-e3e0358f802a,What is another term for dual authorization mentioned in this text?,easy,identifier,docs/NIST.SP.800-53r5.pdf,0.0,1,0.9272939368701841,1.0
ebae81e0-11ad-4e25-b399-fd93d926ee26,Where does GuardDuty pull independent data streams directly from?,easy,factual,docs/wellarchitected-framework.pdf,1.0,1,0.9919878014530547,0.75
702951cb-ab7b-4137-b2c3-2afc68184753,What is the order of elements within each family?,easy,definition,docs/NIST.SP.800-53r5.pdf,0.0,1,0.9044522445004527,1.0
40f02d77-50cc-4404-9baa-5c54b06cf9a0,What is the reference number mentioned in this text?,easy,identifier,docs/NIST.SP.800-171r3.pdf,1.0,1,0.19625085377514306,0.0
bba3adfd-5180-4aac-9782-f42c0f096386,What is a trust anchor in cryptographic systems with a hierarchical structure?,easy,definition,docs/NIST.SP.800-53r5.pdf,0.0,1,0.931120436055107,1.0
aeacbe7e-3a51-4dcb-a61a-ab00af16cb80,What are the adverse impacts of skewed utilization in either direction?,easy,definition,docs/wellarchitected-framework.pdf,0.0,1,0.8838949933075351,1.0
0fb472f9-1f8b-46d9-94b5-cb9aa24cb4ed,What administrative procedures are required according to SP 800-171r3 for managing authenticators?,easy,procedure,docs/NIST.SP.800-171r3.pdf,1.0,1,0.7497279327396096,0.5
ad65598c-ec0f-4d6e-b547-a8999df43133,What methods can personnel use to identify potentially suspicious emails?,easy,identifier,docs/NIST.SP.800-53r5.pdf,0.0,1,0.914326651313185,1.0
c6734bcc-79eb-49d0-9d71-b48a627d11ed,What type of credentials are considered the most secure according to the provided text?,easy,definition,docs/wellarchitected-framework.pdf,0.0,1,0.28675023093271257,0.0
a05f5eb6-0a91-435a-bb5f-b31dbf608cf6,What is the first step recommended by AWS Well-Architected Framework for implementing access management?,easy,procedure,docs/wellarchitected-framework.pdf,0.0,1,0.4115380837546518,0.0
0cf4d8fc-ce1e-4fd1-8d6d-6d5c7814f9a6,What should be confirmed about new organization members' resource creations?,easy,requirement,docs/wellarchitected-framework.pdf,0.0,1,0.22873615305321884,0.0
8e0c213b-0c7d-401d-8f19-6df4f183fb3b,What is client-side caching?,easy,definition,docs/wellarchitected-framework.pdf,0.0,1,0.8434465014302802,0.16666666666666666
794fdbb2-5d18-4b82-93cb-8578498d0f89,What factors can lead to the correction or deletion of personally identifiable information?,easy,requirement,docs/NIST.SP.800-53r5.pdf,0.0,1,0.6733760963186051,0.2
5ae65c16-05aa-44d1-9ea3-a0a42d02e139,What is the purpose of defining permissions according to user groups and attributes in the AWS Well-Architected Framework?,easy,definition,docs/wellarchitected-framework.pdf,0.0,1,0.6705049123073179,0.3333333333333333
ee03816e-2ca0-4c80-8258-4059cf46729a,What is the definition of counterfeit provided in SP 800-161?,easy,definition,docs/NIST.SP.800-53r5.pdf,0.0,1,0.6847704809784322,1.0
59e48580-8e87-41db-a868-a047b437fef3,What do organizations consider when defining auditable events?,easy,definition,docs/NIST.SP.800-53r5.pdf,0.0,1,0.6718165016635831,0.18181818181818182
a797d00c-aedc-492d-ad31-198fd381709d,Where can one find instructions for using temporary credentials with AWS resources?,easy,procedure,docs/wellarchitected-framework.pdf,1.0,1,0.6694390976239405,0.2
78548838-0293-4752-9621-65c869f871c7,What is the approach suggested for handling old messages when they become irrelevant?,easy,procedure,docs/wellarchitected-framework.pdf,0.0,1,0.8882446360817756,1.0
7a7f63fe-1190-497f-8ad2-7621ecc509c7,What does RTO stand for in the context of recovery requirements?,easy,definition,docs/wellarchitected-framework.pdf,0.0,1,0.6014705638998956,1.0
62c310d9-fa64-4f92-829e-d459f31bb77d,What are the benefits of establishing the best practice of manually performing changes to software for different environments?,easy,factual,docs/wellarchitected-framework.pdf,0.0,1,0.5970591043442229,0.75
5d0be7aa-20c2-4b73-89a7-a9d32bbd7d3a,What fields cannot be processed outside the header section?,easy,definition,docs/rfc9110.pdf,1.0,1,0.49597244322532175,0.0
2abbb927-39d7-448b-9554-b68e7e9962b2,What can you grant access to resources for an account that is a member of AWS Organizations?,easy,procedure,docs/wellarchitected-framework.pdf,0.0,1,0.8612308937684156,0.6
e712a685-a97e-4aa0-89dd-6246aa1cd7e3,What protocol should be allowed by a security group to an application load balancer or Amazon EC2 instance according to the latest standards?,easy,requirement,docs/wellarchitected-framework.pdf,0.0,0,0.6672094039934418,0.0
d8789fe4-5aa4-42aa-a7b0-d9cde8c66ac2,What control is related to the concept of security certification?,easy,identifier,docs/NIST.SP.800-53r5.pdf,0.0,1,0.26920771948516237,0.0
f937b512-7063-4dbf-80e2-239c755b6ade,What action is taken if the DTLS certificate does not match the Session Description Protocol (SDP) fingerprint attribute?,easy,requirement,docs/OWASP_Application_Security_Verification_Standard_5.0.0_en (1).pdf,0.0,1,0.897702995097301,1.0
09a54073-bdfe-45fb-8c63-735b0de889b7,What is the purpose of regularly reviewing your workload and implementing new services and features according to the text?,easy,factual,docs/wellarchitected-framework.pdf,0.0,1,0.5118520152771202,0.125
1d3310d9-bb62-4058-bb58-4bd2dca41c7f,What process is used to prevent server impersonation by on-path attackers or name resolution attackers?,easy,procedure,docs/rfc9110.pdf,0.0,1,0.6315273711597101,0.0
77f2809d-4443-4c19-8426-a9e36a50ce33,What must be done after this assignment is made?,easy,procedure,docs/NIST.SP.800-53r5.pdf,0.0,1,0.41415410558111004,0.0
18cc4a93-45f2-4f08-8b22-90322ed9e47f,What should be done after defining performance metrics according to the text?,easy,procedure,docs/wellarchitected-framework.pdf,1.0,1,0.4895705582493487,0.0
3bcde618-6940-4da7-9baf-2eb06b175b11,"According to the text, what should be done with operational events?",easy,requirement,docs/wellarchitected-framework.pdf,0.0,1,0.6406062840001621,0.0
2806d5c1-9495-4e0e-aabf-8f59d227469f,Which specific browser security features are mentioned that must be supported by browsers using the application according to V3.1 Web Frontend Security Documentation?,easy,factual,docs/OWASP_Application_Security_Verification_Standard_5.0.0_en (1).pdf,0.0,1,0.869420456382422,0.5
126d2848-7643-4f5f-83fb-41ec67fe3b9a,What is the exact change made in Control IA-1a.1.? ,easy,factual,docs/NIST.SP.800-53r5.pdf,0.0,1,0.16230084765987007,0.0
4c63d7ab-f288-44f2-ab8c-7e1ff41fce03,Why is it useful for an employee to know that one of the individuals on an email message is a contractor?,easy,factual,docs/NIST.SP.800-171r3.pdf,0.0,1,0.4278021046730336,1.0
9870b095-6026-44ed-abc0-036808f59787,What are pre-defined IAM policies provided by AWS?,easy,definition,docs/wellarchitected-framework.pdf,0.0,1,0.8920529322981138,0.4
c4c015a8-5616-4adb-8aac-3d040488dad6,What is the purpose of using Amazon CloudWatch Logs Live Tail?,easy,definition,docs/wellarchitected-framework.pdf,0.0,1,0.8743395613312648,0.3333333333333333
17a0bd6c-5999-4b32-a67d-197ef0b78739,How often should the prioritization process be reviewed?,easy,procedure,docs/wellarchitected-framework.pdf,0.0,0,0.08286073375884782,0.0
0c3a4a2c-3af9-4b3f-b648-2a5f7cebc7b9,What does 'production workloads' refer to in this context?,easy,identifier,docs/wellarchitected-framework.pdf,0.0,1,0.7360754746214253,1.0
c697d53b-d6b0-40ef-b802-42a142cf8ce0,What is required to be designated according to the text for managing physical and environmental protection policy and procedures?,easy,requirement,docs/NIST.SP.800-53r5.pdf,0.0,1,0.8232887398908313,1.0
15d5b326-2f1b-4987-9c57-f186709a5552,Where can one find NIST SP 800-53 REV. 5?,easy,requirement,docs/NIST.SP.800-53r5.pdf,0.0,1,0.5932671540333835,1.0
8db80bfc-5392-43dd-9da8-0cb205026667,What does the text imply about the frequency of reviews for workloads with significant costs?,easy,factual,docs/wellarchitected-framework.pdf,0.0,1,0.8705929535453729,1.0
00b9bf2c-aa16-4012-b3d8-b6417c29c4dc,Where can one find more detailed information about managing throughput capacity with DynamoDB auto scaling?,easy,factual,docs/wellarchitected-framework.pdf,0.0,1,0.9093983361057069,1.0
17f5e9c4-4c39-4ad4-ac2d-08684e22d52c,What must an HTTP-to-HTTP gateway conform to for interoperability with third-party servers?,easy,requirement,docs/rfc9110.pdf,0.0,1,0.9370042939805281,1.0
6ed9a3d8-c1dc-48f6-9696-187b72732be2,What must be done with the list of accepted external authenticators?,easy,procedure,docs/NIST.SP.800-53r5.pdf,0.0,1,0.8556345517651879,1.0
df1b8b39-37e1-40af-8c16-c0d4beb7b608,What types of controls do organizations use to ensure software performs only intended functions?,easy,definition,docs/NIST.SP.800-53r5.pdf,0.0,1,0.8072279852740822,0.7142857142857143
2aa99359-b446-4541-ae01-49b888a9b451,What does this publication recommend for assessing supply chain risks?,easy,procedure,docs/NIST.SP.800-53r5.pdf,0.0,1,0.6831736816025384,0.4
71cfb4ec-59e1-4a60-a22a-a55b999675a4,What role-based training is required according to the text?,easy,requirement,docs/NIST.SP.800-53r5.pdf,1.0,1,0.7078440215023653,0.11764705882352941
91f5eeeb-3e37-456e-86db-b64af555a5b0,"What tool allows setting notifications and defining monthly budgets for AWS costs, usage, and commitment discounts?",easy,identifier,docs/wellarchitected-framework.pdf,0.0,1,0.8635338424180291,0.16666666666666666
6e7fb48d-7dae-476c-9e40-0dd531875703,What is the recommended action for AWS Secret Keys embedded in source code according to the provided text?,easy,procedure,docs/wellarchitected-framework.pdf,0.0,1,0.8366895394007197,0.5
e9fe237c-5a77-42b1-8efb-a13d5d5b9379,What is the potential risk if the best practice of configuring billing and cost management tools according to AWS Well-Architected Framework is not established?,easy,factual,docs/wellarchitected-framework.pdf,0.0,1,0.26033077459722526,0.0
ece0d573-9894-4b72-bb0d-908f5b5e1b5d,What does AWS Service Quotas refer to in the provided text?,easy,definition,docs/wellarchitected-framework.pdf,0.0,1,0.8221512965570041,0.0
9224f102-0043-4ec9-bb72-c5b244e183ca,What tool is recommended for staying up to date with security threats?,easy,identifier,docs/wellarchitected-framework.pdf,0.0,1,0.45618778955949973,0.0
8e0cf0e1-6d5e-4a15-b021-06612d8cd3bc,What are the steps involved in defining topics for discussion?,easy,definition,docs/wellarchitected-framework.pdf,0.0,0,0.00604934723292526,0.0
83df32d3-58c7-4f16-bf0e-8bebe9f5a1ef,What are octet boundaries used for in HTTP range requests?,easy,definition,docs/rfc9110.pdf,1.0,1,0.7579984193904838,0.3333333333333333
faa67ce0-c41f-487b-b269-bbb1ab667ccd,"Where can NIST SP 800-53, REV. 5 be obtained for free?",easy,identifier,docs/NIST.SP.800-53r5.pdf,0.0,1,0.8222711280033254,1.0
bca99061-a902-4d0c-8f1a-3b1953908609,What types of examinations are included in a technical surveillance countermeasures survey?,easy,factual,docs/NIST.SP.800-53r5.pdf,0.0,1,0.5306106257371254,0.5714285714285714
da2bb590-b7fc-4c31-815a-162d0fbc7167,How are trailer fields processed when multiple lines with the same name are received?,easy,factual,docs/rfc9110.pdf,1.0,1,0.7827729822797611,1.0
e894d0f8-5e20-474f-93a7-561b6ab949e8,What is the current state of knowledge management within the organization?,easy,factual,docs/wellarchitected-framework.pdf,1.0,1,0.4577552254646532,0.25
a8c64722-9e97-4efc-af06-5fef53e6f966,What should teams do to ensure their members have the authority to take action when there is a predefined level of risk?,easy,requirement,docs/wellarchitected-framework.pdf,0.0,1,0.7209533983684804,0.0
76d70eb8-70e2-45a9-a641-bce6f5e45441,What does automatic environmental controls provide an immediate response to?,easy,definition,docs/NIST.SP.800-53r5.pdf,0.0,1,0.9711456663189911,1.0
8e9acbf3-a78f-45d1-89ca-27f39dc64577,What condition must a server meet to omit sending a 100 (Continue) response?,easy,requirement,docs/rfc9110.pdf,1.0,1,0.511582051457672,0.0
0507d2a0-6abc-4f40-8030-47bc30911202,What factor should be considered when selecting a backup strategy according to the text?,easy,factual,docs/wellarchitected-framework.pdf,0.0,1,0.7855499722486613,0.3333333333333333
2ef27214-490e-422e-9aa8-77aeb819f2a0,What types of controls are related to this access control policy for mobile devices?,easy,identifier,docs/NIST.SP.800-53r5.pdf,0.0,1,0.379594391802628,0.043478260869565216
1a6890a9-ea27-4fa8-9069-74f56d5a1729,What are the steps included in the information life cycle mentioned in the text?,easy,factual,docs/NIST.SP.800-53r5.pdf,0.0,1,0.884097619946349,1.0
8948c922-faf7-48a9-8608-228f51276111,What must an identification and authentication policy address according to the provided text?,easy,definition,docs/NIST.SP.800-53r5.pdf,0.0,1,0.730843864781789,0.875
01dded55-2bd8-45ed-aa1b-c4e2a077c57d,How is scaling an instance typically performed?,easy,procedure,docs/wellarchitected-framework.pdf,0.0,1,0.34295912376285687,0.0
b17e16e1-5853-4587-bf42-376d3a48dcbb,What is the purpose of the Via header field in a TRACE request?,easy,definition,docs/rfc9110.pdf,0.0,1,0.7557336721689352,0.16666666666666666
259ea192-1eab-4ba4-bb76-8c273191236d,What should an OpenID Provider mitigate to prevent denial of service according to section 10.6.2?,easy,requirement,docs/OWASP_Application_Security_Verification_Standard_5.0.0_en (1).pdf,0.0,1,0.7056047760652289,0.0
dcca52db-cae7-46ce-8b66-c38fc2fea283,"What does NIST SP 800-53, REV. 5 require regarding remote access disconnection?",easy,requirement,docs/NIST.SP.800-53r5.pdf,0.0,1,0.7551073762336602,0.3333333333333333
19457824-409c-4f44-88c1-c42e53aadae5,What is the CUI for CM-12?,easy,identifier,docs/NIST.SP.800-171r3.pdf,0.0,1,0.16189609907670396,0.0
76369abb-1b00-4b04-98b4-af1c808ecc8f,What systems should be verified according to the security requirements related to user session management?,easy,requirement,docs/OWASP_Application_Security_Verification_Standard_5.0.0_en (1).pdf,0.0,1,0.8158209729958944,0.25
3791de9e-e428-4d07-9e01-87681ca54bab,What protocol is mentioned as being used to establish confidential communication through a shared firewall proxy?,easy,identifier,docs/rfc9110.pdf,0.0,1,0.8335776871834475,1.0
d4ef5144-44f2-46a5-b245-53a9b3d28626,Which controls are related to the given context?,easy,identifier,docs/NIST.SP.800-53r5.pdf,1.0,1,0.3879208725855641,0.0
4e7b10d3-e9d5-47f3-b370-1eee968a7db1,What can the If-Range header field be used for?,easy,definition,docs/rfc9110.pdf,0.0,1,0.728799392596722,0.25
5117cb4b-c499-4da6-b072-dab2aa7cd7dc,What is the purpose of using CloudFormation according to the text?,easy,definition,docs/wellarchitected-framework.pdf,0.0,1,0.09492982167152593,0.0
6c5df1e0-a2b6-4e26-97fd-88f37e7455ff,What does AWS Lambda permit you to do without running an instance?,easy,factual,docs/wellarchitected-framework.pdf,0.0,1,0.845659092108136,1.0
0aff0e08-ad65-40f7-af38-81b58724f57f,What version number is mentioned in the text?,easy,identifier,docs/OWASP_Application_Security_Verification_Standard_5.0.0_en (1).pdf,0.0,1,0.19415545125806308,0.0
8adbbb2a-2a1c-4a89-8420-9bac1400d2ab,Where can this publication be accessed for free?,easy,identifier,docs/NIST.SP.800-53r5.pdf,0.0,1,0.9465369234434103,1.0
9af0c437-b4f3-48ec-bdbf-c8b030559684,What is required about the entropy of a reference token if it is used?,easy,requirement,docs/OWASP_Application_Security_Verification_Standard_5.0.0_en (1).pdf,0.0,1,0.618745451632728,0.3333333333333333
fdbf0ee3-6a89-4a90-b987-22aa7d7a51fa,What is a method for refining Permissions in the context of IAM?,easy,procedure,docs/wellarchitected-framework.pdf,0.0,1,0.4405372603476136,0.0
885f2998-cd89-48f4-b6a3-7991f3e020ac,What is the requirement for using resources in the provided text?,easy,requirement,docs/wellarchitected-framework.pdf,0.0,1,0.18239501682386938,0.25
8fa4bfe6-abcd-4100-b430-136fb9ce97a0,Who should be alerted upon detection of unauthorized activities according to AU-9?,easy,identifier,docs/NIST.SP.800-53r5.pdf,0.0,1,0.6556268330340466,0.25
03f3d49b-7882-4d58-9bb2-af2f04ddb3fa,What is the full name of the author associated with RFC2068?,easy,identifier,docs/rfc9110.pdf,0.0,1,0.5822241121643075,0.3333333333333333
3689dc23-3fbd-43b4-aa0c-1012ef235f16,What are the related controls mentioned in the text?,easy,identifier,docs/NIST.SP.800-53r5.pdf,1.0,1,0.4211524721487808,0.25
b8b1d5d2-0848-44ad-b084-63a5cc361372,What is the fundamental design objective of minimizing specific portions of systems that provide information security?,easy,definition,docs/NIST.SP.800-53r5.pdf,0.0,1,0.8025353132060263,1.0
3c7641c5-6c45-4264-af6c-16fa7ffa8829,What is the potential risk if best practices for establishing controls for sensitive data are not followed?,easy,factual,docs/wellarchitected-framework.pdf,0.0,1,0.44407615471295386,0.3333333333333333
7363c602-09b7-407a-8510-0b039ed9f4f5,What type of reports does ITL produce?,easy,identifier,docs/NIST.SP.800-171r3.pdf,1.0,1,0.8841092672080829,0.3333333333333333
5770b400-232c-4e7d-91f1-93885668522d,What should be done if success criteria are not met during the CI/CD pipeline?,easy,procedure,docs/wellarchitected-framework.pdf,0.0,1,0.861588594601971,1.0
1cff8995-07de-4ed2-b2c7-cd920788fd81,What happens if you don't have a support transition plan after the migration project?,easy,factual,docs/wellarchitected-framework.pdf,0.0,1,0.7666395412326656,0.6666666666666666
72d8353e-bbbf-4f46-9a84-7ac6bab891c4,Which Amazon service can be used to set alarms for threshold breaches?,easy,identifier,docs/wellarchitected-framework.pdf,0.0,0,0.8129574238298479,0.3333333333333333
2f8060fe-7cae-43b2-8ed6-b7d3b950c96f,What is an example discussed for when social security numbers may not need to be archived even though they were initially collected?,easy,example,docs/NIST.SP.800-53r5.pdf,0.0,1,0.9058746938156869,1.0
cb030ca1-6b86-4d94-b8d3-848ed8cc5ed5,What uncertainty exists when deploying infrastructure as code (IaC)?,easy,factual,docs/wellarchitected-framework.pdf,0.0,1,0.568150841971983,0.0
5d7a16b0-f44a-418e-b778-76900d2ab2cd,How many items are listed in the text?,easy,identifier,docs/wellarchitected-framework.pdf,0.0,1,0.11747970700076114,1.0
7efd9f1a-f2b4-4149-b6f4-64ecec149019,What factors guide the frequency and comprehensiveness of vulnerability monitoring in organizations?,easy,definition,docs/NIST.SP.800-53r5.pdf,0.0,1,0.8111103425667043,0.375
0e968613-9dd1-412a-8b5d-2deb91a393a2,What must business unit owners understand to provide direction effectively?,easy,requirement,docs/wellarchitected-framework.pdf,0.0,1,0.9126842995249242,0.6666666666666666
df935005-4cbe-45d4-bf17-e43a03804fc2,What is the definition of a nonfederal system?,easy,definition,docs/NIST.SP.800-171r3.pdf,0.0,1,0.8578964988633985,1.0
5c77172b-c9fd-41d8-8cdc-259d022424ab,What should the test environments resemble according to AWS Well-Architected Framework?,easy,definition,docs/wellarchitected-framework.pdf,0.0,1,0.5762569371644104,0.0
e9c6ae6f-71d2-4e73-992c-948b0f6d0961,What should be implemented if issues are detected during a canary deployment?,easy,procedure,docs/wellarchitected-framework.pdf,0.0,0,0.9728644136552747,1.0
7e92ab5d-9162-49ab-ac61-95c9171920ae,What does 'conditional content' refer to in the context of content negotiation?,easy,definition,docs/rfc9110.pdf,0.0,1,0.8053388546650464,1.0
e86c5f56-800a-462a-bcb1-80334b31943c,What must workloads with high availability requirements be architected for?,easy,requirement,docs/wellarchitected-framework.pdf,0.0,1,0.6557721452529365,0.0
85cf3179-7c8e-4331-a2a7-9a639c60d6d0,"What types of activities can organizations use to satisfy evidentiary requirements related to service provider contingency plan reviews, testing, and training?",easy,factual,docs/NIST.SP.800-53r5.pdf,1.0,1,0.6475739487961065,0.3333333333333333
c667e930-6879-4194-bd44-c08917dea68e,What are some criteria mentioned for authorization and personnel screening?,easy,definition,docs/NIST.SP.800-53r5.pdf,0.0,1,0.7460619375252596,0.3333333333333333
d5ea8f3d-0eab-4dab-8974-3d30da9607b5,What is a 'reverse proxy'?,easy,identifier,docs/rfc9110.pdf,1.0,1,0.5160399567678476,0.0
760f13d4-e9f6-459e-a27c-adb15045e893,"What are the conditions for marking hardware components that process, store, or transmit public information?",easy,definition,docs/NIST.SP.800-53r5.pdf,1.0,1,0.9257783050679247,0.8
e45908bc-1718-48ec-877d-f6af83c8b6f2,What does simply restating controls not constitute?,easy,definition,docs/NIST.SP.800-53r5.pdf,0.0,1,0.9809831977868329,1.0
b17803e6-9c1f-4ae6-aee8-683caf2c0cd5,What specific measure does the text suggest for Java Naming and Directory Interface (JNDI) queries?,easy,procedure,docs/OWASP_Application_Security_Verification_Standard_5.0.0_en (1).pdf,0.0,1,0.10929262770248568,1.0
1bf1b5ee-cb2a-4ccf-927e-1c5203b64c0a,What events are mentioned in the text related to Amazon EC2?,easy,factual,docs/wellarchitected-framework.pdf,0.0,1,0.4741383850588875,0.6666666666666666
9a22eb75-da5b-4af3-b7fc-d68965a9f839,Are manual procedures or automated mechanisms allowed for establishing and managing cryptographic keys according to NIST SP 800-171r3?,easy,factual,docs/NIST.SP.800-171r3.pdf,0.0,1,0.8038800816248812,0.0
8e819d57-f0d8-49f6-b0ea-8ffdb052d626,What method is used to confirm end-user logout?,easy,procedure,docs/OWASP_Application_Security_Verification_Standard_5.0.0_en (1).pdf,1.0,1,0.7569770969160904,0.0
19d37df0-1132-4f48-a913-a877fc55d46b,Which references are mentioned for EMSEC policies?,easy,identifier,docs/NIST.SP.800-53r5.pdf,0.0,1,0.595684221091748,0.0
6c11d093-1b59-4151-973f-8dc39fab2bd2,Who should have access authorizations before performing maintenance or diagnostic activities according to the text?,easy,identifier,docs/NIST.SP.800-53r5.pdf,0.0,1,0.8633425352843572,0.3333333333333333
4ead8d99-fac3-4721-8dd8-d4162faea45e,What is the first step in verifying individual access authorizations before granting access to a facility?,easy,procedure,docs/NIST.SP.800-53r5.pdf,1.0,1,0.746245611271746,0.5
a860e37f-b4c7-4963-97d9-3db6035e2344,What is least privilege?,easy,definition,docs/wellarchitected-framework.pdf,0.0,0,0.7084299367975871,1.0
95f52bbe-6635-463f-8358-45dc87dbd48d,What does WebSocket provide in terms of communication?,easy,definition,docs/OWASP_Application_Security_Verification_Standard_5.0.0_en (1).pdf,0.0,1,0.8780016169606174,0.5
a4d5881c-d57a-4dc3-9fbf-8dccb202ccfc,What determines the frequency at which certain aspects are reviewed?,easy,definition,docs/NIST.SP.800-53r5.pdf,0.0,1,0.6221964042329893,0.14285714285714285
796f20ea-d7cf-4537-b52f-0dbe379dc5ba,Which activities are included in CP-4(3)?,easy,definition,docs/NIST.SP.800-53r5.pdf,0.0,1,0.6486467579890284,0.5
1d9013b8-a6e7-4862-b59e-1871c879727a,What types of references can be considered as Informative References in the context provided?,easy,definition,docs/NIST.CSWP.29.pdf,0.0,1,0.7661198744996116,0.14285714285714285
577734e9-f705-4e48-893f-22ec0beff48d,Which controls are related to the risk management process described?,easy,identifier,docs/NIST.SP.800-53r5.pdf,1.0,1,0.34027004260443394,0.0
2381289b-5e20-4f09-a176-e1a8d6ee5bf1,What does prohibiting the use of systems account identifiers as public identifiers help prevent?,easy,factual,docs/NIST.SP.800-53r5.pdf,0.0,1,0.8268222740880847,1.0
f5e272bb-4a87-4e8f-8faf-25c72e971a2e,What can ASVS be used as a basis for during application development?,easy,procedure,docs/OWASP_Application_Security_Verification_Standard_5.0.0_en (1).pdf,0.0,1,0.9202345348341437,0.5
c99e05ac-b3c2-459d-953c-4ddde0578f89,What is the purpose of selecting specific locations for resources in terms of network performance?,easy,factual,docs/wellarchitected-framework.pdf,0.0,1,0.7210155495506746,0.625
bbcc16b5-46eb-4129-8967-96332f865de8,What type of software is recommended to reduce licensing costs according to the text?,easy,definition,docs/wellarchitected-framework.pdf,0.0,1,0.7606813648387146,0.2
6f2ffa2e-3d56-453b-995e-0ad92eaad57d,What is the focus of the AWS re:Invent 2022 launch related to Trainium?,easy,requirement,docs/wellarchitected-framework.pdf,0.0,1,0.0842578182299242,0.0
11c427e7-f0d5-4135-a30b-8c2b1f0949b7,What is the desired outcome of the static stability design verification?,easy,definition,docs/wellarchitected-framework.pdf,0.0,1,0.28941109596840536,0.5
675772ea-3cc3-4427-b586-3f02216e99ac,What are some common anti-patterns in backup and recovery strategies?,easy,identifier,docs/wellarchitected-framework.pdf,0.0,1,0.47747156082498066,0.0
e85fe87f-2c6b-4ca5-852f-465ea47f31b8,What standards provide information on security architecture and design?,easy,factual,docs/NIST.SP.800-53r5.pdf,0.0,1,0.8239704615566649,0.3333333333333333
e2f3e537-9d9f-447a-b4ac-758ad581f783,Which services do Gateway VPC endpoints support according to the text?,easy,factual,docs/wellarchitected-framework.pdf,0.0,1,0.8377510582396713,1.0
3934bfa5-6dca-48af-8d02-de4487b95afb,What does AWS IoT Core provide according to the provided text?,easy,factual,docs/wellarchitected-framework.pdf,0.0,1,0.6757075698180357,0.0
bebb9b70-a5c2-441c-bf1f-ab01bd5d5499,What tool is mentioned for monitoring end-to-end tracing in the AWS Well-Architected Framework?,easy,identifier,docs/wellarchitected-framework.pdf,0.0,1,0.4500193624875552,0.0
c7167110-b305-456a-9d82-53b2821102c6,What is one of the processes suggested for improvement opportunities according to the text?,easy,factual,docs/wellarchitected-framework.pdf,0.0,1,0.5744711807570732,0.0
942f4650-e98d-4990-8413-99ca75083cf2,What monitoring methods should be established for resource constraints?,easy,procedure,docs/wellarchitected-framework.pdf,0.0,1,0.7922833894325656,0.1111111111111111
043e3eca-6aba-4d68-85da-3978678f8d6d,What does the discussion section suggest about privileged status?,easy,definition,docs/NIST.SP.800-53r5.pdf,0.0,1,0.7829605519168888,1.0
fea513e1-fd66-4aee-863f-79442f2c71cf,What document is related to ensuring idempotency in this context?,easy,identifier,docs/wellarchitected-framework.pdf,0.0,1,0.4627830558052448,0.5
804d9880-0181-4bf1-b592-634c4832674e,How many field lines can a field section contain?,easy,factual,docs/rfc9110.pdf,0.0,1,0.862534694108569,1.0
c61bc529-7501-47ca-9c57-a94fcd0c9518,What does unstructured data refer to?,easy,definition,docs/NIST.SP.800-53r5.pdf,0.0,1,0.9399787686490169,0.3333333333333333
26678c42-f398-468d-b5d5-575309c81529,What are the titles of the related documents mentioned?,easy,identifier,docs/wellarchitected-framework.pdf,1.0,1,0.13890977593707504,0.2
dd1a7762-99c4-4764-aebd-b3189b7cda8b,What are the entities that provide supply chain governance according to the text?,easy,identifier,docs/NIST.SP.800-53r5.pdf,0.0,1,0.9775163357838311,1.0
987ef914-f137-481b-af46-036680e75d23,How can you validate the integrity of your build environments?,easy,procedure,docs/wellarchitected-framework.pdf,0.0,1,0.5332136105699866,0.0
7b81aa21-67e4-43e5-bb7a-b1ca986ed4d8,How can you identify rightsizing opportunities on AWS?,easy,procedure,docs/wellarchitected-framework.pdf,0.0,1,0.167679691808652,0.0
fef1ce58-6610-4dfb-bae4-8580a8760f2d,What can the identification of the control implementation approach result in for organizations?,easy,definition,docs/NIST.SP.800-53r5.pdf,0.0,1,0.9740999719900445,1.0
b6eb09c5-ec36-4793-826b-7befb4aef0d1,What does the term 'user agent' refer to?,easy,definition,docs/rfc9110.pdf,0.0,1,0.8623519386538718,0.6363636363636364
c0522fa3-d8e2-4864-bd8f-a6338884a1ff,What does the establishment of specific configuration settings become part of?,easy,factual,docs/NIST.SP.800-171r3.pdf,0.0,1,0.9063263940261488,1.0
3ebf178e-3d4c-4b6a-9b16-78c2fd8a6b14,What is an important benefit of using CodeBuild for deployment?,easy,requirement,docs/wellarchitected-framework.pdf,0.0,1,0.31399930356008804,0.2
c3862bcb-e4d5-4cb2-a0bf-ab0fbedad3b0,What is one way to manage capacity as mentioned in the provided text?,easy,procedure,docs/NIST.SP.800-53r5.pdf,0.0,1,0.6018579974509325,0.0
5075d8d5-505c-459f-a20e-d131423119d4,What is the purpose of Kubernetes Cluster Autoscaler?,easy,definition,docs/wellarchitected-framework.pdf,0.0,1,0.8985295664051611,0.5
c520c893-9559-4b6f-9962-ba5a569de9be,What does the text suggest about data consistency across different systems?,easy,definition,docs/wellarchitected-framework.pdf,0.0,1,0.6480846083578039,0.0
70c3730c-c174-4790-a4d9-0caf66ea866a,Which standards references are related to cryptographic key management?,easy,identifier,docs/NIST.SP.800-53r5.pdf,0.0,1,0.15936909146068007,0.0
158c06ba-431e-44d5-bb7a-095b24a4dcd0,What does the control require organizations to do regarding mobile code?,easy,requirement,docs/NIST.SP.800-53r5.pdf,0.0,1,0.6931286969291386,0.0
940b5e60-4ee9-4df3-9aee-83dc03c9e8aa,Who are the contributors mentioned in the text?,easy,identifier,docs/OWASP_Application_Security_Verification_Standard_5.0.0_en (1).pdf,1.0,1,0.2449753760953775,0.0
ff0b2992-b20d-42b0-86c6-6869df3fb706,What actions should be taken regarding privileged role or attribute assignments according to the provided text?,easy,procedure,docs/NIST.SP.800-53r5.pdf,0.0,1,0.8989791746494831,1.0
4512913b-6035-4e48-b863-e5bba8e417d1,What specific instances are mentioned for machine learning workloads?,easy,identifier,docs/wellarchitected-framework.pdf,1.0,1,0.8038472167248416,0.75
9d12fa51-d6e5-4c07-80e9-e799b3401d5d,"What document must contain approvals, consents, and detailed operational conditions regarding the use of foreign nationals for maintenance and diagnostic activities on classified systems?",easy,identifier,docs/NIST.SP.800-53r5.pdf,0.0,1,0.9516864086391309,1.0
dd909141-476b-47ea-a0da-72ab70e87753,What should be maintained to serve as a reference for future incidents and prevention efforts?,easy,requirement,docs/wellarchitected-framework.pdf,0.0,0,0.933836050698375,0.5
3a1ecf81-617b-496b-8ea9-545497277d07,What happens if long queue backlogs are allowed in the system?,easy,procedure,docs/wellarchitected-framework.pdf,0.0,1,0.6653595352573283,0.1111111111111111
f5a7f1db-1903-42bf-a207-b745de0d60bb,What is the purpose of Experiment with failure using resilience testing?,easy,definition,docs/wellarchitected-framework.pdf,0.0,1,0.7433292643345565,0.25
acc4f41a-ac27-4730-8132-c40884535768,What should be included as part of emergency access processes according to SEC10-BP02?,easy,requirement,docs/wellarchitected-framework.pdf,0.0,1,0.7982950907389316,0.0
0922f19d-7280-4b7b-9254-633493b30f4a,What types of media are mentioned as examples under requirement 03.08.06?,easy,factual,docs/NIST.SP.800-171r3.pdf,1.0,1,0.5747819598277606,0.0
5956a294-2908-4f6d-be2a-00a8d2bfe31d,What are examples of managed services according to the text?,easy,factual,docs/wellarchitected-framework.pdf,0.0,1,0.16767884502648375,0.0
844ad331-e8fc-4167-855f-49020cbc826a,What does the term 'AWS Well-Architected Framework' refer to?,easy,definition,docs/wellarchitected-framework.pdf,0.0,1,0.8432588994437885,0.2
ea333a2f-e183-4d89-a9b2-d8233e0682f0,What steps should be taken when assigning personnel for operating and supporting a workload?,easy,procedure,docs/wellarchitected-framework.pdf,0.0,1,0.6818082056622614,0.5714285714285714
1df386ba-204a-424b-972d-f4903683e197,Where is NIST SP 800-53 REV. 5 available free of charge?,easy,identifier,docs/NIST.SP.800-53r5.pdf,0.0,1,0.5874463746322756,1.0
e2031d77-cb5f-4c9c-90d5-ae5b06f66345,What is the purpose of using automation according to the AWS Well-Architected Framework?,easy,definition,docs/wellarchitected-framework.pdf,0.0,1,0.38061953181431196,0.0
ccf03490-4bce-4753-9ed7-587eef7eaaef,What type of keys does AWS manage and use on behalf of the user?,easy,definition,docs/wellarchitected-framework.pdf,1.0,1,0.6790386680578073,0.2
2999dc76-df54-40a9-9f0e-a33d89c156db,What aspect of compliance can managed services shift according to the text?,medium,factual,docs/wellarchitected-framework.pdf,1.0,1,0.6202442627205192,0.5
d5faedcb-61fc-4259-9e74-44dbfb89aadc,What additional recovery flows are available to log into the AWS root user account?,medium,factual,docs/wellarchitected-framework.pdf,0.0,1,0.9562461214248732,1.0
87567a5a-100d-49d9-a8a7-ea1ac597a777,What should be periodically reviewed and refined in monitoring strategies?,medium,procedure,docs/wellarchitected-framework.pdf,0.0,0,0.4785694319077204,0.4
94a93634-0991-4279-b32d-e3ff77e25e26,How is account management addressed according to the text?,medium,requirement,docs/NIST.SP.800-171r3.pdf,0.0,1,0.6315078694300184,0.0
7ca2cf05-31ee-4b5e-b540-6ea877991a77,What should an origin server rely on according to the text?,medium,requirement,docs/rfc9110.pdf,0.0,1,0.4602164160272005,0.0
c41e2227-f151-4a5a-a9ba-f8e930cf26e0,What is AWS Health used for in the context of AWS Well-Architected best practices?,medium,definition,docs/wellarchitected-framework.pdf,0.0,1,0.9286041046383854,0.4
23819283-f7ab-4579-a6f3-2a73af00571f,What is a typical approach for using encryption keys in different AWS Regions?,medium,procedure,docs/wellarchitected-framework.pdf,0.0,1,0.7636737107331121,0.6666666666666666
397f513d-6ff8-46ed-9ed8-50435afd71c1,What is the progression described by the Tiers in terms of managing cybersecurity risks?,medium,procedure,docs/NIST.CSWP.29.pdf,1.0,1,0.627441383469098,0.8333333333333334
4c5b5c01-f00b-4f44-80ee-92195e3b47e4,What factors influence the selection of cryptographic mechanisms for protecting system backups?,medium,procedural,docs/NIST.SP.800-53r5.pdf,0.0,1,0.9158934411534763,0.6666666666666666
18b733c5-2272-4aba-96e6-c6880c10bea2,How does Application Load Balancer improve response time for applications?,medium,procedure,docs/wellarchitected-framework.pdf,0.0,1,0.9403850019044642,1.0
45927b33-b331-4e1b-b3b9-2e8ef6009bad,What does the 402 status code indicate and when will it be used?,medium,requirement,docs/rfc9110.pdf,1.0,1,0.6370364004339903,0.25
80a779b3-e7f6-40e5-840d-77dc54a25e5e,What kind of testing is most effective for conducting red team exercises?,medium,requirement,docs/NIST.SP.800-53r5.pdf,0.0,1,0.770970412807282,0.5
c62c0a59-ab2b-41e3-a427-2d537d14539c,What regular actions should be taken regarding the team size and skills?,medium,factual,docs/wellarchitected-framework.pdf,0.0,1,0.14477409442593997,0.0
cce322a5-501f-478d-b6c2-9459e463296c,Can a 404 response be cached?,medium,definition,docs/rfc9110.pdf,0.0,1,0.9302864380256436,1.0
a65e6e79-1045-4691-b382-f872b987af6b,What must be identified before setting agreements between teams based on OPS02-BP02 and OPS02-BP03?,medium,definition,docs/wellarchitected-framework.pdf,0.0,1,0.8525800725085839,1.0
2bf7f544-2208-435e-8287-4585e903e731,What are the two main components of system and communications protection according to control a? ,medium,procedure,docs/NIST.SP.800-53r5.pdf,0.0,1,0.49625286873583774,0.0
ebe167b1-0a12-49cd-bf90-95c87d731b8d,What is the purpose of reviewing and revising protection needs according to the provided text? ,medium,definition,docs/NIST.SP.800-53r5.pdf,0.0,1,0.4886246144946793,0.0
ec5e142c-93e4-4659-8620-f20bc0f904b7,What does a Content-Location field in a 2xx response indicate about the relationship between the Content-Location value and the target URI?,medium,factual,docs/rfc9110.pdf,1.0,1,0.6069733594946509,0.0
5781b0a2-b3ad-4d7c-b333-e98de3ab3719,What procedures must developers execute according to the given text?,medium,procedure,docs/NIST.SP.800-53r5.pdf,0.0,1,0.37290681063326725,0.0
1327eadd-2c03-4cd4-a966-df3d47be5d22,What are common policies in workloads management?,medium,definition,docs/wellarchitected-framework.pdf,1.0,1,0.8225351975804425,0.5714285714285714
6b40bdb0-2a50-4335-9db0-e5f93489e73f,When do organizations assess controls during continuous monitoring?,medium,factual,docs/NIST.SP.800-53r5.pdf,0.0,1,0.7737654230222437,0.4
23c02e3b-7102-4d63-aef9-27383b115285,What are the actions that may be taken in response to unsuccessful system logon attempts?,medium,factual,docs/NIST.SP.800-171r3.pdf,1.0,1,0.8837652058948202,0.6363636363636364
ec326bda-58f3-4438-a493-1f0713e7a50b,What must the application ensure when using objects to represent data items and accepting these via external APIs?,medium,requirement,docs/OWASP_Application_Security_Verification_Standard_5.0.0_en (1).pdf,0.0,1,0.6831417572685863,0.3333333333333333
61b56049-26bf-442a-a949-e6e90971f642,What must be included in a cached POST response to make it reusable for later GET or HEAD requests?,medium,requirement,docs/rfc9110.pdf,0.0,1,0.9024595190863657,0.5
fc95b2b2-aa2e-4d69-8a2c-27de5e0ea04c,What is the purpose of interactive application security testing according to the provided text?,medium,definition,docs/NIST.SP.800-53r5.pdf,1.0,1,0.8597813245717006,0.4
12d7973e-04dc-4d9c-8f47-04ba80289fc5,What benefit does using version control capabilities provide in the context of managing report files?,medium,definition,docs/wellarchitected-framework.pdf,0.0,1,0.9240950757947899,1.0
8730a007-41f9-42d0-af5f-8e71111d5dad,What is a requirement for employing supply chain controls according to this text?,medium,requirement,docs/NIST.SP.800-53r5.pdf,0.0,1,0.5989302919311883,0.0
8fdc00bd-e6f3-4db4-9c6b-153144671bba,What are some architectural patterns mentioned for supporting data access and storage characteristics?,medium,identifier,docs/wellarchitected-framework.pdf,0.0,1,0.5306464572653938,0.0
a09b25c6-9d72-476f-b1f5-6bc2ff5a7390,"What conditions must be met for a client to use a validator in an If-Modified-Since, If-Unmodified-Since, or If-Range header field?",medium,definition,docs/rfc9110.pdf,1.0,1,0.672892615319008,0.375
e82cd60b-2e91-467c-acd5-9d887e771d2d,What mechanism should a third party provide to automate and ensure an auditable setup of cross-account roles?,medium,procedure,docs/wellarchitected-framework.pdf,0.0,1,0.8382956689710085,0.3333333333333333
e9200fd2-fd2e-474f-8514-cf09a887f8c3,What must be required for users to assume the dedicated incident response IAM roles?,medium,requirement,docs/wellarchitected-framework.pdf,0.0,1,0.3953168656610529,0.2
0fa856df-a616-433f-a2a6-30836acfff98,What types of information are considered when performing browser fingerprinting?,medium,definition,docs/rfc9110.pdf,0.0,1,0.5967474044642118,1.0
1554e6f5-8a92-4d2f-b575-0ac3c3240bb7,What informs risk monitoring according to the text?,medium,definition,docs/NIST.SP.800-53r5.pdf,0.0,0,0.6690170158060423,0.3333333333333333
b40ef491-9213-451c-8eed-02dabbe2e374,How should field access be considered in relation to user permissions?,medium,requirement,docs/OWASP_Application_Security_Verification_Standard_5.0.0_en (1).pdf,0.0,1,0.7983178016763017,0.5
64eac6bc-0058-4f9b-97a7-0f4153151fe6,What is the first step in establishing access control defined in SEC07-BP02 for your data storage resources identified within your scan?,medium,procedure,docs/wellarchitected-framework.pdf,1.0,1,0.2264480010896023,0.0
fff7c7dc-b91a-4108-a5ae-2d4f05a3a5d6,What is the purpose of implementing a process for plans of action and milestones according to PM-4?,medium,requirement,docs/NIST.SP.800-53r5.pdf,0.0,1,0.4088723099308393,1.0
48710e89-dfbe-4e90-983e-bb87ff744df5,How do game days help with identifying dependencies?,medium,definition,docs/wellarchitected-framework.pdf,0.0,1,0.8895885252692907,0.6
db613335-d964-4cb6-8309-d7efc06d17ee,What is the potential consequence of setting a request timeout value that is too high?,medium,factual,docs/wellarchitected-framework.pdf,0.0,1,0.8499531621839544,0.75
57b4193e-5da1-49f9-8605-8e6697d00a24,What is the purpose of having a process per alert as mentioned in OPS10-BP02?,medium,factual,docs/wellarchitected-framework.pdf,0.0,1,0.6991536616401568,0.2
a79d6082-9140-442b-972e-9aa62889dce1,What are the key considerations when applying requirements from this chapter?,medium,requirement,docs/OWASP_Application_Security_Verification_Standard_5.0.0_en (1).pdf,0.0,1,0.3518458999394763,0.0
dd927722-cd4f-4bf2-ac47-a22e57e2f5bc,What common anti-pattern should be avoided when performing post-incident analysis according to the AWS Well-Architected Framework?,medium,definition,docs/wellarchitected-framework.pdf,1.0,1,0.519724355807719,0.3333333333333333
d256b79b-1ebe-4a73-8f0b-d902bf2954c7,What is required to effectively manage AWS service quotas for governance?,medium,requirement,docs/wellarchitected-framework.pdf,0.0,0,0.5001025031132441,0.2857142857142857
fe72b8f1-df66-4a1d-9682-8f6fe2c8fd0f,What does MTBF stand for and what does it represent in the context of distributed systems according to the AWS Well-Architected Framework?,medium,definition,docs/wellarchitected-framework.pdf,0.0,1,0.7053181911109282,0.3333333333333333
cd1765ad-8d9a-4a1d-a4ce-fbe58f156e96,"Why must a system, subsystem, or component protect its metadata according to the text?",medium,requirement,docs/NIST.SP.800-53r5.pdf,0.0,1,0.5195913434098699,0.25
0a39f6fb-0204-4b84-9a14-beb011ed1b14,What process must the third party implement to relate the external ID to the customer?,medium,procedure,docs/wellarchitected-framework.pdf,0.0,1,0.3014091528786408,0.0
06147577-65c7-4491-a57e-8a0c24063ba0,What is the purpose of restricting privileged user or role authorizations to read-only access?,medium,definition,docs/NIST.SP.800-53r5.pdf,0.0,1,0.9696367312393035,1.0
8217d045-55e5-4d50-aa62-311a6c59c890,What are the benefits of establishing a well-defined organizational unit (OU) structure in AWS according to the provided text?,medium,factual,docs/wellarchitected-framework.pdf,0.0,1,0.6602992548930008,0.0
e86921a0-45dd-4400-b2d1-a4f7aca423fc,What does the risk assessment according to the provided text consider?,medium,factual,docs/NIST.SP.800-171r3.pdf,0.0,1,0.7813562210175347,0.16666666666666666
e1e382bb-a0a1-4ab8-8fa5-5bfbdf9ccf18,What methods might be used to indicate a sender's understanding of a given field?,medium,procedure,docs/rfc9110.pdf,1.0,1,0.6258505507493172,0.5
236d9aa4-aa49-4dd2-a15f-96fbea260988,What is a recommended practice to ensure service availability during a degradation in the non-primary Region according to AWS Well-Architected Framework?,medium,procedure,docs/wellarchitected-framework.pdf,0.0,1,0.46332761055066807,0.0
7667b81b-e737-4373-a9fd-349ae4e0c54e,What are the key factors in measuring the successful operation of a workload?,medium,identifier,docs/wellarchitected-framework.pdf,0.0,1,0.7034856484402148,0.3333333333333333
41eeb843-3fdd-484a-ac87-189b4c19b5f3,What does this document provide more in-depth technical information about?,medium,definition,docs/OWASP_Application_Security_Verification_Standard_5.0.0_en (1).pdf,1.0,1,0.4776313798083619,0.4
8b33266a-a847-49ad-bda5-96f679db4ec3,What does the ASVS development imply for future enhancements?,medium,procedure,docs/OWASP_Application_Security_Verification_Standard_5.0.0_en (1).pdf,0.0,1,0.3969639054005245,0.3333333333333333
8d136de3-dce7-4d63-a44a-88e858be5d4d,What are the requirements for tracking and reporting in the context of document approved changes according to NIST SP 800-53 REV. 5?,medium,requirement,docs/NIST.SP.800-53r5.pdf,0.0,1,0.6763102732742272,0.0
8cf02878-d60d-4cd4-820a-2fd24e8b9dc9,What is the purpose of issuing temporary credentials?,medium,requirement,docs/NIST.SP.800-171r3.pdf,1.0,1,0.8193259828183768,0.25
6ec037bb-56c9-41ce-80eb-3365540a73db,What is included under Availability with redundancy?,medium,definition,docs/wellarchitected-framework.pdf,0.0,1,0.688956175660311,0.0
a3bd2a24-98d4-4450-bade-30892b7d6fd8,What is a prerequisite to assessing the risk of unauthorized disclosure of CUI according to the provided text?,medium,requirement,docs/NIST.SP.800-171r3.pdf,0.0,1,0.9845352590950692,1.0
cf1fb93a-bab2-4a4d-917a-a04e01c1ac76,How many identifiers are mentioned in the text?,medium,factual,docs/OWASP_Application_Security_Verification_Standard_5.0.0_en (1).pdf,0.0,1,0.026419847035131828,0.14285714285714285
4b8d91db-5fd9-4d40-bf6b-f8b3670a9e50,Where should real-time scans of files from external sources be performed according to organizational policy?,medium,requirement,docs/NIST.SP.800-53r5.pdf,0.0,1,0.937653540083726,1.0
d9641480-819f-4461-abdc-50f735c94660,What is a requirement for integrating and deploying new features in AnyCompany Retail?,medium,requirement,docs/wellarchitected-framework.pdf,0.0,1,0.14272340903263978,0.0
f23aad70-71a0-4c48-8bcd-b59b1b545942,Which family includes 'Personnel Security' as a member control?,medium,factual,docs/NIST.SP.800-53r5.pdf,0.0,1,0.4731559586712676,0.0
08a93682-8bd6-410f-8fa2-776d90cc6bed,What is the purpose of CA-2 in NIST SP 800-53?,medium,requirement,docs/NIST.SP.800-53r5.pdf,1.0,1,0.4554721380867343,0.0
4fa04bb6-df11-4efb-a37e-4d062ad26d4f,What is the principle of least privilege in this context?,medium,definition,docs/wellarchitected-framework.pdf,0.0,1,0.5715534141766812,0.6666666666666666
de1f2838-417e-44b1-beaf-febf6f1937d7,What types of documentation are referenced for more information on security?,medium,identifier,docs/OWASP_Application_Security_Verification_Standard_5.0.0_en (1).pdf,0.0,1,0.34442115212674745,0.0
c7ae8472-ee14-4326-bc5b-9b656192fd7a,Under which condition should the RWS rule be used according to the text?,medium,requirement,docs/rfc9110.pdf,0.0,1,0.9380754944359463,1.0
1620ae9f-c23c-450c-b5e1-19be8d0322cc,What are the steps to prevent unauthorized removal of maintenance equipment containing organizational information?,medium,procedure,docs/NIST.SP.800-53r5.pdf,0.0,1,0.9159848013514889,1.0
4d4d31cf-7376-437b-952c-2338dcef44b2,How does the processing capability of mobile devices compare to desktop systems?,medium,definition,docs/NIST.SP.800-53r5.pdf,0.0,0,0.9116805817758352,1.0
3aaa635e-26ec-4512-9ce2-58c80643415d,How is 'unit' defined in relation to data fields according to the text?,medium,definition,docs/NIST.SP.800-171r3.pdf,0.0,1,0.4822520957178747,0.0
8f08b96a-35af-4ef8-aaae-27431b155e18,What factors are considered during risk assessments?,medium,factual,docs/NIST.SP.800-171r3.pdf,0.0,1,0.8127443098514402,0.2
1c02bb79-2167-4831-a38a-ab1ea76400a2,What does the requirement (a) of ACCESS ENFORCEMENT state?,medium,requirement,docs/NIST.SP.800-53r5.pdf,1.0,1,0.4121913621251452,0.0
09817605-0ffd-462c-9318-f28fdce2186c,Where can NIST SP 800-53 REV. 5 be accessed for free?,medium,identifier,docs/NIST.SP.800-53r5.pdf,0.0,1,0.6428797288593532,1.0
82d75ebe-bdce-4d40-a3cf-9a8f84bb7cfa,What mechanism should clients use to ensure exactly once behavior in their requests?,medium,requirement,docs/wellarchitected-framework.pdf,0.0,1,0.8708742136926141,0.5
3616abab-b48e-4499-b919-ceaa65c57975,What is the purpose of maintaining a database in a computerized maintenance management system according to this text?,medium,function,docs/NIST.SP.800-53r5.pdf,0.0,1,0.8612050994118103,0.0
f1e6cafa-cabe-4b94-bc85-7b0c900879f1,What should be done with compute resources in a secondary Region if it is used for disaster recovery and is configured in pilot light?,medium,procedure,docs/wellarchitected-framework.pdf,0.0,1,0.8989344091870058,1.0
aba99f8a-7589-4b97-9e47-93ea6e9b77ae,What does sanitization refer to in the text?,medium,definition,docs/NIST.SP.800-53r5.pdf,0.0,1,0.7390128562798078,0.6666666666666666
74e87539-60e4-40b5-ab79-0f94d59d9a72,What services are used to serve container applications privately on Amazon ECS?,medium,definition,docs/wellarchitected-framework.pdf,0.0,1,0.8871417573732239,0.5
1ab09e04-e72c-4994-b2b4-3734e3e07e2d,What are the implementation steps mentioned in the text?,medium,procedure,docs/wellarchitected-framework.pdf,1.0,1,0.41348848642353647,0.0
e3b07137-ebd1-4362-b24a-e615520e2ae5,Which physical access control requirement includes monitoring equipment?,medium,requirement,docs/NIST.SP.800-171r3.pdf,0.0,1,0.6270201080480522,0.3333333333333333
f4b3b7e3-6e6e-4e04-902d-18e3ce5e6215,What considerations do these controls cover?,medium,definition,docs/wellarchitected-framework.pdf,0.0,1,0.6693971827253558,0.4
5c3a95b2-0d8d-47af-bcac-3b12bec8a9dc,How should you determine a review frequency for each workload component?,medium,procedure,docs/wellarchitected-framework.pdf,0.0,1,0.7436246917292915,0.2857142857142857
d39c4694-98b5-478c-a257-8fbc3d6bc549,What is the change mentioned in the discussion related to editorial control AT-3?,medium,procedure,docs/NIST.SP.800-53r5.pdf,0.0,1,0.22059399116352546,0.0
47d60460-94b8-4f01-824b-625b4bcfd2f8,"What does the use of federation provide organizations with in cross-organization activities involving processing, storage, and other activities?",medium,definition,docs/NIST.SP.800-53r5.pdf,0.0,1,0.9301003549049985,1.0
99d48c74-e93d-49ab-b578-ac86dd9f607c,What type of assurance is associated with the IA-1 control?,medium,factual,docs/NIST.SP.800-53r5.pdf,1.0,1,0.2646430127929245,0.0
5f6ed407-474d-4e30-8834-659afea66e5f,Which AC control ensures the protection of data mined from public content?,medium,requirement,docs/NIST.SP.800-53r5.pdf,1.0,1,0.799650275719281,0.0
0928d7d6-49a0-4dd3-930a-7558b750970d,What actions has ITL taken regarding patents related to this publication?,medium,factual,docs/NIST.SP.800-53r5.pdf,1.0,1,0.8481818516019781,0.3333333333333333
0613d406-c2b7-4df2-bd4b-8a11c740a321,What are some typical actions users might perform by logging into a server manually?,medium,procedure,docs/wellarchitected-framework.pdf,0.0,1,0.7638649472651624,0.8333333333333334
a256c6f8-3ee5-4189-8ee3-55a218e92421,What does the specification use to define field value syntax?,medium,definition,docs/rfc9110.pdf,1.0,1,0.8172476184500174,0.5
20e05b2d-02a7-47b6-b179-1f90f2f150ca,What are the steps an emergency administrator follows when signing into the emergency access account during an emergency?,medium,procedure,docs/wellarchitected-framework.pdf,0.0,1,0.7227449453729966,0.0
a8214266-6408-48c7-9391-ed0666a8536c,What does the principle of hierarchical protection state about a component's requirement for security?,medium,definition,docs/NIST.SP.800-53r5.pdf,1.0,1,0.739125748349094,0.0
6838d0be-1e5a-4dba-baa3-88dba35fdf08,What are some actions organizations should take for systems going into high-risk areas?,medium,procedure,docs/NIST.SP.800-171r3.pdf,0.0,1,0.5898026098546019,0.3333333333333333
762570d8-36e3-4337-912c-0037d1278136,What are the inputs used by SAST according to the text?,medium,procedure,docs/wellarchitected-framework.pdf,0.0,1,0.774693556291503,0.3333333333333333
f54aa13b-d9fd-4d8c-8231-0cb926012110,What distinguishes the focus of PL-8 from that of developer security and privacy architecture and design?,medium,factual,docs/NIST.SP.800-53r5.pdf,1.0,1,0.8999219940606575,0.5
60940533-24a9-494a-9af1-12c7069fe961,What does 'security-relevant' information refer to in this context?,medium,definition,docs/NIST.SP.800-53r5.pdf,0.0,1,0.7397302114468509,0.5
e290380f-d882-4fca-8f0e-7bdb8a9d733d,What is the requirement for using CBC mode in modern applications?,medium,requirement,docs/OWASP_Application_Security_Verification_Standard_5.0.0_en (1).pdf,1.0,1,0.6607457640314417,0.25
dbce6a62-0ec1-49a0-9e68-e9f3ef351f97,What does the flexibility mentioned in the text allow organizations to do?,medium,definition,docs/NIST.SP.800-53r5.pdf,0.0,1,0.7331331940250437,0.0
78ac55d3-f44d-47ff-b4f9-c9b5aa1fc904,What is recommended regarding automation in build and deployment pipelines?,medium,procedure,docs/wellarchitected-framework.pdf,0.0,1,0.8555750067414487,1.0
cc6bbb4e-b122-4147-a3b4-9108d8b2d868,What does 'Content-Range' in the text represent?,medium,definition,docs/rfc9110.pdf,1.0,1,0.6048400171150824,0.6666666666666666
4018d834-d1ed-4c28-a7e0-903a085612c8,How are chat channels established for communication during incidents?,medium,procedure,docs/wellarchitected-framework.pdf,0.0,1,0.872324344571318,1.0
e34f1b12-1f6c-444a-a9c4-ac70f5917053,Who must organizations consult with to address privacy concerns when deploying asset location technologies?,medium,requirement,docs/NIST.SP.800-53r5.pdf,0.0,1,0.8716776772740523,0.5
72fad35c-3f11-43c5-b312-cddc93820287,What are the steps to establish performance and business goals according to the text?,medium,procedure,docs/wellarchitected-framework.pdf,0.0,1,0.4763720672445513,0.14285714285714285
ecd9efd0-31f4-4058-94a6-84f63673074d,What is a common anti-pattern related to IP range conflicts in VPCs?,medium,definition,docs/wellarchitected-framework.pdf,0.0,1,0.6979083839508904,1.0
74128f82-482d-4eec-9846-b853b8c3dc0f,What is an exposure finding in the context of Security Hub?,medium,definition,docs/wellarchitected-framework.pdf,0.0,1,0.0593998903466089,0.0
a956fa64-0197-4c67-ba71-3200d4bcc0f3,What are the benefits of securing your backups according to the text?,medium,factual,docs/wellarchitected-framework.pdf,0.0,1,0.8796891910828492,1.0
656866a1-6ed7-43cc-955a-d4a95d8940e2,What can organizations do to restrict individuals from launching denial-of-service attacks?,medium,procedure,docs/NIST.SP.800-53r5.pdf,0.0,1,0.8045894180589357,0.75
47b8a502-0405-4145-acc9-2427c47bd5d6,What technologies are recommended to reduce downtime and improve availability?,medium,identifier,docs/wellarchitected-framework.pdf,0.0,1,0.1535144901341097,0.1111111111111111
467d11af-c99f-4271-8818-c23ed4adc820,What is the purpose of connecting individual intrusion detection tools into a system-wide intrusion detection system as per Control Enhancement SC-18?,medium,definition,docs/NIST.SP.800-53r5.pdf,0.0,1,0.7981861545482788,0.3333333333333333
c9ee0e8d-8536-4c03-b718-95df867bbc06,What tools or resources are mentioned to help users understand AWS networking infrastructure according to the text?,medium,identifier,docs/wellarchitected-framework.pdf,1.0,1,0.78287030478323,0.21052631578947367
29a62b9c-4d75-478a-9f8d-7b9221ae6d8b,What is the purpose of not persisting information longer than necessary according to the text?,medium,factual,docs/NIST.SP.800-53r5.pdf,0.0,1,0.8598574598633288,1.0
c99da16a-3930-48bd-850f-63ef085bd25b,How does the use of references in security and privacy plans benefit the programs?,medium,factual,docs/NIST.SP.800-53r5.pdf,0.0,1,0.8239370479445953,0.8
90ebcd98-cb53-4126-ba53-fca1b694a350,What does OWS stand for in the context of HTTP semantics?,medium,definition,docs/rfc9110.pdf,0.0,1,0.09751861734345775,0.0
a59ef30c-6481-4f9a-96f5-f3884a0a342b,Can the Content-Location be used as a reverse content selection identifier to update only one of the negotiated representations?,medium,factual,docs/rfc9110.pdf,0.0,1,0.7057351591578015,0.3333333333333333
b92ca9b8-812e-4bf6-b273-e1a867f35904,Which character set was historically used for field content in HTTP?,medium,definition,docs/rfc9110.pdf,0.0,1,0.9467371060197929,1.0
72e1cb3b-8782-42c1-8bbb-236e23529116,Does the requirement for a Privacy Act statement apply regardless of how the information is collected?,medium,factual,docs/NIST.SP.800-53r5.pdf,1.0,1,0.5322465760116841,0.6666666666666666
32699474-2b88-4d7d-9dbd-80a6956d9f96,What does protective measures involve according to the provided text?,medium,procedure,docs/NIST.SP.800-53r5.pdf,0.0,1,0.7366105004358321,0.0
a7d1c55f-cc07-4d8b-bde5-591aca191733,How can separation of costs be achieved in AWS?,medium,procedure,docs/wellarchitected-framework.pdf,0.0,1,0.6483568548490974,0.125
9a401a61-b885-4f5e-a5e8-67d6cfb22562,What is the purpose of automated flaw remediation status?,medium,procedure,docs/NIST.SP.800-53r5.pdf,0.0,1,0.6504538475565622,0.2
9eff5867-b9a9-4beb-ae1b-0934bfc9bc0c,What is defined as remote access in the discussion?,medium,definition,docs/NIST.SP.800-171r3.pdf,0.0,1,0.9647227992159187,0.6666666666666666
5f650e55-2cc5-4131-919b-d11caf2a768d,What are some common anti-patterns in recovery plans?,medium,definition,docs/wellarchitected-framework.pdf,0.0,1,0.8274447204391531,1.0
664381bb-2454-4da0-ad77-90093a3c56f6,What conditions must be met to modify the material outside the IETF Standards Process?,medium,requirement,docs/rfc9110.pdf,0.0,1,0.8984297586069728,1.0
ad372146-f4e6-4668-ae13-f706d511a79d,"What are AWS WAF, AWS Shield, and AWS Firewall Manager?",medium,identifier,docs/wellarchitected-framework.pdf,0.0,1,0.0,0.8571428571428571
bf6e595d-7c7e-4c61-ba88-27c7f6637fe1,What is the purpose of employing dynamic response capabilities in incident handling?,medium,procedure,docs/NIST.SP.800-53r5.pdf,0.0,1,0.8883494899364981,1.0
a8feba20-a70d-46b6-bb9b-13b6dd739338,How do boundary protection mechanisms operate?,medium,procedure,docs/NIST.SP.800-53r5.pdf,1.0,1,0.8978992558135304,0.7142857142857143
e734a450-832d-4c84-9475-d30e3d56e484,What is the consequence of not removing unused assets according to AWS Well-Architected Framework?,medium,factual,docs/wellarchitected-framework.pdf,1.0,1,0.7463396251624372,0.3333333333333333
552e5b60-cb65-4ea7-832a-2d2347a67b69,Who can generate the external ID according to the text?,medium,identifier,docs/wellarchitected-framework.pdf,0.0,1,0.9715896121688465,1.0
43d2ec7a-aee4-4bc1-99d9-7fc0fb4a1cc8,What is the example provided for a non-essential function or service in relation to offloading?,medium,factual,docs/NIST.SP.800-53r5.pdf,0.0,1,0.7977647595849724,1.0
64aabf25-2a3c-449d-813c-ae426d51acca,What should be considered if the response content has been influenced by network region but needs to be reused across regions?,medium,requirement,docs/rfc9110.pdf,0.0,1,0.8420963380634872,0.5
8e826f6c-5cd6-4b5f-85cc-98a147112309,What are the best practices mentioned in the text related to workload demand analysis?,medium,procedure,docs/wellarchitected-framework.pdf,0.0,1,0.5484540312646524,0.16666666666666666
dabdf504-c1c9-4712-bce2-bb0814d6f7fe,What are some characteristics of a 204 response?,medium,definition,docs/rfc9110.pdf,1.0,1,0.7707864909869551,0.2
f5883289-8019-4037-8051-d39271af025b,How can deployment processes be tested according to the AWS Well-Architected Framework's guidance?,medium,procedure,docs/wellarchitected-framework.pdf,0.0,1,0.6927180064299236,0.3333333333333333
1383dac1-8ec0-43d0-8878-b98e9f815999,What is the desired outcome of organizations that adopt the AWS Well-Architected Framework?,medium,definition,docs/wellarchitected-framework.pdf,0.0,1,0.5463966678980583,0.0
bcb41e49-70a3-4b9f-a2ac-e6f0f428da67,What are the important aspects to consider when setting up health checks with Route 53?,medium,procedure,docs/wellarchitected-framework.pdf,1.0,1,0.8166752786951968,0.5
e96ccbef-feab-426e-b1ce-58efa035185e,How does Level 1 relate to securing an application?,medium,definition,docs/OWASP_Application_Security_Verification_Standard_5.0.0_en (1).pdf,0.0,1,0.8183176697660279,0.4
79259f51-1423-4e6c-8b4e-939d16efe7d1,What do control enhancements add or increase?,medium,definition,docs/NIST.SP.800-53r5.pdf,0.0,1,0.7825524608834529,0.6
30f86c1e-d512-461f-a299-67294e4b28f8,What are the benefits of establishing a formal policy regarding data sensitivity and protection within an organization?,medium,factual,docs/wellarchitected-framework.pdf,1.0,0,0.8111719617147762,0.7142857142857143
fea09291-1313-47e3-a015-5eca5da3bd8c,Is the TSP program only in effect during major disasters or attacks?,medium,factual,docs/NIST.SP.800-53r5.pdf,0.0,1,0.9030549739323596,1.0
82c6605f-2a90-4f0c-bba0-76357d513975,What AWS service is explained in the text?,medium,identifier,docs/wellarchitected-framework.pdf,0.0,1,0.4526997958715054,0.0
9630eea4-6151-45e8-ace0-0f29fe91b4af,How does an effective incident handling capability involve coordination?,medium,procedure,docs/NIST.SP.800-53r5.pdf,0.0,1,0.8579601422754249,0.0
48359c83-1932-413b-a00a-937d06af93bc,What are the conditions that can trigger automatic session termination?,medium,definition,docs/NIST.SP.800-53r5.pdf,0.0,1,0.840041707891654,1.0
0329f2be-3279-480f-a621-8001ff79df23,List the SI-19 sub-procedures related to data protection.,medium,procedure,docs/NIST.SP.800-53r5.pdf,1.0,1,0.8454217153359128,0.6
3c05df2d-9479-4397-b13b-30797d750a05,What is the purpose of NICE Framework as described in the text?,medium,definition,docs/NIST.SP.800-171r3.pdf,0.0,1,0.07319634095538738,0.0
59c43d22-8e06-4f21-8af0-19a906de9028,What are the factors that can influence recovery objectives according to AWS Well-Architected Framework?,medium,factual,docs/wellarchitected-framework.pdf,0.0,1,0.7910914150383695,0.4
f93af382-f90c-4ab7-9085-a406c8809c88,What are RTO and RPO defined as in this text?,medium,definition,docs/wellarchitected-framework.pdf,0.0,1,0.7935841056441084,0.0
72703f23-bfe8-4daa-9e3b-2532b1051002,What factors should be considered when modeling data transfer costs?,medium,procedure,docs/wellarchitected-framework.pdf,0.0,1,0.7233735039690062,0.25
1a004505-8aed-47d7-b8a4-6c432a998c2c,What types of changes can cause a change in processing levels?,medium,factual,docs/NIST.SP.800-53r5.pdf,0.0,1,0.9994130612244956,1.0
a3f868d1-e6fe-4f2a-9ad4-b81409cb85a8,What has changed regarding the status code 421?,medium,definition,docs/rfc9110.pdf,0.0,1,0.804694776616456,0.0
3f7558fe-6db4-49d5-9b2b-ec7ebbd7126d,Which of the listed members are usernames only?,medium,identifier,docs/OWASP_Application_Security_Verification_Standard_5.0.0_en (1).pdf,0.0,1,0.17877176656076368,1.0
ae60a31a-f508-47d5-9395-8dd4f3e108ec,What are some domains where security controls should be implemented according to the text?,medium,factual,docs/wellarchitected-framework.pdf,0.0,1,0.5720108222544021,0.5
82fa36d0-a23a-44ae-8952-5654db27090d,What are the steps for using Amazon EC2 Image Builder?,medium,procedure,docs/wellarchitected-framework.pdf,1.0,1,0.6435945776644748,0.75
3e2c795c-b66f-4af5-9127-606b7541c18d,Which AWS services are used for enforcing governance policies?,medium,requirement,docs/wellarchitected-framework.pdf,0.0,1,0.7873040593635041,0.42857142857142855
5d182223-ab21-4a64-a6b6-29a46246b3f7,What does a client expect when requesting ranges of content from the server?,medium,definition,docs/rfc9110.pdf,0.0,1,0.608630979012494,0.25
60527767-bc6c-4d36-89c9-e80da2ce2620,What does the presence of the keyword 'trailers' in the TE header field indicate for a client making a request?,medium,definition,docs/rfc9110.pdf,1.0,1,0.9620359875774883,0.5
3603a0bb-c481-43ff-afe1-04eb693eb697,For what types of DDoS attacks is additional protection needed beyond AWS Shield Standard?,medium,factual,docs/wellarchitected-framework.pdf,0.0,1,0.7460590536670832,0.75
6409a608-6e9f-4fa9-adb2-e2c5f6a3272f,What are the constraints imposed on a subject granted access to information under mandatory access control?,medium,procedure,docs/NIST.SP.800-53r5.pdf,1.0,1,0.8937702876733155,1.0
c14ef007-7cb1-492e-be9f-db4023c0d595,What additional training do system administrators require compared to users in incident response?,medium,requirement,docs/NIST.SP.800-171r3.pdf,1.0,1,0.8564158746938325,0.0
1f128f8f-159c-4ae7-bf0a-307d29223e85,What factors do organizations consider when determining the type of testing needed for flaw remediation?,medium,definition,docs/NIST.SP.800-53r5.pdf,0.0,1,0.8153060731446289,0.16666666666666666
0444c44e-0755-406e-b7a4-4d98f0706c04,What are the responsibilities of approved organizational personnel when supervising maintenance personnel without access authorizations?,medium,procedure,docs/NIST.SP.800-53r5.pdf,0.0,1,0.8903432907606663,0.6
e2e202e4-6ea8-41e2-97af-fcb3f0cf60bf,What must be ensured regarding complaints received under this process?,medium,procedure,docs/NIST.SP.800-53r5.pdf,0.0,1,0.7866668704356532,0.2
42ae0be8-adbb-496e-be8a-1ed1ae9ba24f,What actions does an organization take to ensure compliance with records retention policies during media sanitization?,medium,procedure,docs/NIST.SP.800-53r5.pdf,0.0,1,0.929871253190304,1.0
f70c2651-2d4d-4091-a5c7-dfacade25dc7,What does the AWS Well-Architected Framework require regarding controls applied to data based on its sensitivity?,medium,requirement,docs/wellarchitected-framework.pdf,1.0,1,0.5226498586795428,0.0
18960d0c-a72d-45ad-93ae-ebabbfbb0d31,How can organizations address the concern of adversaries breaching or compromising their systems according to the discussion?,medium,procedure,docs/NIST.SP.800-53r5.pdf,1.0,1,0.6669293787588049,0.14285714285714285
0415c038-3c5e-436b-9d08-b83d9341221d,What common anti-pattern is described in the text regarding API endpoint throttles?,medium,definition,docs/wellarchitected-framework.pdf,0.0,1,0.9225732011910102,1.0
fab61aa6-84c2-40e2-a6f8-ce38ea17054e,What is the purpose of using a centralized identity provider according to the text?,medium,definition,docs/wellarchitected-framework.pdf,0.0,1,0.8930926732055225,1.0
4474a568-39de-42bd-a3df-b2ac3ebe77e9,"What standard does NIST SP 800-53, REV. 5 reference for requirements engineering?",medium,identifier,docs/NIST.SP.800-53r5.pdf,0.0,1,0.3047465310727759,0.0
4a8ff2c9-0cea-480d-913f-00ed17746907,What is SI-22 about in terms of information management?,medium,procedure,docs/NIST.SP.800-53r5.pdf,0.0,1,0.19226399867617402,0.0
760737cc-7ed2-4660-8d87-f7a54f232726,What are the two main components of the FLAW REMEDIATION procedure mentioned in the text?,medium,procedure,docs/NIST.SP.800-53r5.pdf,1.0,1,0.5987807937756221,0.0
23d514ae-aeaf-4465-8976-bb6fb16bd1a6,What is a common anti-pattern mentioned in the text?,medium,factual,docs/wellarchitected-framework.pdf,0.0,1,0.07696125824409297,0.0
94d3dc2c-b865-47ab-80a4-cba47661583f,Which controls are related to developer testing and evaluation according to the provided text?,medium,identifier,docs/NIST.SP.800-53r5.pdf,1.0,1,0.3838237021227758,0.1875
e668eef1-9e5b-42a5-85f6-e22b87678053,Why is it important to plan for change when it comes to a system's trustworthiness?,medium,requirement,docs/NIST.SP.800-53r5.pdf,0.0,0,0.732377722112368,1.0
d24fdc84-97dd-450d-b562-7cfecb6d566b,Does the NIST CSF 2.0 have a one-size-fits-all approach?,medium,requirement,docs/NIST.CSWP.29.pdf,0.0,0,0.6141298875193313,0.16666666666666666
b202d5a4-30f2-44fa-b15d-7a59dff81227,What are the implementation steps mentioned in the text?,medium,procedure,docs/wellarchitected-framework.pdf,1.0,1,0.20424371014043183,0.0
05329861-d76b-4265-adcf-a533faa254cb,What kind of abuse cases must high-value business logic flows consider according to the standard?,medium,requirement,docs/OWASP_Application_Security_Verification_Standard_5.0.0_en (1).pdf,0.0,1,0.8801548512700127,0.8
5dd66266-1be5-4945-ab25-88fec0d3cdc8,Under what conditions should organizations consider nondestructive sanitization of portable storage devices?,medium,requirement,docs/NIST.SP.800-53r5.pdf,0.0,1,0.9468879476779569,1.0
7f2fa59d-330c-4cff-befc-213f4236e984,"What does the text imply about the importance of backing up data, applications, and configuration?",medium,requirement,docs/wellarchitected-framework.pdf,0.0,1,0.5193126403983752,0.2857142857142857
c820bbb5-948b-47b7-82bb-d462a68321f5,What are two functions that accountability and traceability serve?,hard,procedure,docs/NIST.SP.800-53r5.pdf,0.0,1,0.9028468675182593,0.5
444e14d7-f2fe-417f-91de-304671639714,What does an origin server use to indicate where the replacement of the target resource's state should begin when performing a partial PUT?,hard,definition,docs/rfc9110.pdf,0.0,1,0.300501661246089,0.0
56b96eee-b80c-4433-b6d5-6b55b88aa633,What is the desired outcome of resilience testing using chaos engineering?,hard,requirement,docs/wellarchitected-framework.pdf,0.0,1,0.9183067756824579,0.3333333333333333
1b3a0e8e-2670-4d6b-8cb1-c3b8a02fc86a,What additional step must an origin server take if resources have distinct representations that differ only in their metadata?,hard,requirement,docs/rfc9110.pdf,1.0,1,0.7562689400794568,1.0
7878e886-a2e0-439c-9424-fab4c532ad43,What are some sources from which stakeholder protection needs and corresponding security and privacy requirements may be derived?,hard,procedure,docs/NIST.SP.800-53r5.pdf,0.0,0,0.9526509665777262,1.0
1d5e7160-a4cf-4dc4-8ae5-dbc329185f1c,What happens if input does not match specified definitions as per SI-10?,hard,factual,docs/NIST.SP.800-53r5.pdf,0.0,1,0.6420526259515975,0.5
211d7869-3ebc-467a-b2dd-751fb28a539b,What might be a security concern regarding message routing?,hard,definition,docs/rfc9110.pdf,0.0,1,0.5603682057186375,0.3333333333333333
57561884-0a78-4ecd-8544-8e0b2d98fea8,What is the purpose of cross region replication and failover as mentioned in the text?,hard,factual,docs/wellarchitected-framework.pdf,0.0,1,0.638059533014277,1.0
3f97f138-c9f5-48f3-a10f-66c463a6f5ca,How do assignment operations differ from selection operations in terms of flexibility?,hard,definition,docs/NIST.SP.800-53r5.pdf,1.0,1,0.8025609943187003,0.4
0a2c3bb7-5093-4ff0-8902-375229f83a8a,What are the total number of pages covered in this document?,hard,factual,docs/wellarchitected-framework.pdf,0.0,1,0.06676018099632308,0.0
7d8b09f3-7409-4d13-877c-5ffcd0f6e2dc,What are some benefits of establishing the best practice for credential management as mentioned by AWS Well-Architected Framework?,hard,factual,docs/wellarchitected-framework.pdf,0.0,1,0.6744531831744706,0.8333333333333334
4b949692-4da7-40f1-86ea-210ff45dd172,What should assessments performed for purposes other than to support?,hard,factual,docs/NIST.SP.800-53r5.pdf,0.0,1,0.6913744167302379,0.0
2ab5ebfe-d081-4aa7-b66e-e530da97f1c8,What are some examples of aspects that might be considered by an origin server when using '*' in Vary?,hard,procedure,docs/rfc9110.pdf,0.0,1,0.6279284837083187,0.7142857142857143
9939a516-49b3-476a-878b-e0e9659237fd,How does the principle of reduced complexity apply in security analysis?,hard,procedure,docs/NIST.SP.800-53r5.pdf,0.0,1,0.3719196448316741,0.25
41a546e8-5de5-4538-bb07-d1a70d0aba15,What does IA-6 AUTHENTICATION FEEDBACK control NOT provide information about?,hard,definition,docs/NIST.SP.800-53r5.pdf,0.0,1,0.7026050691700441,1.0
6c3e5f72-c6d6-4c14-85fa-d12ac08958d8,How does a 404 status code differ from a 410 status code?,hard,requirement,docs/rfc9110.pdf,1.0,1,0.9130758692163814,1.0
8831c535-ddc2-490a-a040-3fd71454e47e,What are some examples of fail-safe procedures for handling failures as described in SI-17?,hard,procedure,docs/NIST.SP.800-53r5.pdf,0.0,1,0.8834255777190886,0.5
ee1e3eaa-d3ef-4e77-bc31-4663c00bad86,When was the version 03.01.16 of the document withdrawn?,hard,factual,docs/NIST.SP.800-171r3.pdf,0.0,1,0.0,0.0
49767ef6-8842-4db5-af4b-da14c130635d,What is a potential risk of not handling faulty resources properly according to the text?,hard,definition,docs/wellarchitected-framework.pdf,0.0,1,0.8361603051501675,1.0
ca509c9e-3a50-4ebd-9031-b08d11dd0371,What does the text imply about the application of cost-effective resources?,hard,requirement,docs/wellarchitected-framework.pdf,0.0,1,0.2857983912351792,0.0
d3cc3e39-fb63-4160-8126-591a81792f6e,Which factors might influence the selection of AWS Cloud services for workload components?,hard,procedure,docs/wellarchitected-framework.pdf,0.0,1,0.1908998705328055,0.625
1635fc95-1d8b-4453-80d8-164e35fb0507,What are two common anti-patterns in load testing according to the document?,hard,requirement,docs/wellarchitected-framework.pdf,0.0,1,0.4416684915623656,0.3333333333333333
4804c0ad-f051-4416-8aa8-ba27ce267d88,What does the MUST section in Section 11.2 of [HTTP/1.1] require about HTTP field values?,hard,procedure,docs/rfc9110.pdf,0.0,1,0.10884240213680484,0.0
ea7c7bbf-25fe-450b-8681-8d04896498c1,What is recommended for ensuring complex or critical recovery paths work in production?,hard,procedure,docs/wellarchitected-framework.pdf,0.0,1,0.5992225386134171,0.4
c4a2cdb2-1cbc-4327-997b-b0138efc8172,What type of blog post is the 'Build private and secure enterprise generative AI apps with Amazon Q Business and AWS IAM Identity Center' reference?,hard,requirement,docs/wellarchitected-framework.pdf,0.0,1,0.9047600677484591,0.0
019a4932-c6c5-4765-95fc-486a626b30bc,What is the definition of granularity of time measurements in this context?,hard,definition,docs/NIST.SP.800-171r3.pdf,0.0,1,0.9201347518578349,0.3333333333333333
2bbd4084-23ec-4d44-a948-f0ff2607a4b3,Which of the following is not mentioned as a best practice or requirement in the provided text?,hard,identifier,docs/wellarchitected-framework.pdf,0.0,1,0.2087124207765433,0.0
d8ef8310-e913-4150-a15a-6f904dc2f0d0,In which scenarios is the Content-Range header field used according to the text?,hard,procedure,docs/rfc9110.pdf,0.0,1,0.8346871809752323,1.0
0ca641c2-3c76-4538-82f5-c09bb9d0e990,What is a requirement when implementing retries?,hard,requirement,docs/wellarchitected-framework.pdf,1.0,1,0.47228109297211784,0.5
5a774bde-0de2-4e93-b8ec-348a09cb1e3a,What does successful domain authentication require in terms of system labels?,hard,requirement,docs/NIST.SP.800-53r5.pdf,0.0,1,1.0,1.0
bfba75de-e2f6-4264-bfad-7ed72b79fa06,What is the condition for some material in this document to be under a different license than the IETF Trust's?,hard,procedure,docs/rfc9110.pdf,0.0,1,0.8835685699114634,0.6666666666666666
0c7d2191-28c0-4fbd-bc32-91575d5ede70,What does the term 'SHOULD' indicate in the context of this text?,hard,definition,docs/rfc9110.pdf,0.0,1,0.5204098376121836,0.2
fe783737-b5bb-4cb0-9cb1-8675b62481ae,What scenario does 'on behalf of (an agency)' describe?,hard,definition,docs/NIST.SP.800-171r3.pdf,0.0,1,0.11389618644859698,0.0
2c809731-aeab-428f-ac1f-864d5aaa803a,What are the conditions for a representation to be unacceptable according to the text?,hard,requirement,docs/rfc9110.pdf,1.0,1,0.6069853881835812,0.25
e7e121c7-80cc-4ecc-8a6e-dadc418d8770,What happens when an 'https' URI is used within a context that calls for access to the indicated resource?,hard,procedure,docs/rfc9110.pdf,0.0,1,0.9299519786057403,0.6
053c0249-3125-4ea3-a8c1-49f0f045a31c,What is the requirement for message transformations as stated in RFC 9110?,hard,requirement,docs/rfc9110.pdf,0.0,1,0.05230332315450201,0.0
f14bad47-8efb-4c6a-bf4b-c0e4f844f604,What are the methods available for scaling direct connect connection bandwidth according to the text?,hard,identifier,docs/wellarchitected-framework.pdf,0.0,1,0.8851486518503705,0.6666666666666666
cdc00a66-d33a-4f8b-95aa-9bac6b456e8a,What does SDLC stand for according to the context?,hard,definition,docs/wellarchitected-framework.pdf,0.0,1,0.8914869332325492,0.0
ed7c9b2c-9590-4169-9d30-72833e57002a,"According to the text, how are ASVS requirements intended to address specific security principles?",hard,definition,docs/OWASP_Application_Security_Verification_Standard_5.0.0_en (1).pdf,1.0,1,0.9166572607665598,0.25
a4867bf3-37a1-4319-aaa3-ca2b8cd21f78,What does the control enhancement WIRELESS ACCESS | AUTHENTICATION AND ENCRYPTION require?,hard,requirement,docs/NIST.SP.800-53r5.pdf,0.0,1,0.8124274613084834,1.0
0fe798d2-1848-4830-9a6b-cefd940008cf,What tools should be used for performance profiling according to the provided text?,hard,requirement,docs/wellarchitected-framework.pdf,1.0,1,0.575144036166216,0.0
8654eaa9-8fbe-47b8-a84e-54b29b9e067d,What is an 'authorization boundary' according to OMB A-130?,hard,definition,docs/NIST.SP.800-53r5.pdf,0.0,1,0.9475956159170954,1.0
809a00d6-f0dd-4c04-822a-274f47704bd2,What is required for developer testing and evaluation according to the text?,hard,procedure,docs/NIST.SP.800-53r5.pdf,0.0,1,0.4410991047628994,0.0
4e5dca50-8f38-426c-b6bc-bc9dfed2d933,What does the text imply about the original state of the AWS Well-Architected framework?,hard,inference,docs/wellarchitected-framework.pdf,0.0,1,0.10478080707389326,0.0
bffbfb87-791f-40a3-9391-502799668470,What is the section and paragraph number for the definition of RAGAS?,hard,definition,docs/rfc9110.pdf,0.0,1,0.0,0.0
ccc988ab-ee3b-45fe-91d9-f6514879e0a8,Why is it important to log the execution of privileged functions according to the text?,hard,procedure,docs/NIST.SP.800-53r5.pdf,0.0,1,0.7219624087725077,1.0
9ca8f486-123b-43c7-982b-ffff782ad398,What might be needed if there is a requirement for managing throughput?,hard,factual,docs/NIST.SP.800-53r5.pdf,0.0,1,0.46834732463300327,0.0
99fb9231-5b87-46b1-b8ae-cff45da54b47,What does the term 'reference monitor' refer to?,hard,definition,docs/NIST.SP.800-53r5.pdf,0.0,1,0.8721929381209519,0.6
1e7cc361-c352-4d35-91bb-55f52b36c710,How are permissions managed in relation to machine identities?,hard,procedure,docs/wellarchitected-framework.pdf,0.0,1,0.610036756063875,0.0
36c2e30c-ea97-4ae8-9ff7-16955bdad572,In which context is the recommendation for setting up metrics particularly relevant?,hard,identifier,docs/wellarchitected-framework.pdf,0.0,1,0.1428261552574248,0.5
5ef5343e-139a-4da3-9695-66e0a084799a,What is the key factor in selecting the right Amazon EC2 instance for your workloads according to the given text?,hard,procedure,docs/wellarchitected-framework.pdf,0.0,1,0.7236663571015817,0.0
8263b31e-f967-4011-8947-177663313d33,What ensures the trustworthiness of a system after modification?,hard,factual,docs/NIST.SP.800-53r5.pdf,0.0,1,0.7457609443168236,0.8
23483f50-4c31-4172-8602-519c57624b95,What type of data is recommended to be quantified when implementing dependency telemetry?,hard,procedure,docs/wellarchitected-framework.pdf,0.0,1,0.6638171607095744,1.0
4224191d-2ff7-44cf-b0b9-b52d8a86dd04,What are circular dependencies mentioned in the text related to?,hard,definition,docs/wellarchitected-framework.pdf,0.0,1,0.13228329898369365,0.0
60c986f3-d59c-4aac-a8bb-d677f1f292a4,What should be considered when introducing a new HTTP status code?,hard,requirement,docs/rfc9110.pdf,0.0,1,0.5800663672709682,0.3333333333333333
6e146f60-c9f9-44a5-880e-0f47e9c72f39,What does the Content-Encoding field indicate for media types with inherent encoding?,hard,factual,docs/rfc9110.pdf,0.0,1,0.6177561950656446,0.5
7749b062-09ae-4817-ad7f-5bb2fe9f9cc4,What are some aspects that should be considered when establishing alternate communications paths?,hard,requirement,docs/NIST.SP.800-53r5.pdf,0.0,1,0.6366000242808318,0.7777777777777778
12607934-e6e2-4e9f-854e-db37b87eeffd,What potential security risk is mentioned regarding target URIs during the connection process?,hard,procedure,docs/rfc9110.pdf,0.0,1,0.7932811481278537,1.0
527b4fd4-cbfb-47ca-a6af-3f6cd1e7abb7,What is the difference between MP-2 and MP-7 according to the text?,hard,requirement,docs/NIST.SP.800-53r5.pdf,0.0,1,0.8262855098657484,1.0
a47a6574-98b8-4e90-8d90-a7d7733e8dd7,What are the two actions specified in AU-13 MONITORING FOR INFORMATION DISCLOSURE control?,hard,procedure,docs/NIST.SP.800-53r5.pdf,0.0,1,0.8788329540294261,0.3333333333333333
ce9b76f2-79f5-41bd-a4f1-83ffdcf0ce4e,What is a requirement mentioned in Section 3.2.4 of [HTTP/1.1]?,hard,requirement,docs/rfc9110.pdf,0.0,1,0.670006980906015,0.3333333333333333
3ae71d6b-0746-42a9-a69c-70d2de8d41a5,What might misdirection techniques involve?,hard,identifier,docs/NIST.SP.800-53r5.pdf,0.0,1,0.0,0.0
660d2d38-863f-48a3-9eb6-a00409cb562e,What can represent a policy within security and privacy programs?,hard,definition,docs/NIST.SP.800-53r5.pdf,0.0,1,0.8570702988698911,1.0
5dde7126-14d3-4945-840d-158e758dd59d,Which controls are related to enforcing separation of duties according to the text?,hard,identifier,docs/NIST.SP.800-53r5.pdf,0.0,1,0.7420611054592823,0.8
0890ae15-54c2-4b04-b9cf-92cdbcacc489,What is a requirement for handling the Location header in 3xx responses according to the given text?,hard,requirement,docs/rfc9110.pdf,0.0,1,0.035356153997214125,1.0
476ee252-9690-478a-8d40-a9ece3b1f1a1,What does an If-Modiﬁed-Since header ﬁeld indicate in a request?,hard,definition,docs/rfc9110.pdf,0.0,1,0.5586537058936889,0.2
1fcf3322-ec71-40ae-a1c2-453c2a758fb1,What does the provided text suggest about the continued need for an internal connection?,hard,factual,docs/NIST.SP.800-53r5.pdf,0.0,1,0.42522220758912704,0.2
909110b3-9e17-4dc9-8164-efb377a4085e,What is a less common alternative approach mentioned for disaster recovery in a single Region?,hard,identifier,docs/wellarchitected-framework.pdf,0.0,1,0.5166447339052195,0.0
b54b8e81-9f3c-49a0-a523-9e5f0f6a5c29,What condition must be met for an origin server not to include a validator field in the response to a PUT request?,hard,requirement,docs/rfc9110.pdf,1.0,1,0.8679773364184622,1.0
ef020b6f-c38a-4390-a8c8-b1a274bdc78d,What is the discussion point regarding information flow enforcement in relation to metadata and data payloads?,hard,definition,docs/NIST.SP.800-53r5.pdf,0.0,1,0.8426205673094839,1.0
4a9823a8-b783-45dc-93e9-6112fe615c89,What happens to the system when it receives invalid inputs according to the given text?,hard,procedure,docs/NIST.SP.800-53r5.pdf,0.0,1,0.6622702685650583,0.3333333333333333
5598734f-671c-4008-98dd-aee02500cd5b,What privacy ramifications could preserving identities in audit trails have?,hard,factual,docs/NIST.SP.800-53r5.pdf,0.0,1,0.1752412729559956,1.0
2d13ce02-5ca6-4905-9244-4e829e00a1e0,What are some of the responsibilities of a Data Governance Body?,hard,procedure,docs/NIST.SP.800-53r5.pdf,1.0,1,0.752313648260012,0.6
79c36752-e936-4bea-adc9-5cb6d9bb4c0d,What are the potential consequences of failing to limit processing of these protocol elements?,hard,consequence,docs/rfc9110.pdf,0.0,1,0.5390813521682769,0.5
af9b3926-8540-4867-aa83-15b7e104781a,What are the potential risks when a client ignores the server's identity?,hard,factual,docs/rfc9110.pdf,0.0,1,0.9229192829959593,1.0
f4603920-0766-4525-91e0-f16fd0304742,What characters can be used in the token syntax for authentication schemes?,hard,definition,docs/rfc9110.pdf,1.0,1,0.5367262105769172,0.0
6a799089-4246-4340-8018-b99ea74e6985,What is the purpose of baseline configurations according to NIST SP 800-171r3?,hard,definition,docs/NIST.SP.800-171r3.pdf,1.0,1,0.8068383231171895,0.7777777777777778
8e6a2d1a-d414-487a-9138-861a1ebfff22,Why does the media type registry disallow parameters named 'q'?,hard,requirement,docs/rfc9110.pdf,1.0,1,0.8253378291211453,0.4
0e3f15e1-8b95-4712-b30f-15494b99d81e,What does the control enhancement (1) require for identifying information on system components?,hard,procedure,docs/NIST.SP.800-53r5.pdf,0.0,1,0.6988672798506332,0.75
b844b9e4-e046-4d20-a56f-b7e82332374c,What is the difference between 'CONTENT_LENGTH' and 'Content-Length' in HTTP headers?,hard,definition,docs/rfc9110.pdf,0.0,1,0.7523690035389564,0.2857142857142857
23c82c4e-23bb-4ef0-be52-b5b17572eb20,What factors can influence how a hybrid control is divided into its common and system-specific parts?,hard,factual,docs/NIST.SP.800-53r5.pdf,0.0,1,0.9999999999999998,0.75
bacc9236-5ac5-48a8-9e19-3cd3fd14d48b,What is the purpose of using exponential backoff with jitter in this context?,hard,definition,docs/wellarchitected-framework.pdf,0.0,1,0.4232282920286717,0.25
f1a28312-b0a5-4f89-ac43-7d9282dcf30b,What are the components that Recovery and reconstitution operations reflect?,hard,definition,docs/NIST.SP.800-53r5.pdf,0.0,1,0.9956364456188865,0.6
62518f81-ecfc-4e22-af39-8c80483c185f,What could be the consequence of neglecting compliance requirements according to the text?,hard,definition,docs/wellarchitected-framework.pdf,1.0,1,0.4924789667450264,1.0
9a72d30d-84a5-4ee6-8c44-561b0b2e674a,Why is having an alternative way to access a central parameter store important?,hard,requirement,docs/wellarchitected-framework.pdf,0.0,1,0.15792452904146925,0.0
95e46191-b9a4-4a87-b268-0bc36da03c9b,What criteria should be defined for the activation or deactivation of an emergency lever?,hard,requirement,docs/wellarchitected-framework.pdf,0.0,1,0.8383868371169622,0.3333333333333333
96ffdb12-92f6-438b-83b7-d59206052060,What is the impact on performance when components are loosely coupled?,hard,requirement,docs/wellarchitected-framework.pdf,0.0,1,0.3163254868431007,0.2857142857142857
a129a1e9-e516-4731-a779-6abb825ab02e,How does the client determine if they could open a connection to a server's certificate host in HTTP/2 and HTTP/3?,hard,factual,docs/rfc9110.pdf,1.0,1,0.8508754993193723,0.3333333333333333
f69b2626-cd1b-4c0c-9928-ce2941718751,What are the roles defined in OAuth?,hard,identifier,docs/OWASP_Application_Security_Verification_Standard_5.0.0_en (1).pdf,0.0,1,0.7766665284961817,0.3076923076923077
ec880898-a004-418d-9072-2de5464a9d17,What are the implementation steps for analyzing workload demand?,hard,procedure,docs/wellarchitected-framework.pdf,1.0,1,0.7878827688619213,0.16666666666666666
0fe7cfe6-cea7-42be-8296-a31bddf40e86,Which HTTP headers are included in the provided text?,hard,procedure,docs/rfc9110.pdf,0.0,1,0.18477662123923,0.0
5dc52a72-3d2c-42c2-af57-4cb5e3bd1126,What are some of the hardware mechanisms used for implementing security function isolation according to the text?,hard,procedure,docs/NIST.SP.800-53r5.pdf,1.0,1,0.7079353186070123,0.42857142857142855
8809b79b-7854-4840-a9f9-84b2b7320896,What IETF review process is required for adding values to the namespace defined by 'Hypertext Transfer Protocol (HTTP) Authentication Scheme Registry'?,hard,requirement,docs/rfc9110.pdf,1.0,1,0.35258200644421034,0.0
c277468f-3610-4446-9d7e-4b7262672266,What does CUI refer to in this context?,hard,identifier,docs/NIST.SP.800-171r3.pdf,1.0,1,0.5056092752749587,0.0
39998766-f39a-48e0-9706-912ddee603b8,What is a potential consequence of selecting unrealistic recovery objectives for workloads?,hard,procedure,docs/wellarchitected-framework.pdf,0.0,1,0.8529077351434231,1.0
17aa0b79-7c1b-4b27-a843-3c351b307f2e,What is a potential benefit of using external binding for authentication?,hard,definition,docs/NIST.SP.800-53r5.pdf,0.0,1,0.4801448139039251,0.0
71916e3a-4fe3-4b6c-99d6-06acefdf4235,What is required to manage the risk of compromise due to individuals having accounts on multiple systems?,hard,requirement,docs/NIST.SP.800-53r5.pdf,0.0,1,0.6699821883805825,1.0
507d0d72-de1c-4999-84d3-4f37de3841c7,What is the role of 'senior agency information security officer'?,hard,definition,docs/NIST.SP.800-53r5.pdf,1.0,1,0.8013874959495177,0.6666666666666666
88537116-6249-4fb0-98a4-89f67b51e9ab,What does RFC 9110 specify about a client's actions regarding certain elements?,hard,identifier,docs/rfc9110.pdf,0.0,1,0.4339548149698377,0.25
801db6aa-b93e-47b8-88f9-f4afd6e95a16,What benefits do the adopted approaches bring according to the text?,hard,factual,docs/wellarchitected-framework.pdf,0.0,1,0.5123977367036034,0.0
808c4159-7d8a-4106-9b95-1e517a33859a,Under what circumstances does a server send a Content-Length header field in a response to a HEAD request?,hard,factual,docs/rfc9110.pdf,1.0,1,0.869347138147144,0.0
6b4cd3bb-6223-4fe9-9401-841ece7fa074,What approach is recommended for managing priorities over the long term?,hard,procedure,docs/wellarchitected-framework.pdf,0.0,1,0.8052045693101346,0.8
c8fcd449-b62e-4c60-b04e-5a06cb906666,What are some common anti-patterns in implementing security controls according to AWS Well-Architected Framework?,hard,identifier,docs/wellarchitected-framework.pdf,0.0,1,0.3917669709364925,0.0
79964c5a-ca4b-4792-836f-82981604c6dd,What is the function of DNSSEC in network security?,hard,definition,docs/NIST.SP.800-53r5.pdf,0.0,1,0.8514371294219353,0.75
c556d74b-c8f8-485c-8774-f20715304c1e,What are the advantages of using a combination of Application Load Balancer and Network Load Balancer?,hard,requirement,docs/wellarchitected-framework.pdf,0.0,1,0.2629940411546337,0.0
e1e11ebf-e0ad-4a08-977c-940262b71112,How should individual identifiers be uniquely identified according to the text?,hard,procedure,docs/NIST.SP.800-53r5.pdf,0.0,1,0.8387860893766558,1.0
c32b8a17-036a-47d1-a62d-4de76fe7ec81,What is the purpose of SR-08 Notification Agreements as stated in the text?,hard,requirement,docs/NIST.SP.800-171r3.pdf,0.0,1,0.6964621882431489,0.0
8960961b-f366-426b-96f3-0be45fedd40a,"What is the purpose of combining assignment, selection operations, and refinement actions?",hard,procedure,docs/NIST.SP.800-53r5.pdf,0.0,1,0.7364047046665277,0.14285714285714285
c521054a-b233-4f48-b047-a2d29913fb04,What should be included in a code review checklist or guidelines according to the AWS Well-Architected Framework?,hard,identifier,docs/wellarchitected-framework.pdf,0.0,1,0.6464713116022786,0.0
608f6f72-59bf-4636-865d-4cd4c0014a25,What aspect does trustworthiness ensure in an information system according to the provided text?,hard,definition,docs/NIST.SP.800-53r5.pdf,0.0,1,0.8599146082654622,0.0
507bc3a0-ec1c-421e-bd08-14d5a3d20561,What should an application ensure when using different parsers for the same data type?,hard,requirement,docs/OWASP_Application_Security_Verification_Standard_5.0.0_en (1).pdf,0.0,1,0.6481714665356008,0.6
d61d6971-3ddf-4624-bd8f-f0c4d4c27d5b,What special implication does including a Content-Location field have in HTTP messages?,hard,procedure,docs/rfc9110.pdf,0.0,1,0.5979419509379599,0.0
798c82b0-1570-4079-b7d9-d6d282281c55,"What is the relationship between media protection policies, procedures, and risk management strategy?",hard,requirement,docs/NIST.SP.800-53r5.pdf,0.0,1,0.6021487491539261,0.3333333333333333
8739faaf-25a8-4187-9dd3-48f42f1a026b,What is the purpose of defining out-of-band authentication conditions?,hard,procedure,docs/NIST.SP.800-53r5.pdf,0.0,1,0.7406093542356567,0.0
f4321e68-25a9-4a9c-bbbe-a472fff115e4,Where does enforcement occur in information flow control policies?,hard,procedure,docs/NIST.SP.800-171r3.pdf,1.0,1,0.8258912215755011,0.5
41f549a5-dd8c-4eed-a22b-c4b3f7c9ed30,What is a common anti-pattern in infrastructure management?,hard,identifier,docs/wellarchitected-framework.pdf,0.0,1,0.1805931847813493,0.0
8c3d0b3c-84cd-4366-bab8-7a83cb2b9fba,What must be ensured with the defaults used in container or machine images?,hard,requirement,docs/wellarchitected-framework.pdf,0.0,1,0.5208087240334872,0.0
bb6526ad-0fe4-499a-b2c9-d89f2878321d,What considerations are organizations required to make during the categorization process?,hard,requirement,docs/NIST.SP.800-53r5.pdf,1.0,1,0.6874025589626949,0.4
1c2374e2-2a1b-41c4-a8db-3ddc83be814e,What methods are used to review and protect development plans?,hard,factual,docs/NIST.SP.800-171r3.pdf,0.0,1,0.7757166990475164,0.0
265be232-afff-4888-b2ff-9d2aea62bc52,What are the first three steps mentioned for implementing Cloud Financial Management according to the text?,hard,procedure,docs/wellarchitected-framework.pdf,0.0,1,0.6676412543917011,0.0
5d8fdca6-d06b-433d-9a66-730dfcba7c10,What does proactive negotiation include in terms of unique user information?,hard,identifier,docs/rfc9110.pdf,1.0,1,0.6381489185905976,0.0
430afd80-d69a-44c5-9161-776a475d7b3f,What are some risks associated with relying on dashboards without alerts for anomaly detection?,hard,requirement,docs/wellarchitected-framework.pdf,0.0,1,0.0,1.0
01acfb86-a1d8-4d0e-aadb-51f84cb0151f,What kind of activities are recommended for automation?,hard,requirement,docs/wellarchitected-framework.pdf,0.0,1,0.8191490281206975,1.0
474bfa5f-7863-466f-8052-a9e8e64be52c,What does 'total available RI hours' refer to?,hard,identifier,docs/wellarchitected-framework.pdf,0.0,1,0.0,0.0
982879e5-a22e-43a4-b6be-1068ae9c2967,What elements should be considered for organization-defined required separations by types of information?,hard,requirement,docs/NIST.SP.800-53r5.pdf,0.0,1,0.49565990704723334,0.0
01afcc3f-bf0a-4b15-9824-634c2f068a3c,What is true about trust relationships for some types of external systems?,hard,factual,docs/NIST.SP.800-53r5.pdf,0.0,1,0.7636097955990558,0.0
8898c5a8-7dc1-4915-96fe-d83c5f2677ba,What are some uses of gateways in a network setup?,hard,procedure,docs/rfc9110.pdf,0.0,1,0.9399310568913893,0.7142857142857143
86ea931f-4628-4760-8ba2-8607c9f84fc1,What are the shared features among HTTP protocols mentioned in the text?,hard,definition,docs/rfc9110.pdf,0.0,1,0.7009852175356354,0.4
6099e66f-5676-428c-b3b0-9ef12d9481f7,What action should be taken when there is an impairment to a workload according to REL07-BP02?,hard,procedure,docs/wellarchitected-framework.pdf,0.0,1,0.11171640281163633,0.0
37a3f5af-1581-4e5e-86ab-a8742515ae61,What are two common anti-patterns mentioned in the text?,hard,definition,docs/wellarchitected-framework.pdf,1.0,1,0.5887950129095211,0.0
b25db844-a4cb-4681-8a8e-bf112aef0522,What do the transfer of responsibilities relate to in this context?,hard,procedure,docs/NIST.SP.800-53r5.pdf,0.0,1,0.187648530467688,0.0
f54b0a93-9377-4081-81f2-9ca56c385de0,What does the term 'unauthorized modification' refer to in this context?,hard,definition,docs/NIST.SP.800-53r5.pdf,0.0,1,0.5896400614109157,0.0
1c84c4f9-d797-4662-8005-b2eb07164c1b,What does the CM-8 SYSTEM COMPONENT INVENTORY Control require in an inventory of system components?,hard,procedure,docs/NIST.SP.800-53r5.pdf,1.0,1,0.6452195804336317,0.6
26a240cc-0448-4586-8a6e-3accb2b1c607,What cryptographic mechanisms are used for detecting unauthorized changes according to the text?,hard,definition,docs/NIST.SP.800-53r5.pdf,1.0,1,0.771116703748601,0.2
356d46b8-cd27-4b42-9ac7-cb8b9e14f33e,What can be an outcome when translating security policies in a stand-alone system to a distributed one?,hard,definition,docs/NIST.SP.800-53r5.pdf,0.0,1,0.7832523538501812,0.3333333333333333
032e564f-6b5d-477b-9fb7-ab6a78583e6c,What do organizations establish for different types of media transport?,hard,requirement,docs/NIST.SP.800-53r5.pdf,0.0,1,0.9784209634592215,0.5
f0572697-0efb-4ae2-a9f6-6d75e96c261d,What control enhancement is described in the text and what does it involve?,hard,procedure,docs/NIST.SP.800-53r5.pdf,1.0,1,0.26296126282935994,0.0
990346ec-cda2-4817-b224-f5f987c65ac5,What characteristics define a mobile device according to the provided text?,hard,definition,docs/NIST.SP.800-53r5.pdf,0.0,1,0.8570090578137844,0.6666666666666666
dbd6f789-1e4f-4c84-b550-41740b5dd15a,What are the features of AWS Global Infrastructure?,hard,factual,docs/wellarchitected-framework.pdf,0.0,1,0.7111375447084313,0.0
717c84cd-6773-41b0-8d96-39313818897a,What does the CM-9 control require regarding a configuration management plan?,hard,requirement,docs/NIST.SP.800-53r5.pdf,0.0,1,0.7678517846939611,0.625
a59aac82-c711-4356-af2f-1dcb0d48ab09,What does OPSEC refer to in this context?,hard,identifier,docs/NIST.SP.800-53r5.pdf,0.0,1,0.6805778336995412,1.0
bcda5f87-0c65-4eb2-b669-9d6f9c546398,What are the requirements for verifying an inventory according to V16.1.1?,hard,requirement,docs/OWASP_Application_Security_Verification_Standard_5.0.0_en (1).pdf,1.0,1,0.5936929379138594,0.0
80600e82-159b-447a-b7f6-bfca8540b6fa,What are the potential consequences of using a GET request for content transfer?,hard,factual,docs/rfc9110.pdf,1.0,1,0.7793497809064944,0.42857142857142855
ae750b63-f88a-47a0-bb6f-85f5b592b394,What are security and privacy attributes according to the given text?,hard,definition,docs/NIST.SP.800-53r5.pdf,0.0,1,0.9437389588210037,0.16666666666666666
8c580224-d1da-4723-8e56-c0e2171f5876,What are some common anti-patterns in sign-in practices according to the text?,hard,factual,docs/wellarchitected-framework.pdf,0.0,1,0.0,0.0
caa40ac7-e906-4056-993f-b0f78c9f1870,What is an example of a riskier approach some clients might take when attempting automatic retries?,hard,definition,docs/rfc9110.pdf,0.0,1,0.9996669083399987,1.0
c4dc6374-b454-456c-a9f6-33c91005f8ab,What design option for separation of privilege might require simultaneous actions?,hard,procedure,docs/NIST.SP.800-53r5.pdf,0.0,1,0.8309111636591806,1.0
de144a4d-932d-4071-8a77-2bb1393be40e,What does the term 'federal mandates' refer to in this context?,hard,definition,docs/NIST.SP.800-53r5.pdf,0.0,1,0.37028140375049634,0.2222222222222222
4aec3bca-1c1b-4dc4-a6f8-c1c597cd7953,What is the purpose of trusted distribution according to the given text?,hard,definition,docs/NIST.SP.800-53r5.pdf,0.0,1,0.1425817413895421,0.0
3c15df79-c0b9-43be-88be-5b152df50096,What SHOULD NOT be a Content-Range value according to the text?,hard,requirement,docs/rfc9110.pdf,0.0,1,0.650002166179421,0.5
c3028d1d-4fdc-413b-a8d2-fae2bf9a5671,What is the basis for utilizing ChaCha20 stream in Random Values?,hard,definition,docs/OWASP_Application_Security_Verification_Standard_5.0.0_en (1).pdf,1.0,1,0.496565463002783,0.3333333333333333
489d2362-8bb6-4fe1-9f29-2c44ad82976e,What is advised for mitigating risks associated with such mappings?,hard,requirement,docs/rfc9110.pdf,0.0,1,0.16293893560631603,0.0
b9286b33-43ab-4f9e-b5b8-ab43053bca31,What might happen at worst if all participants do not behave nicely according to the validators defined in this specification?,hard,factual,docs/rfc9110.pdf,0.0,1,0.23974606254945424,0.0
c67154c0-7578-4a9a-964d-3e2fd6a75a5f,What is an example of a technology that can support both reads and writes with frequent access patterns?,hard,identifier,docs/wellarchitected-framework.pdf,0.0,1,0.4389279130763956,0.0
e6f6e7a0-8060-4b68-8183-40d04f6bb95f,What capability does the text mention regarding systems containing resources from different security domains?,hard,definition,docs/NIST.SP.800-53r5.pdf,0.0,1,0.16127813083154965,0.0
12c1b04f-dc29-40c7-bf46-133ebd6e4d5c,How can the rules for applying changes be ensured according to the text?,hard,procedure,docs/wellarchitected-framework.pdf,1.0,1,0.4126759010116885,0.1
132f01fb-a9ff-4aec-b757-ee1e3dca7ce7,What must the designers adhere to in order for the system implementation to be acceptable to stakeholders?,hard,requirement,docs/NIST.SP.800-53r5.pdf,0.0,1,0.6346446231433208,0.0
06057da4-6076-4e7b-a18d-bc45b08f523e,What are some common anti-patterns mentioned?,hard,procedure,docs/wellarchitected-framework.pdf,1.0,1,0.5236779241997309,0.21739130434782608
860821e9-65b5-4c75-9697-ee3cbbf742c5,What are the considerations for resource sparing or resource static stability?,hard,requirement,docs/wellarchitected-framework.pdf,0.0,1,0.0,0.0
26b308ae-0ab0-4c14-b2bf-ebb1a4738f11,What are the steps to implement cost awareness according to the text?,hard,procedure,docs/wellarchitected-framework.pdf,0.0,1,0.7206170236582523,0.3076923076923077
6309e1ea-f96e-4ff8-9ea0-ddbed7ccf8f1,What might influence which representation of information is chosen during content negotiation?,hard,procedure,docs/rfc9110.pdf,0.0,1,0.4720768124571314,0.375
e35096a9-147f-46b9-8c2a-c6a7bd22836e,What is a potential benefit of following the best practice described in the text?,hard,factual,docs/wellarchitected-framework.pdf,0.0,1,0.4224357609862346,0.0
c709cbf4-0231-4181-94f1-2dc3d45484d9,What is the AWS Shared Responsibility Model's role in vulnerability management?,hard,definition,docs/wellarchitected-framework.pdf,0.0,1,0.8264355838566958,1.0
07a57854-82b5-4d38-b187-55c96eb669ef,What is an anti-pattern related to using SCPs in AWS Organizations?,hard,factual,docs/wellarchitected-framework.pdf,0.0,1,0.5186592954778642,0.0
ff6f4d9d-72e3-43b7-a069-719cde846b19,What are the steps involved in migrating a workload to a new AWS Region according to the provided text?,hard,procedure,docs/wellarchitected-framework.pdf,1.0,1,0.7681559474002753,0.125
fb50870b-347e-4d6c-b356-634b00e2dd70,What is the purpose of Upgrade Token Registry mentioned in the text?,hard,requirement,docs/rfc9110.pdf,0.0,1,0.0,0.3333333333333333
f838bf7c-bc4a-4fb4-80cb-650be13665d2,What does the term 'id_token_hint' refer to in the context of logout requests?,hard,identifier,docs/OWASP_Application_Security_Verification_Standard_5.0.0_en (1).pdf,0.0,1,0.7713298852187247,0.5
cf618347-dfeb-4c51-bd1c-267e84077657,What can the analysis of behaviors in a deception environment provide?,hard,definition,docs/NIST.SP.800-53r5.pdf,0.0,1,0.9205660402133246,1.0
679e4ec8-6201-40de-9f8f-c88adb4d66d3,What is a difference between hardware-enforced and software-enforced separation and policy enforcement?,hard,requirement,docs/NIST.SP.800-53r5.pdf,0.0,1,0.9379211109441864,0.6666666666666666
3d9858be-7397-459b-bbb6-3268c654b948,What should be considered before implementing retries at multiple layers of the application stack?,hard,procedure,docs/wellarchitected-framework.pdf,0.0,1,0.8432438764728991,0.5
00cdc2ed-46dd-48b3-9a89-b485b17ce2af,What is the purpose of reserving the 418 status code?,hard,procedure,docs/rfc9110.pdf,1.0,1,0.5035719982497774,0.0
e9820fed-645d-4348-a197-8844f3c361d2,What are the requirements for evaluating RAGAS or SelfCheckGPT according to the given text?,hard,requirement,docs/wellarchitected-framework.pdf,0.0,1,0.0,0.0
,,,,,,1,0.6017878299143135,0.1111111111111111
